State 0:
          input ::= * cmdlist
          cmdlist ::= * cmdlist ecmd
          cmdlist ::= * ecmd
          ecmd ::= * SEMI
          ecmd ::= * cmdx SEMI
          ecmd ::= * explain cmdx SEMI
          explain ::= * EXPLAIN
          explain ::= * EXPLAIN QUERY PLAN
          cmdx ::= * cmd
          cmd ::= * BEGIN transtype trans_opt
          cmd ::= * COMMIT|END trans_opt
          cmd ::= * ROLLBACK trans_opt
          cmd ::= * SAVEPOINT nm
          cmd ::= * RELEASE savepoint_opt nm
          cmd ::= * ROLLBACK trans_opt TO savepoint_opt nm
          cmd ::= * create_table create_table_args
          create_table ::= * createkw temp TABLE ifnotexists nm dbnm
          createkw ::= * CREATE
          cmd ::= * DROP TABLE ifexists fullname
          cmd ::= * createkw temp VIEW ifnotexists nm dbnm eidlist_opt AS select
          cmd ::= * DROP VIEW ifexists fullname
          cmd ::= * select
          select ::= * WITH wqlist selectnowith
          select ::= * WITH RECURSIVE wqlist selectnowith
          select ::= * selectnowith
          selectnowith ::= * oneselect
          selectnowith ::= * selectnowith multiselect_op oneselect
          oneselect ::= * SELECT distinct selcollist from where_opt groupby_opt having_opt orderby_opt limit_opt
          oneselect ::= * SELECT distinct selcollist from where_opt groupby_opt having_opt window_clause orderby_opt limit_opt
          oneselect ::= * values
          values ::= * VALUES LP nexprlist RP
          oneselect ::= * mvalues
          mvalues ::= * values COMMA LP nexprlist RP
          mvalues ::= * mvalues COMMA LP nexprlist RP
          cmd ::= * with DELETE FROM xfullname indexed_opt where_opt_ret
          cmd ::= * with UPDATE orconf xfullname indexed_opt SET setlist from where_opt_ret
          cmd ::= * with insert_cmd INTO xfullname idlist_opt select upsert
          cmd ::= * insert_cmd INTO xfullname idlist_opt VALUES LP exprlist RP SEMI
          insert_cmd ::= * INSERT orconf
          insert_cmd ::= * REPLACE
          cmd ::= * createkw uniqueflag INDEX ifnotexists nm dbnm ON nm LP sortlist RP where_opt
          cmd ::= * DROP INDEX ifexists fullname
          cmd ::= * VACUUM vinto
          cmd ::= * VACUUM nm vinto
          cmd ::= * PRAGMA nm dbnm
          cmd ::= * PRAGMA nm dbnm EQ nmnum
          cmd ::= * PRAGMA nm dbnm LP nmnum RP
          cmd ::= * PRAGMA nm dbnm EQ minus_num
          cmd ::= * PRAGMA nm dbnm LP minus_num RP
          cmd ::= * createkw trigger_decl BEGIN trigger_cmd_list END
          cmd ::= * DROP TRIGGER ifexists fullname
          cmd ::= * ATTACH database_kw_opt expr AS expr key_opt
          cmd ::= * DETACH database_kw_opt expr
          cmd ::= * REINDEX
          cmd ::= * REINDEX nm dbnm
          cmd ::= * ANALYZE
          cmd ::= * ANALYZE nm dbnm
          cmd ::= * ALTER TABLE fullname RENAME TO nm
          cmd ::= * ALTER TABLE add_column_fullname ADD kwcolumn_opt columnname carglist
          cmd ::= * ALTER TABLE fullname DROP kwcolumn_opt nm
          cmd ::= * ALTER TABLE fullname RENAME kwcolumn_opt nm TO nm
          cmd ::= * create_vtab
          cmd ::= * create_vtab LP vtabarglist RP
          create_vtab ::= * createkw VIRTUAL TABLE ifnotexists nm dbnm USING nm
    (406) with ::= *
          with ::= * WITH wqlist
          with ::= * WITH RECURSIVE wqlist

                          SEMI shift-reduce 347    ecmd ::= SEMI
                       EXPLAIN shift        456    
                         BEGIN shift        294    
                        COMMIT shift        398    
                           END shift        398    
                      ROLLBACK shift        397    
                     SAVEPOINT shift        279    
                       RELEASE shift        395    
                        CREATE shift-reduce 14     createkw ::= CREATE
                       ANALYZE shift        241    
                        ATTACH shift        329    
                        DETACH shift        328    
                        PRAGMA shift        243    
                       REPLACE shift-reduce 174    insert_cmd ::= REPLACE
                       REPLACE reduce       406     ** Parsing conflict **
                        VACUUM shift        176    
                          WITH shift        44     
                       REINDEX shift        242    
                        INSERT shift        346    
                        INSERT reduce       406     ** Parsing conflict **
                          DROP shift        416    
                        SELECT shift        322    
                        VALUES shift        573    
                         ALTER shift        460    
                         input accept
                       cmdlist shift        1      
                          ecmd shift        1        /* because ecmd==cmdlist */
                          cmdx shift        588    
                       explain shift        2      
                           cmd shift-reduce 2      cmdx ::= cmd
                  create_table shift        323    
                      createkw shift        156    
                        select shift-reduce 84     cmd ::= select
                  selectnowith shift        290    
                     oneselect shift        290      /* because oneselect==selectnowith */
                        values shift        579    
                       mvalues shift        568    
                          with shift        247    
                    insert_cmd shift        467    
                   create_vtab shift        457    
                     {default} reduce       406    with ::=

State 1:
    (344) input ::= cmdlist *
          cmdlist ::= cmdlist * ecmd
          ecmd ::= * SEMI
          ecmd ::= * cmdx SEMI
          ecmd ::= * explain cmdx SEMI
          explain ::= * EXPLAIN
          explain ::= * EXPLAIN QUERY PLAN
          cmdx ::= * cmd
          cmd ::= * BEGIN transtype trans_opt
          cmd ::= * COMMIT|END trans_opt
          cmd ::= * ROLLBACK trans_opt
          cmd ::= * SAVEPOINT nm
          cmd ::= * RELEASE savepoint_opt nm
          cmd ::= * ROLLBACK trans_opt TO savepoint_opt nm
          cmd ::= * create_table create_table_args
          create_table ::= * createkw temp TABLE ifnotexists nm dbnm
          createkw ::= * CREATE
          cmd ::= * DROP TABLE ifexists fullname
          cmd ::= * createkw temp VIEW ifnotexists nm dbnm eidlist_opt AS select
          cmd ::= * DROP VIEW ifexists fullname
          cmd ::= * select
          select ::= * WITH wqlist selectnowith
          select ::= * WITH RECURSIVE wqlist selectnowith
          select ::= * selectnowith
          selectnowith ::= * oneselect
          selectnowith ::= * selectnowith multiselect_op oneselect
          oneselect ::= * SELECT distinct selcollist from where_opt groupby_opt having_opt orderby_opt limit_opt
          oneselect ::= * SELECT distinct selcollist from where_opt groupby_opt having_opt window_clause orderby_opt limit_opt
          oneselect ::= * values
          values ::= * VALUES LP nexprlist RP
          oneselect ::= * mvalues
          mvalues ::= * values COMMA LP nexprlist RP
          mvalues ::= * mvalues COMMA LP nexprlist RP
          cmd ::= * with DELETE FROM xfullname indexed_opt where_opt_ret
          cmd ::= * with UPDATE orconf xfullname indexed_opt SET setlist from where_opt_ret
          cmd ::= * with insert_cmd INTO xfullname idlist_opt select upsert
          cmd ::= * insert_cmd INTO xfullname idlist_opt VALUES LP exprlist RP SEMI
          insert_cmd ::= * INSERT orconf
          insert_cmd ::= * REPLACE
          cmd ::= * createkw uniqueflag INDEX ifnotexists nm dbnm ON nm LP sortlist RP where_opt
          cmd ::= * DROP INDEX ifexists fullname
          cmd ::= * VACUUM vinto
          cmd ::= * VACUUM nm vinto
          cmd ::= * PRAGMA nm dbnm
          cmd ::= * PRAGMA nm dbnm EQ nmnum
          cmd ::= * PRAGMA nm dbnm LP nmnum RP
          cmd ::= * PRAGMA nm dbnm EQ minus_num
          cmd ::= * PRAGMA nm dbnm LP minus_num RP
          cmd ::= * createkw trigger_decl BEGIN trigger_cmd_list END
          cmd ::= * DROP TRIGGER ifexists fullname
          cmd ::= * ATTACH database_kw_opt expr AS expr key_opt
          cmd ::= * DETACH database_kw_opt expr
          cmd ::= * REINDEX
          cmd ::= * REINDEX nm dbnm
          cmd ::= * ANALYZE
          cmd ::= * ANALYZE nm dbnm
          cmd ::= * ALTER TABLE fullname RENAME TO nm
          cmd ::= * ALTER TABLE add_column_fullname ADD kwcolumn_opt columnname carglist
          cmd ::= * ALTER TABLE fullname DROP kwcolumn_opt nm
          cmd ::= * ALTER TABLE fullname RENAME kwcolumn_opt nm TO nm
          cmd ::= * create_vtab
          cmd ::= * create_vtab LP vtabarglist RP
          create_vtab ::= * createkw VIRTUAL TABLE ifnotexists nm dbnm USING nm
    (406) with ::= *
          with ::= * WITH wqlist
          with ::= * WITH RECURSIVE wqlist

                             $ reduce       344    input ::= cmdlist
                          SEMI shift-reduce 347    ecmd ::= SEMI
                       EXPLAIN shift        456    
                         BEGIN shift        294    
                        COMMIT shift        398    
                           END shift        398    
                      ROLLBACK shift        397    
                     SAVEPOINT shift        279    
                       RELEASE shift        395    
                        CREATE shift-reduce 14     createkw ::= CREATE
                       ANALYZE shift        241    
                        ATTACH shift        329    
                        DETACH shift        328    
                        PRAGMA shift        243    
                       REPLACE shift-reduce 174    insert_cmd ::= REPLACE
                       REPLACE reduce       406     ** Parsing conflict **
                        VACUUM shift        176    
                          WITH shift        44     
                       REINDEX shift        242    
                        INSERT shift        346    
                        INSERT reduce       406     ** Parsing conflict **
                          DROP shift        416    
                        SELECT shift        322    
                        VALUES shift        573    
                         ALTER shift        460    
                          ecmd shift-reduce 345    cmdlist ::= cmdlist ecmd
                          cmdx shift        588    
                       explain shift        2      
                           cmd shift-reduce 2      cmdx ::= cmd
                  create_table shift        323    
                      createkw shift        156    
                        select shift-reduce 84     cmd ::= select
                  selectnowith shift        290    
                     oneselect shift        290      /* because oneselect==selectnowith */
                        values shift        579    
                       mvalues shift        568    
                          with shift        247    
                    insert_cmd shift        467    
                   create_vtab shift        457    
                     {default} reduce       406    with ::=

State 2:
          ecmd ::= explain * cmdx SEMI
          cmdx ::= * cmd
          cmd ::= * BEGIN transtype trans_opt
          cmd ::= * COMMIT|END trans_opt
          cmd ::= * ROLLBACK trans_opt
          cmd ::= * SAVEPOINT nm
          cmd ::= * RELEASE savepoint_opt nm
          cmd ::= * ROLLBACK trans_opt TO savepoint_opt nm
          cmd ::= * create_table create_table_args
          create_table ::= * createkw temp TABLE ifnotexists nm dbnm
          createkw ::= * CREATE
          cmd ::= * DROP TABLE ifexists fullname
          cmd ::= * createkw temp VIEW ifnotexists nm dbnm eidlist_opt AS select
          cmd ::= * DROP VIEW ifexists fullname
          cmd ::= * select
          select ::= * WITH wqlist selectnowith
          select ::= * WITH RECURSIVE wqlist selectnowith
          select ::= * selectnowith
          selectnowith ::= * oneselect
          selectnowith ::= * selectnowith multiselect_op oneselect
          oneselect ::= * SELECT distinct selcollist from where_opt groupby_opt having_opt orderby_opt limit_opt
          oneselect ::= * SELECT distinct selcollist from where_opt groupby_opt having_opt window_clause orderby_opt limit_opt
          oneselect ::= * values
          values ::= * VALUES LP nexprlist RP
          oneselect ::= * mvalues
          mvalues ::= * values COMMA LP nexprlist RP
          mvalues ::= * mvalues COMMA LP nexprlist RP
          cmd ::= * with DELETE FROM xfullname indexed_opt where_opt_ret
          cmd ::= * with UPDATE orconf xfullname indexed_opt SET setlist from where_opt_ret
          cmd ::= * with insert_cmd INTO xfullname idlist_opt select upsert
          cmd ::= * insert_cmd INTO xfullname idlist_opt VALUES LP exprlist RP SEMI
          insert_cmd ::= * INSERT orconf
          insert_cmd ::= * REPLACE
          cmd ::= * createkw uniqueflag INDEX ifnotexists nm dbnm ON nm LP sortlist RP where_opt
          cmd ::= * DROP INDEX ifexists fullname
          cmd ::= * VACUUM vinto
          cmd ::= * VACUUM nm vinto
          cmd ::= * PRAGMA nm dbnm
          cmd ::= * PRAGMA nm dbnm EQ nmnum
          cmd ::= * PRAGMA nm dbnm LP nmnum RP
          cmd ::= * PRAGMA nm dbnm EQ minus_num
          cmd ::= * PRAGMA nm dbnm LP minus_num RP
          cmd ::= * createkw trigger_decl BEGIN trigger_cmd_list END
          cmd ::= * DROP TRIGGER ifexists fullname
          cmd ::= * ATTACH database_kw_opt expr AS expr key_opt
          cmd ::= * DETACH database_kw_opt expr
          cmd ::= * REINDEX
          cmd ::= * REINDEX nm dbnm
          cmd ::= * ANALYZE
          cmd ::= * ANALYZE nm dbnm
          cmd ::= * ALTER TABLE fullname RENAME TO nm
          cmd ::= * ALTER TABLE add_column_fullname ADD kwcolumn_opt columnname carglist
          cmd ::= * ALTER TABLE fullname DROP kwcolumn_opt nm
          cmd ::= * ALTER TABLE fullname RENAME kwcolumn_opt nm TO nm
          cmd ::= * create_vtab
          cmd ::= * create_vtab LP vtabarglist RP
          create_vtab ::= * createkw VIRTUAL TABLE ifnotexists nm dbnm USING nm
    (406) with ::= *
          with ::= * WITH wqlist
          with ::= * WITH RECURSIVE wqlist

                         BEGIN shift        294    
                        COMMIT shift        398    
                           END shift        398    
                      ROLLBACK shift        397    
                     SAVEPOINT shift        279    
                       RELEASE shift        395    
                        CREATE shift-reduce 14     createkw ::= CREATE
                       ANALYZE shift        241    
                        ATTACH shift        329    
                        DETACH shift        328    
                        PRAGMA shift        243    
                       REPLACE shift-reduce 174    insert_cmd ::= REPLACE
                       REPLACE reduce       406     ** Parsing conflict **
                        VACUUM shift        176    
                          WITH shift        44     
                       REINDEX shift        242    
                        INSERT shift        346    
                        INSERT reduce       406     ** Parsing conflict **
                          DROP shift        416    
                        SELECT shift        322    
                        VALUES shift        573    
                         ALTER shift        460    
                          cmdx shift        587    
                           cmd shift-reduce 2      cmdx ::= cmd
                  create_table shift        323    
                      createkw shift        156    
                        select shift-reduce 84     cmd ::= select
                  selectnowith shift        290    
                     oneselect shift        290      /* because oneselect==selectnowith */
                        values shift        579    
                       mvalues shift        568    
                          with shift        247    
                    insert_cmd shift        467    
                   create_vtab shift        457    
                     {default} reduce       406    with ::=

State 3:
          nm ::= * ID|INDEXED|JOIN_KW
          nm ::= * STRING
          select ::= * WITH wqlist selectnowith
          select ::= * WITH RECURSIVE wqlist selectnowith
          select ::= * selectnowith
          selectnowith ::= * oneselect
          selectnowith ::= * selectnowith multiselect_op oneselect
          oneselect ::= * SELECT distinct selcollist from where_opt groupby_opt having_opt orderby_opt limit_opt
          oneselect ::= * SELECT distinct selcollist from where_opt groupby_opt having_opt window_clause orderby_opt limit_opt
          oneselect ::= * values
          values ::= * VALUES LP nexprlist RP
          oneselect ::= * mvalues
          mvalues ::= * values COMMA LP nexprlist RP
          mvalues ::= * mvalues COMMA LP nexprlist RP
          expr ::= * term
          expr ::= * LP expr RP
          expr ::= * ID|INDEXED|JOIN_KW
          expr ::= * nm DOT nm
          expr ::= * nm DOT nm DOT nm
          term ::= * NULL|FLOAT|BLOB
          term ::= * STRING
          term ::= * INTEGER
          expr ::= * VARIABLE
          expr ::= * expr COLLATE ID|STRING
          expr ::= * CAST LP expr AS typetoken RP
          expr ::= * ID|INDEXED|JOIN_KW LP distinct exprlist RP
          expr ::= * ID|INDEXED|JOIN_KW LP distinct exprlist ORDER BY sortlist RP
          expr ::= * ID|INDEXED|JOIN_KW LP STAR RP
          expr ::= * ID|INDEXED|JOIN_KW LP distinct exprlist RP filter_over
          expr ::= * ID|INDEXED|JOIN_KW LP distinct exprlist ORDER BY sortlist RP filter_over
          expr ::= * ID|INDEXED|JOIN_KW LP STAR RP filter_over
          term ::= * CTIME_KW
          expr ::= * LP nexprlist COMMA expr RP
          expr ::= * expr AND expr
          expr ::= * expr OR expr
          expr ::= * expr LT|GT|GE|LE expr
          expr ::= * expr EQ|NE expr
          expr ::= * expr BITAND|BITOR|LSHIFT|RSHIFT expr
          expr ::= * expr PLUS|MINUS expr
          expr ::= * expr STAR|SLASH|REM expr
          expr ::= * expr CONCAT expr
          expr ::= * expr likeop expr
          expr ::= * expr likeop expr ESCAPE expr
          expr ::= * expr ISNULL|NOTNULL
          expr ::= * expr NOT NULL
          expr ::= * expr IS expr
          expr ::= * expr IS NOT expr
          expr ::= * expr IS NOT DISTINCT FROM expr
          expr ::= * expr IS DISTINCT FROM expr
          expr ::= * NOT expr
          expr ::= * BITNOT expr
          expr ::= * PLUS|MINUS expr
          expr ::= * expr PTR expr
          expr ::= * expr between_op expr AND expr
          expr ::= * expr in_op LP exprlist RP
          expr ::= expr in_op LP * exprlist RP
          expr ::= * LP select RP
          expr ::= * expr in_op LP select RP
          expr ::= expr in_op LP * select RP
          expr ::= * expr in_op nm dbnm paren_exprlist
          expr ::= * EXISTS LP select RP
          expr ::= * CASE case_operand case_exprlist case_else END
          exprlist ::= * nexprlist
    (234) exprlist ::= *
          nexprlist ::= * nexprlist COMMA expr
          nexprlist ::= * expr
          expr ::= * RAISE LP IGNORE RP
          expr ::= * RAISE LP raisetype COMMA expr RP
          term ::= * QNUMBER

                           NOT shift        124    
                        EXISTS shift        574    
                            LP shift        4      
                          CAST shift        577    
                            ID shift        454    
                         RAISE shift        571    
                          WITH shift        45     
                      CTIME_KW shift-reduce 195    term ::= CTIME_KW
                          PLUS shift        122    
                         MINUS shift        122    
                        BITNOT shift        123    
                       INDEXED shift        454    
                        STRING shift        583    
                       JOIN_KW shift        454    
                          NULL shift-reduce 183    term ::= NULL|FLOAT|BLOB
                        SELECT shift        322    
                        VALUES shift        573    
                         FLOAT shift-reduce 183    term ::= NULL|FLOAT|BLOB
                          BLOB shift-reduce 183    term ::= NULL|FLOAT|BLOB
                       INTEGER shift-reduce 185    term ::= INTEGER
                      VARIABLE shift-reduce 186    expr ::= VARIABLE
                          CASE shift        36     
                       QNUMBER shift-reduce 343    term ::= QNUMBER
                            nm shift        582    
                        select shift        564    
                          term shift        83       /* because term==expr */
                          expr shift        83     
                  selectnowith shift        290    
                     oneselect shift        290      /* because oneselect==selectnowith */
                        values shift        579    
                     nexprlist shift        563    
                       mvalues shift        568    
                      exprlist shift        565    
                     {default} reduce       234    exprlist ::=

State 4:
          nm ::= * ID|INDEXED|JOIN_KW
          nm ::= * STRING
          select ::= * WITH wqlist selectnowith
          select ::= * WITH RECURSIVE wqlist selectnowith
          select ::= * selectnowith
          selectnowith ::= * oneselect
          selectnowith ::= * selectnowith multiselect_op oneselect
          oneselect ::= * SELECT distinct selcollist from where_opt groupby_opt having_opt orderby_opt limit_opt
          oneselect ::= * SELECT distinct selcollist from where_opt groupby_opt having_opt window_clause orderby_opt limit_opt
          oneselect ::= * values
          values ::= * VALUES LP nexprlist RP
          oneselect ::= * mvalues
          mvalues ::= * values COMMA LP nexprlist RP
          mvalues ::= * mvalues COMMA LP nexprlist RP
          expr ::= * term
          expr ::= * LP expr RP
          expr ::= LP * expr RP
          expr ::= * ID|INDEXED|JOIN_KW
          expr ::= * nm DOT nm
          expr ::= * nm DOT nm DOT nm
          term ::= * NULL|FLOAT|BLOB
          term ::= * STRING
          term ::= * INTEGER
          expr ::= * VARIABLE
          expr ::= * expr COLLATE ID|STRING
          expr ::= * CAST LP expr AS typetoken RP
          expr ::= * ID|INDEXED|JOIN_KW LP distinct exprlist RP
          expr ::= * ID|INDEXED|JOIN_KW LP distinct exprlist ORDER BY sortlist RP
          expr ::= * ID|INDEXED|JOIN_KW LP STAR RP
          expr ::= * ID|INDEXED|JOIN_KW LP distinct exprlist RP filter_over
          expr ::= * ID|INDEXED|JOIN_KW LP distinct exprlist ORDER BY sortlist RP filter_over
          expr ::= * ID|INDEXED|JOIN_KW LP STAR RP filter_over
          term ::= * CTIME_KW
          expr ::= * LP nexprlist COMMA expr RP
          expr ::= LP * nexprlist COMMA expr RP
          expr ::= * expr AND expr
          expr ::= * expr OR expr
          expr ::= * expr LT|GT|GE|LE expr
          expr ::= * expr EQ|NE expr
          expr ::= * expr BITAND|BITOR|LSHIFT|RSHIFT expr
          expr ::= * expr PLUS|MINUS expr
          expr ::= * expr STAR|SLASH|REM expr
          expr ::= * expr CONCAT expr
          expr ::= * expr likeop expr
          expr ::= * expr likeop expr ESCAPE expr
          expr ::= * expr ISNULL|NOTNULL
          expr ::= * expr NOT NULL
          expr ::= * expr IS expr
          expr ::= * expr IS NOT expr
          expr ::= * expr IS NOT DISTINCT FROM expr
          expr ::= * expr IS DISTINCT FROM expr
          expr ::= * NOT expr
          expr ::= * BITNOT expr
          expr ::= * PLUS|MINUS expr
          expr ::= * expr PTR expr
          expr ::= * expr between_op expr AND expr
          expr ::= * expr in_op LP exprlist RP
          expr ::= * LP select RP
          expr ::= LP * select RP
          expr ::= * expr in_op LP select RP
          expr ::= * expr in_op nm dbnm paren_exprlist
          expr ::= * EXISTS LP select RP
          expr ::= * CASE case_operand case_exprlist case_else END
          nexprlist ::= * nexprlist COMMA expr
          nexprlist ::= * expr
          expr ::= * RAISE LP IGNORE RP
          expr ::= * RAISE LP raisetype COMMA expr RP
          term ::= * QNUMBER

                           NOT shift        124    
                        EXISTS shift        574    
                            LP shift        4      
                          CAST shift        577    
                            ID shift        454    
                         RAISE shift        571    
                          WITH shift        45     
                      CTIME_KW shift-reduce 195    term ::= CTIME_KW
                          PLUS shift        122    
                         MINUS shift        122    
                        BITNOT shift        123    
                       INDEXED shift        454    
                        STRING shift        583    
                       JOIN_KW shift        454    
                          NULL shift-reduce 183    term ::= NULL|FLOAT|BLOB
                        SELECT shift        322    
                        VALUES shift        573    
                         FLOAT shift-reduce 183    term ::= NULL|FLOAT|BLOB
                          BLOB shift-reduce 183    term ::= NULL|FLOAT|BLOB
                       INTEGER shift-reduce 185    term ::= INTEGER
                      VARIABLE shift-reduce 186    expr ::= VARIABLE
                          CASE shift        36     
                       QNUMBER shift-reduce 343    term ::= QNUMBER
                            nm shift        582    
                        select shift        530    
                          term shift        62       /* because term==expr */
                          expr shift        62     
                  selectnowith shift        290    
                     oneselect shift        290      /* because oneselect==selectnowith */
                        values shift        579    
                     nexprlist shift        531    
                       mvalues shift        568    

State 5:
          select ::= * WITH wqlist selectnowith
          select ::= * WITH RECURSIVE wqlist selectnowith
          select ::= * selectnowith
          selectnowith ::= * oneselect
          selectnowith ::= * selectnowith multiselect_op oneselect
          oneselect ::= * SELECT distinct selcollist from where_opt groupby_opt having_opt orderby_opt limit_opt
          oneselect ::= * SELECT distinct selcollist from where_opt groupby_opt having_opt window_clause orderby_opt limit_opt
          oneselect ::= * values
          values ::= * VALUES LP nexprlist RP
          oneselect ::= * mvalues
          mvalues ::= * values COMMA LP nexprlist RP
          mvalues ::= * mvalues COMMA LP nexprlist RP
          stl_prefix ::= * seltablist joinop
    (110) stl_prefix ::= *
          seltablist ::= * stl_prefix nm dbnm as on_using
          seltablist ::= * stl_prefix nm dbnm as indexed_by on_using
          seltablist ::= * stl_prefix nm dbnm LP exprlist RP as on_using
          seltablist ::= * stl_prefix LP select RP as on_using
          seltablist ::= stl_prefix LP * select RP as on_using
          seltablist ::= * stl_prefix LP seltablist RP as on_using
          seltablist ::= stl_prefix LP * seltablist RP as on_using

                          WITH shift        45     
                        SELECT shift        322    
                        VALUES shift        573    
                        select shift        536    
                  selectnowith shift        290    
                     oneselect shift        290      /* because oneselect==selectnowith */
                        values shift        579    
                       mvalues shift        568    
                    seltablist shift        266    
                    stl_prefix shift        233    
                     {default} reduce       110    stl_prefix ::=

State 6:
          select ::= * WITH wqlist selectnowith
          select ::= * WITH RECURSIVE wqlist selectnowith
          select ::= * selectnowith
          selectnowith ::= * oneselect
          selectnowith ::= * selectnowith multiselect_op oneselect
          oneselect ::= * SELECT distinct selcollist from where_opt groupby_opt having_opt orderby_opt limit_opt
          oneselect ::= * SELECT distinct selcollist from where_opt groupby_opt having_opt window_clause orderby_opt limit_opt
          oneselect ::= * values
          values ::= * VALUES LP nexprlist RP
          oneselect ::= * mvalues
          mvalues ::= * values COMMA LP nexprlist RP
          mvalues ::= * mvalues COMMA LP nexprlist RP
          insert_cmd ::= * INSERT orconf
          insert_cmd ::= * REPLACE
          trigger_cmd ::= scanpt * insert_cmd INTO trnm idlist_opt select upsert scanpt
          trigger_cmd ::= scanpt * select scanpt

                       REPLACE shift-reduce 174    insert_cmd ::= REPLACE
                          WITH shift        45     
                        INSERT shift        346    
                        SELECT shift        322    
                        VALUES shift        573    
                        select shift        405    
                  selectnowith shift        290    
                     oneselect shift        290      /* because oneselect==selectnowith */
                        values shift        579    
                       mvalues shift        568    
                    insert_cmd shift        485    

State 7:
          nm ::= * ID|INDEXED|JOIN_KW
          nm ::= * STRING
          expr ::= * term
          expr ::= * LP expr RP
          expr ::= * ID|INDEXED|JOIN_KW
          expr ::= * nm DOT nm
          expr ::= * nm DOT nm DOT nm
          term ::= * NULL|FLOAT|BLOB
          term ::= * STRING
          term ::= * INTEGER
          expr ::= * VARIABLE
          expr ::= * expr COLLATE ID|STRING
          expr ::= * CAST LP expr AS typetoken RP
          expr ::= * ID|INDEXED|JOIN_KW LP distinct exprlist RP
          expr ::= * ID|INDEXED|JOIN_KW LP distinct exprlist ORDER BY sortlist RP
          expr ::= * ID|INDEXED|JOIN_KW LP STAR RP
          expr ::= * ID|INDEXED|JOIN_KW LP distinct exprlist RP filter_over
          expr ::= * ID|INDEXED|JOIN_KW LP distinct exprlist ORDER BY sortlist RP filter_over
          expr ::= * ID|INDEXED|JOIN_KW LP STAR RP filter_over
          term ::= * CTIME_KW
          expr ::= * LP nexprlist COMMA expr RP
          expr ::= * expr AND expr
          expr ::= * expr OR expr
          expr ::= * expr LT|GT|GE|LE expr
          expr ::= * expr EQ|NE expr
          expr ::= * expr BITAND|BITOR|LSHIFT|RSHIFT expr
          expr ::= * expr PLUS|MINUS expr
          expr ::= * expr STAR|SLASH|REM expr
          expr ::= * expr CONCAT expr
          expr ::= * expr likeop expr
          expr ::= * expr likeop expr ESCAPE expr
          expr ::= * expr ISNULL|NOTNULL
          expr ::= * expr NOT NULL
          expr ::= * expr IS expr
          expr ::= * expr IS NOT expr
          expr ::= * expr IS NOT DISTINCT FROM expr
          expr ::= * expr IS DISTINCT FROM expr
          expr ::= * NOT expr
          expr ::= * BITNOT expr
          expr ::= * PLUS|MINUS expr
          expr ::= * expr PTR expr
          expr ::= * expr between_op expr AND expr
          expr ::= * expr in_op LP exprlist RP
          expr ::= * LP select RP
          expr ::= * expr in_op LP select RP
          expr ::= * expr in_op nm dbnm paren_exprlist
          expr ::= * EXISTS LP select RP
          expr ::= * CASE case_operand case_exprlist case_else END
          expr ::= * RAISE LP IGNORE RP
          expr ::= * RAISE LP raisetype COMMA expr RP
          frame_opt ::= range_or_rows * frame_bound_s frame_exclude_opt
          frame_opt ::= range_or_rows * BETWEEN frame_bound_s AND frame_bound_e frame_exclude_opt
          frame_bound_s ::= * frame_bound
          frame_bound_s ::= * UNBOUNDED PRECEDING
          frame_bound ::= * expr PRECEDING|FOLLOWING
          frame_bound ::= * CURRENT ROW
          term ::= * QNUMBER

                           NOT shift        124    
                        EXISTS shift        574    
                            LP shift        4      
                          CAST shift        577    
                       BETWEEN shift        9      
                            ID shift        454    
                         RAISE shift        571    
                       CURRENT shift        548    
                     UNBOUNDED shift        547    
                      CTIME_KW shift-reduce 195    term ::= CTIME_KW
                          PLUS shift        122    
                         MINUS shift        122    
                        BITNOT shift        123    
                       INDEXED shift        454    
                        STRING shift        583    
                       JOIN_KW shift        454    
                          NULL shift-reduce 183    term ::= NULL|FLOAT|BLOB
                         FLOAT shift-reduce 183    term ::= NULL|FLOAT|BLOB
                          BLOB shift-reduce 183    term ::= NULL|FLOAT|BLOB
                       INTEGER shift-reduce 185    term ::= INTEGER
                      VARIABLE shift-reduce 186    expr ::= VARIABLE
                          CASE shift        36     
                       QNUMBER shift-reduce 343    term ::= QNUMBER
                            nm shift        582    
                          term shift        52       /* because term==expr */
                          expr shift        52     
                   frame_bound shift-reduce 325    frame_bound_s ::= frame_bound
                 frame_bound_s shift        382    

State 8:
          nm ::= * ID|INDEXED|JOIN_KW
          nm ::= * STRING
          expr ::= * term
          expr ::= * LP expr RP
          expr ::= * ID|INDEXED|JOIN_KW
          expr ::= * nm DOT nm
          expr ::= * nm DOT nm DOT nm
          term ::= * NULL|FLOAT|BLOB
          term ::= * STRING
          term ::= * INTEGER
          expr ::= * VARIABLE
          expr ::= * expr COLLATE ID|STRING
          expr ::= * CAST LP expr AS typetoken RP
          expr ::= * ID|INDEXED|JOIN_KW LP distinct exprlist RP
          expr ::= * ID|INDEXED|JOIN_KW LP distinct exprlist ORDER BY sortlist RP
          expr ::= * ID|INDEXED|JOIN_KW LP STAR RP
          expr ::= * ID|INDEXED|JOIN_KW LP distinct exprlist RP filter_over
          expr ::= * ID|INDEXED|JOIN_KW LP distinct exprlist ORDER BY sortlist RP filter_over
          expr ::= * ID|INDEXED|JOIN_KW LP STAR RP filter_over
          term ::= * CTIME_KW
          expr ::= * LP nexprlist COMMA expr RP
          expr ::= * expr AND expr
          expr ::= * expr OR expr
          expr ::= * expr LT|GT|GE|LE expr
          expr ::= * expr EQ|NE expr
          expr ::= * expr BITAND|BITOR|LSHIFT|RSHIFT expr
          expr ::= * expr PLUS|MINUS expr
          expr ::= * expr STAR|SLASH|REM expr
          expr ::= * expr CONCAT expr
          expr ::= * expr likeop expr
          expr ::= * expr likeop expr ESCAPE expr
          expr ::= * expr ISNULL|NOTNULL
          expr ::= * expr NOT NULL
          expr ::= * expr IS expr
          expr ::= * expr IS NOT expr
          expr ::= * expr IS NOT DISTINCT FROM expr
          expr ::= * expr IS DISTINCT FROM expr
          expr ::= * NOT expr
          expr ::= * BITNOT expr
          expr ::= * PLUS|MINUS expr
          expr ::= * expr PTR expr
          expr ::= * expr between_op expr AND expr
          expr ::= * expr in_op LP exprlist RP
          expr ::= * LP select RP
          expr ::= * expr in_op LP select RP
          expr ::= * expr in_op nm dbnm paren_exprlist
          expr ::= * EXISTS LP select RP
          expr ::= * CASE case_operand case_exprlist case_else END
          expr ::= * RAISE LP IGNORE RP
          expr ::= * RAISE LP raisetype COMMA expr RP
          frame_opt ::= range_or_rows BETWEEN frame_bound_s AND * frame_bound_e frame_exclude_opt
          frame_bound_e ::= * frame_bound
          frame_bound_e ::= * UNBOUNDED FOLLOWING
          frame_bound ::= * expr PRECEDING|FOLLOWING
          frame_bound ::= * CURRENT ROW
          term ::= * QNUMBER

                           NOT shift        124    
                        EXISTS shift        574    
                            LP shift        4      
                          CAST shift        577    
                            ID shift        454    
                         RAISE shift        571    
                       CURRENT shift        548    
                     UNBOUNDED shift        549    
                      CTIME_KW shift-reduce 195    term ::= CTIME_KW
                          PLUS shift        122    
                         MINUS shift        122    
                        BITNOT shift        123    
                       INDEXED shift        454    
                        STRING shift        583    
                       JOIN_KW shift        454    
                          NULL shift-reduce 183    term ::= NULL|FLOAT|BLOB
                         FLOAT shift-reduce 183    term ::= NULL|FLOAT|BLOB
                          BLOB shift-reduce 183    term ::= NULL|FLOAT|BLOB
                       INTEGER shift-reduce 185    term ::= INTEGER
                      VARIABLE shift-reduce 186    expr ::= VARIABLE
                          CASE shift        36     
                       QNUMBER shift-reduce 343    term ::= QNUMBER
                            nm shift        582    
                          term shift        52       /* because term==expr */
                          expr shift        52     
                   frame_bound shift-reduce 327    frame_bound_e ::= frame_bound
                 frame_bound_e shift        381    

State 9:
          nm ::= * ID|INDEXED|JOIN_KW
          nm ::= * STRING
          expr ::= * term
          expr ::= * LP expr RP
          expr ::= * ID|INDEXED|JOIN_KW
          expr ::= * nm DOT nm
          expr ::= * nm DOT nm DOT nm
          term ::= * NULL|FLOAT|BLOB
          term ::= * STRING
          term ::= * INTEGER
          expr ::= * VARIABLE
          expr ::= * expr COLLATE ID|STRING
          expr ::= * CAST LP expr AS typetoken RP
          expr ::= * ID|INDEXED|JOIN_KW LP distinct exprlist RP
          expr ::= * ID|INDEXED|JOIN_KW LP distinct exprlist ORDER BY sortlist RP
          expr ::= * ID|INDEXED|JOIN_KW LP STAR RP
          expr ::= * ID|INDEXED|JOIN_KW LP distinct exprlist RP filter_over
          expr ::= * ID|INDEXED|JOIN_KW LP distinct exprlist ORDER BY sortlist RP filter_over
          expr ::= * ID|INDEXED|JOIN_KW LP STAR RP filter_over
          term ::= * CTIME_KW
          expr ::= * LP nexprlist COMMA expr RP
          expr ::= * expr AND expr
          expr ::= * expr OR expr
          expr ::= * expr LT|GT|GE|LE expr
          expr ::= * expr EQ|NE expr
          expr ::= * expr BITAND|BITOR|LSHIFT|RSHIFT expr
          expr ::= * expr PLUS|MINUS expr
          expr ::= * expr STAR|SLASH|REM expr
          expr ::= * expr CONCAT expr
          expr ::= * expr likeop expr
          expr ::= * expr likeop expr ESCAPE expr
          expr ::= * expr ISNULL|NOTNULL
          expr ::= * expr NOT NULL
          expr ::= * expr IS expr
          expr ::= * expr IS NOT expr
          expr ::= * expr IS NOT DISTINCT FROM expr
          expr ::= * expr IS DISTINCT FROM expr
          expr ::= * NOT expr
          expr ::= * BITNOT expr
          expr ::= * PLUS|MINUS expr
          expr ::= * expr PTR expr
          expr ::= * expr between_op expr AND expr
          expr ::= * expr in_op LP exprlist RP
          expr ::= * LP select RP
          expr ::= * expr in_op LP select RP
          expr ::= * expr in_op nm dbnm paren_exprlist
          expr ::= * EXISTS LP select RP
          expr ::= * CASE case_operand case_exprlist case_else END
          expr ::= * RAISE LP IGNORE RP
          expr ::= * RAISE LP raisetype COMMA expr RP
          frame_opt ::= range_or_rows BETWEEN * frame_bound_s AND frame_bound_e frame_exclude_opt
          frame_bound_s ::= * frame_bound
          frame_bound_s ::= * UNBOUNDED PRECEDING
          frame_bound ::= * expr PRECEDING|FOLLOWING
          frame_bound ::= * CURRENT ROW
          term ::= * QNUMBER

                           NOT shift        124    
                        EXISTS shift        574    
                            LP shift        4      
                          CAST shift        577    
                            ID shift        454    
                         RAISE shift        571    
                       CURRENT shift        548    
                     UNBOUNDED shift        547    
                      CTIME_KW shift-reduce 195    term ::= CTIME_KW
                          PLUS shift        122    
                         MINUS shift        122    
                        BITNOT shift        123    
                       INDEXED shift        454    
                        STRING shift        583    
                       JOIN_KW shift        454    
                          NULL shift-reduce 183    term ::= NULL|FLOAT|BLOB
                         FLOAT shift-reduce 183    term ::= NULL|FLOAT|BLOB
                          BLOB shift-reduce 183    term ::= NULL|FLOAT|BLOB
                       INTEGER shift-reduce 185    term ::= INTEGER
                      VARIABLE shift-reduce 186    expr ::= VARIABLE
                          CASE shift        36     
                       QNUMBER shift-reduce 343    term ::= QNUMBER
                            nm shift        582    
                          term shift        52       /* because term==expr */
                          expr shift        52     
                   frame_bound shift-reduce 325    frame_bound_s ::= frame_bound
                 frame_bound_s shift        550    

State 10:
          nm ::= * ID|INDEXED|JOIN_KW
          nm ::= * STRING
          cmd ::= insert_cmd INTO xfullname idlist_opt VALUES LP * exprlist RP SEMI
          expr ::= * term
          expr ::= * LP expr RP
          expr ::= * ID|INDEXED|JOIN_KW
          expr ::= * nm DOT nm
          expr ::= * nm DOT nm DOT nm
          term ::= * NULL|FLOAT|BLOB
          term ::= * STRING
          term ::= * INTEGER
          expr ::= * VARIABLE
          expr ::= * expr COLLATE ID|STRING
          expr ::= * CAST LP expr AS typetoken RP
          expr ::= * ID|INDEXED|JOIN_KW LP distinct exprlist RP
          expr ::= * ID|INDEXED|JOIN_KW LP distinct exprlist ORDER BY sortlist RP
          expr ::= * ID|INDEXED|JOIN_KW LP STAR RP
          expr ::= * ID|INDEXED|JOIN_KW LP distinct exprlist RP filter_over
          expr ::= * ID|INDEXED|JOIN_KW LP distinct exprlist ORDER BY sortlist RP filter_over
          expr ::= * ID|INDEXED|JOIN_KW LP STAR RP filter_over
          term ::= * CTIME_KW
          expr ::= * LP nexprlist COMMA expr RP
          expr ::= * expr AND expr
          expr ::= * expr OR expr
          expr ::= * expr LT|GT|GE|LE expr
          expr ::= * expr EQ|NE expr
          expr ::= * expr BITAND|BITOR|LSHIFT|RSHIFT expr
          expr ::= * expr PLUS|MINUS expr
          expr ::= * expr STAR|SLASH|REM expr
          expr ::= * expr CONCAT expr
          expr ::= * expr likeop expr
          expr ::= * expr likeop expr ESCAPE expr
          expr ::= * expr ISNULL|NOTNULL
          expr ::= * expr NOT NULL
          expr ::= * expr IS expr
          expr ::= * expr IS NOT expr
          expr ::= * expr IS NOT DISTINCT FROM expr
          expr ::= * expr IS DISTINCT FROM expr
          expr ::= * NOT expr
          expr ::= * BITNOT expr
          expr ::= * PLUS|MINUS expr
          expr ::= * expr PTR expr
          expr ::= * expr between_op expr AND expr
          expr ::= * expr in_op LP exprlist RP
          expr ::= * LP select RP
          expr ::= * expr in_op LP select RP
          expr ::= * expr in_op nm dbnm paren_exprlist
          expr ::= * EXISTS LP select RP
          expr ::= * CASE case_operand case_exprlist case_else END
          exprlist ::= * nexprlist
    (234) exprlist ::= *
          nexprlist ::= * nexprlist COMMA expr
          nexprlist ::= * expr
          expr ::= * RAISE LP IGNORE RP
          expr ::= * RAISE LP raisetype COMMA expr RP
          term ::= * QNUMBER

                           NOT shift        124    
                        EXISTS shift        574    
                            LP shift        4      
                          CAST shift        577    
                            ID shift        454    
                         RAISE shift        571    
                      CTIME_KW shift-reduce 195    term ::= CTIME_KW
                          PLUS shift        122    
                         MINUS shift        122    
                        BITNOT shift        123    
                       INDEXED shift        454    
                        STRING shift        583    
                       JOIN_KW shift        454    
                          NULL shift-reduce 183    term ::= NULL|FLOAT|BLOB
                         FLOAT shift-reduce 183    term ::= NULL|FLOAT|BLOB
                          BLOB shift-reduce 183    term ::= NULL|FLOAT|BLOB
                       INTEGER shift-reduce 185    term ::= INTEGER
                      VARIABLE shift-reduce 186    expr ::= VARIABLE
                          CASE shift        36     
                       QNUMBER shift-reduce 343    term ::= QNUMBER
                            nm shift        582    
                          term shift        83       /* because term==expr */
                          expr shift        83     
                     nexprlist shift        563    
                      exprlist shift        464    
                     {default} reduce       234    exprlist ::=

State 11:
          nm ::= * ID|INDEXED|JOIN_KW
          nm ::= * STRING
          seltablist ::= stl_prefix nm dbnm LP * exprlist RP as on_using
          expr ::= * term
          expr ::= * LP expr RP
          expr ::= * ID|INDEXED|JOIN_KW
          expr ::= * nm DOT nm
          expr ::= * nm DOT nm DOT nm
          term ::= * NULL|FLOAT|BLOB
          term ::= * STRING
          term ::= * INTEGER
          expr ::= * VARIABLE
          expr ::= * expr COLLATE ID|STRING
          expr ::= * CAST LP expr AS typetoken RP
          expr ::= * ID|INDEXED|JOIN_KW LP distinct exprlist RP
          expr ::= * ID|INDEXED|JOIN_KW LP distinct exprlist ORDER BY sortlist RP
          expr ::= * ID|INDEXED|JOIN_KW LP STAR RP
          expr ::= * ID|INDEXED|JOIN_KW LP distinct exprlist RP filter_over
          expr ::= * ID|INDEXED|JOIN_KW LP distinct exprlist ORDER BY sortlist RP filter_over
          expr ::= * ID|INDEXED|JOIN_KW LP STAR RP filter_over
          term ::= * CTIME_KW
          expr ::= * LP nexprlist COMMA expr RP
          expr ::= * expr AND expr
          expr ::= * expr OR expr
          expr ::= * expr LT|GT|GE|LE expr
          expr ::= * expr EQ|NE expr
          expr ::= * expr BITAND|BITOR|LSHIFT|RSHIFT expr
          expr ::= * expr PLUS|MINUS expr
          expr ::= * expr STAR|SLASH|REM expr
          expr ::= * expr CONCAT expr
          expr ::= * expr likeop expr
          expr ::= * expr likeop expr ESCAPE expr
          expr ::= * expr ISNULL|NOTNULL
          expr ::= * expr NOT NULL
          expr ::= * expr IS expr
          expr ::= * expr IS NOT expr
          expr ::= * expr IS NOT DISTINCT FROM expr
          expr ::= * expr IS DISTINCT FROM expr
          expr ::= * NOT expr
          expr ::= * BITNOT expr
          expr ::= * PLUS|MINUS expr
          expr ::= * expr PTR expr
          expr ::= * expr between_op expr AND expr
          expr ::= * expr in_op LP exprlist RP
          expr ::= * LP select RP
          expr ::= * expr in_op LP select RP
          expr ::= * expr in_op nm dbnm paren_exprlist
          expr ::= * EXISTS LP select RP
          expr ::= * CASE case_operand case_exprlist case_else END
          exprlist ::= * nexprlist
    (234) exprlist ::= *
          nexprlist ::= * nexprlist COMMA expr
          nexprlist ::= * expr
          expr ::= * RAISE LP IGNORE RP
          expr ::= * RAISE LP raisetype COMMA expr RP
          term ::= * QNUMBER

                           NOT shift        124    
                        EXISTS shift        574    
                            LP shift        4      
                          CAST shift        577    
                            ID shift        454    
                         RAISE shift        571    
                      CTIME_KW shift-reduce 195    term ::= CTIME_KW
                          PLUS shift        122    
                         MINUS shift        122    
                        BITNOT shift        123    
                       INDEXED shift        454    
                        STRING shift        583    
                       JOIN_KW shift        454    
                          NULL shift-reduce 183    term ::= NULL|FLOAT|BLOB
                         FLOAT shift-reduce 183    term ::= NULL|FLOAT|BLOB
                          BLOB shift-reduce 183    term ::= NULL|FLOAT|BLOB
                       INTEGER shift-reduce 185    term ::= INTEGER
                      VARIABLE shift-reduce 186    expr ::= VARIABLE
                          CASE shift        36     
                       QNUMBER shift-reduce 343    term ::= QNUMBER
                            nm shift        582    
                          term shift        83       /* because term==expr */
                          expr shift        83     
                     nexprlist shift        563    
                      exprlist shift        537    
                     {default} reduce       234    exprlist ::=

State 12:
          nm ::= * ID|INDEXED|JOIN_KW
          nm ::= * STRING
          expr ::= * term
          expr ::= * LP expr RP
          expr ::= * ID|INDEXED|JOIN_KW
          expr ::= * nm DOT nm
          expr ::= * nm DOT nm DOT nm
          term ::= * NULL|FLOAT|BLOB
          term ::= * STRING
          term ::= * INTEGER
          expr ::= * VARIABLE
          expr ::= * expr COLLATE ID|STRING
          expr ::= * CAST LP expr AS typetoken RP
          expr ::= * ID|INDEXED|JOIN_KW LP distinct exprlist RP
          expr ::= * ID|INDEXED|JOIN_KW LP distinct exprlist ORDER BY sortlist RP
          expr ::= * ID|INDEXED|JOIN_KW LP STAR RP
          expr ::= * ID|INDEXED|JOIN_KW LP distinct exprlist RP filter_over
          expr ::= * ID|INDEXED|JOIN_KW LP distinct exprlist ORDER BY sortlist RP filter_over
          expr ::= * ID|INDEXED|JOIN_KW LP STAR RP filter_over
          term ::= * CTIME_KW
          expr ::= * LP nexprlist COMMA expr RP
          expr ::= * expr AND expr
          expr ::= * expr OR expr
          expr ::= * expr LT|GT|GE|LE expr
          expr ::= * expr EQ|NE expr
          expr ::= * expr BITAND|BITOR|LSHIFT|RSHIFT expr
          expr ::= * expr PLUS|MINUS expr
          expr ::= * expr STAR|SLASH|REM expr
          expr ::= * expr CONCAT expr
          expr ::= * expr likeop expr
          expr ::= * expr likeop expr ESCAPE expr
          expr ::= * expr ISNULL|NOTNULL
          expr ::= * expr NOT NULL
          expr ::= * expr IS expr
          expr ::= * expr IS NOT expr
          expr ::= * expr IS NOT DISTINCT FROM expr
          expr ::= * expr IS DISTINCT FROM expr
          expr ::= * NOT expr
          expr ::= * BITNOT expr
          expr ::= * PLUS|MINUS expr
          expr ::= * expr PTR expr
          expr ::= * expr between_op expr AND expr
          expr ::= * expr in_op LP exprlist RP
          expr ::= * LP select RP
          expr ::= * expr in_op LP select RP
          expr ::= * expr in_op nm dbnm paren_exprlist
          expr ::= * EXISTS LP select RP
          expr ::= * CASE case_operand case_exprlist case_else END
          exprlist ::= * nexprlist
    (234) exprlist ::= *
          nexprlist ::= * nexprlist COMMA expr
          nexprlist ::= * expr
          paren_exprlist ::= LP * exprlist RP
          expr ::= * RAISE LP IGNORE RP
          expr ::= * RAISE LP raisetype COMMA expr RP
          term ::= * QNUMBER

                           NOT shift        124    
                        EXISTS shift        574    
                            LP shift        4      
                          CAST shift        577    
                            ID shift        454    
                         RAISE shift        571    
                      CTIME_KW shift-reduce 195    term ::= CTIME_KW
                          PLUS shift        122    
                         MINUS shift        122    
                        BITNOT shift        123    
                       INDEXED shift        454    
                        STRING shift        583    
                       JOIN_KW shift        454    
                          NULL shift-reduce 183    term ::= NULL|FLOAT|BLOB
                         FLOAT shift-reduce 183    term ::= NULL|FLOAT|BLOB
                          BLOB shift-reduce 183    term ::= NULL|FLOAT|BLOB
                       INTEGER shift-reduce 185    term ::= INTEGER
                      VARIABLE shift-reduce 186    expr ::= VARIABLE
                          CASE shift        36     
                       QNUMBER shift-reduce 343    term ::= QNUMBER
                            nm shift        582    
                          term shift        83       /* because term==expr */
                          expr shift        83     
                     nexprlist shift        563    
                      exprlist shift        562    
                     {default} reduce       234    exprlist ::=

State 13:
          nm ::= * ID|INDEXED|JOIN_KW
          nm ::= * STRING
          expr ::= * term
          expr ::= * LP expr RP
          expr ::= * ID|INDEXED|JOIN_KW
          expr ::= * nm DOT nm
          expr ::= * nm DOT nm DOT nm
          term ::= * NULL|FLOAT|BLOB
          term ::= * STRING
          term ::= * INTEGER
          expr ::= * VARIABLE
          expr ::= * expr COLLATE ID|STRING
          expr ::= * CAST LP expr AS typetoken RP
          expr ::= * ID|INDEXED|JOIN_KW LP distinct exprlist RP
          expr ::= ID|INDEXED|JOIN_KW LP distinct * exprlist RP
          expr ::= * ID|INDEXED|JOIN_KW LP distinct exprlist ORDER BY sortlist RP
          expr ::= ID|INDEXED|JOIN_KW LP distinct * exprlist ORDER BY sortlist RP
          expr ::= * ID|INDEXED|JOIN_KW LP STAR RP
          expr ::= * ID|INDEXED|JOIN_KW LP distinct exprlist RP filter_over
          expr ::= ID|INDEXED|JOIN_KW LP distinct * exprlist RP filter_over
          expr ::= * ID|INDEXED|JOIN_KW LP distinct exprlist ORDER BY sortlist RP filter_over
          expr ::= ID|INDEXED|JOIN_KW LP distinct * exprlist ORDER BY sortlist RP filter_over
          expr ::= * ID|INDEXED|JOIN_KW LP STAR RP filter_over
          term ::= * CTIME_KW
          expr ::= * LP nexprlist COMMA expr RP
          expr ::= * expr AND expr
          expr ::= * expr OR expr
          expr ::= * expr LT|GT|GE|LE expr
          expr ::= * expr EQ|NE expr
          expr ::= * expr BITAND|BITOR|LSHIFT|RSHIFT expr
          expr ::= * expr PLUS|MINUS expr
          expr ::= * expr STAR|SLASH|REM expr
          expr ::= * expr CONCAT expr
          expr ::= * expr likeop expr
          expr ::= * expr likeop expr ESCAPE expr
          expr ::= * expr ISNULL|NOTNULL
          expr ::= * expr NOT NULL
          expr ::= * expr IS expr
          expr ::= * expr IS NOT expr
          expr ::= * expr IS NOT DISTINCT FROM expr
          expr ::= * expr IS DISTINCT FROM expr
          expr ::= * NOT expr
          expr ::= * BITNOT expr
          expr ::= * PLUS|MINUS expr
          expr ::= * expr PTR expr
          expr ::= * expr between_op expr AND expr
          expr ::= * expr in_op LP exprlist RP
          expr ::= * LP select RP
          expr ::= * expr in_op LP select RP
          expr ::= * expr in_op nm dbnm paren_exprlist
          expr ::= * EXISTS LP select RP
          expr ::= * CASE case_operand case_exprlist case_else END
          exprlist ::= * nexprlist
    (234) exprlist ::= *
          nexprlist ::= * nexprlist COMMA expr
          nexprlist ::= * expr
          expr ::= * RAISE LP IGNORE RP
          expr ::= * RAISE LP raisetype COMMA expr RP
          term ::= * QNUMBER

                           NOT shift        124    
                        EXISTS shift        574    
                            LP shift        4      
                          CAST shift        577    
                            ID shift        454    
                         RAISE shift        571    
                      CTIME_KW shift-reduce 195    term ::= CTIME_KW
                          PLUS shift        122    
                         MINUS shift        122    
                        BITNOT shift        123    
                       INDEXED shift        454    
                        STRING shift        583    
                       JOIN_KW shift        454    
                          NULL shift-reduce 183    term ::= NULL|FLOAT|BLOB
                         FLOAT shift-reduce 183    term ::= NULL|FLOAT|BLOB
                          BLOB shift-reduce 183    term ::= NULL|FLOAT|BLOB
                       INTEGER shift-reduce 185    term ::= INTEGER
                      VARIABLE shift-reduce 186    expr ::= VARIABLE
                          CASE shift        36     
                       QNUMBER shift-reduce 343    term ::= QNUMBER
                            nm shift        582    
                          term shift        83       /* because term==expr */
                          expr shift        83     
                     nexprlist shift        563    
                      exprlist shift        441    
                     {default} reduce       234    exprlist ::=

State 14:
          select ::= * WITH wqlist selectnowith
          select ::= * WITH RECURSIVE wqlist selectnowith
          select ::= * selectnowith
          selectnowith ::= * oneselect
          selectnowith ::= * selectnowith multiselect_op oneselect
          oneselect ::= * SELECT distinct selcollist from where_opt groupby_opt having_opt orderby_opt limit_opt
          oneselect ::= * SELECT distinct selcollist from where_opt groupby_opt having_opt window_clause orderby_opt limit_opt
          oneselect ::= * values
          values ::= * VALUES LP nexprlist RP
          oneselect ::= * mvalues
          mvalues ::= * values COMMA LP nexprlist RP
          mvalues ::= * mvalues COMMA LP nexprlist RP
          cmd ::= with insert_cmd INTO xfullname idlist_opt * select upsert

                          WITH shift        45     
                        SELECT shift        322    
                        VALUES shift        573    
                        select shift        296    
                  selectnowith shift        290    
                     oneselect shift        290      /* because oneselect==selectnowith */
                        values shift        579    
                       mvalues shift        568    

State 15:
          select ::= * WITH wqlist selectnowith
          select ::= * WITH RECURSIVE wqlist selectnowith
          select ::= * selectnowith
          selectnowith ::= * oneselect
          selectnowith ::= * selectnowith multiselect_op oneselect
          oneselect ::= * SELECT distinct selcollist from where_opt groupby_opt having_opt orderby_opt limit_opt
          oneselect ::= * SELECT distinct selcollist from where_opt groupby_opt having_opt window_clause orderby_opt limit_opt
          oneselect ::= * values
          values ::= * VALUES LP nexprlist RP
          oneselect ::= * mvalues
          mvalues ::= * values COMMA LP nexprlist RP
          mvalues ::= * mvalues COMMA LP nexprlist RP
          trigger_cmd ::= scanpt insert_cmd INTO trnm idlist_opt * select upsert scanpt

                          WITH shift        45     
                        SELECT shift        322    
                        VALUES shift        573    
                        select shift        305    
                  selectnowith shift        290    
                     oneselect shift        290      /* because oneselect==selectnowith */
                        values shift        579    
                       mvalues shift        568    

State 16:
          cmd ::= createkw temp VIEW ifnotexists nm dbnm eidlist_opt AS * select
          select ::= * WITH wqlist selectnowith
          select ::= * WITH RECURSIVE wqlist selectnowith
          select ::= * selectnowith
          selectnowith ::= * oneselect
          selectnowith ::= * selectnowith multiselect_op oneselect
          oneselect ::= * SELECT distinct selcollist from where_opt groupby_opt having_opt orderby_opt limit_opt
          oneselect ::= * SELECT distinct selcollist from where_opt groupby_opt having_opt window_clause orderby_opt limit_opt
          oneselect ::= * values
          values ::= * VALUES LP nexprlist RP
          oneselect ::= * mvalues
          mvalues ::= * values COMMA LP nexprlist RP
          mvalues ::= * mvalues COMMA LP nexprlist RP

                          WITH shift        45     
                        SELECT shift        322    
                        VALUES shift        573    
                        select shift-reduce 82     cmd ::= createkw temp VIEW ifnotexists nm dbnm eidlist_opt AS select
                  selectnowith shift        290    
                     oneselect shift        290      /* because oneselect==selectnowith */
                        values shift        579    
                       mvalues shift        568    

State 17:
          create_table_args ::= AS * select
          select ::= * WITH wqlist selectnowith
          select ::= * WITH RECURSIVE wqlist selectnowith
          select ::= * selectnowith
          selectnowith ::= * oneselect
          selectnowith ::= * selectnowith multiselect_op oneselect
          oneselect ::= * SELECT distinct selcollist from where_opt groupby_opt having_opt orderby_opt limit_opt
          oneselect ::= * SELECT distinct selcollist from where_opt groupby_opt having_opt window_clause orderby_opt limit_opt
          oneselect ::= * values
          values ::= * VALUES LP nexprlist RP
          oneselect ::= * mvalues
          mvalues ::= * values COMMA LP nexprlist RP
          mvalues ::= * mvalues COMMA LP nexprlist RP

                          WITH shift        45     
                        SELECT shift        322    
                        VALUES shift        573    
                        select shift-reduce 20     create_table_args ::= AS select
                  selectnowith shift        290    
                     oneselect shift        290      /* because oneselect==selectnowith */
                        values shift        579    
                       mvalues shift        568    

State 18:
          select ::= * WITH wqlist selectnowith
          select ::= * WITH RECURSIVE wqlist selectnowith
          select ::= * selectnowith
          selectnowith ::= * oneselect
          selectnowith ::= * selectnowith multiselect_op oneselect
          oneselect ::= * SELECT distinct selcollist from where_opt groupby_opt having_opt orderby_opt limit_opt
          oneselect ::= * SELECT distinct selcollist from where_opt groupby_opt having_opt window_clause orderby_opt limit_opt
          oneselect ::= * values
          values ::= * VALUES LP nexprlist RP
          oneselect ::= * mvalues
          mvalues ::= * values COMMA LP nexprlist RP
          mvalues ::= * mvalues COMMA LP nexprlist RP
          wqitem ::= withnm eidlist_opt wqas LP * select RP

                          WITH shift        45     
                        SELECT shift        322    
                        VALUES shift        573    
                        select shift        532    
                  selectnowith shift        290    
                     oneselect shift        290      /* because oneselect==selectnowith */
                        values shift        579    
                       mvalues shift        568    

State 19:
          select ::= * WITH wqlist selectnowith
          select ::= * WITH RECURSIVE wqlist selectnowith
          select ::= * selectnowith
          selectnowith ::= * oneselect
          selectnowith ::= * selectnowith multiselect_op oneselect
          oneselect ::= * SELECT distinct selcollist from where_opt groupby_opt having_opt orderby_opt limit_opt
          oneselect ::= * SELECT distinct selcollist from where_opt groupby_opt having_opt window_clause orderby_opt limit_opt
          oneselect ::= * values
          values ::= * VALUES LP nexprlist RP
          oneselect ::= * mvalues
          mvalues ::= * values COMMA LP nexprlist RP
          mvalues ::= * mvalues COMMA LP nexprlist RP
          expr ::= EXISTS LP * select RP

                          WITH shift        45     
                        SELECT shift        322    
                        VALUES shift        573    
                        select shift        566    
                  selectnowith shift        290    
                     oneselect shift        290      /* because oneselect==selectnowith */
                        values shift        579    
                       mvalues shift        568    

State 20:
          sortlist ::= expr * sortorder nulls
          sortorder ::= * ASC
          sortorder ::= * DESC
    (140) sortorder ::= *
          expr ::= expr * COLLATE ID|STRING
          expr ::= expr * AND expr
          expr ::= expr * OR expr
          expr ::= expr * LT|GT|GE|LE expr
          expr ::= expr * EQ|NE expr
          expr ::= expr * BITAND|BITOR|LSHIFT|RSHIFT expr
          expr ::= expr * PLUS|MINUS expr
          expr ::= expr * STAR|SLASH|REM expr
          expr ::= expr * CONCAT expr
          likeop ::= * LIKE_KW|MATCH
          likeop ::= * NOT LIKE_KW|MATCH
          expr ::= expr * likeop expr
          expr ::= expr * likeop expr ESCAPE expr
          expr ::= expr * ISNULL|NOTNULL
          expr ::= expr * NOT NULL
          expr ::= expr * IS expr
          expr ::= expr * IS NOT expr
          expr ::= expr * IS NOT DISTINCT FROM expr
          expr ::= expr * IS DISTINCT FROM expr
          expr ::= expr * PTR expr
          between_op ::= * BETWEEN
          between_op ::= * NOT BETWEEN
          expr ::= expr * between_op expr AND expr
          in_op ::= * IN
          in_op ::= * NOT IN
          expr ::= expr * in_op LP exprlist RP
          expr ::= expr * in_op LP select RP
          expr ::= expr * in_op nm dbnm paren_exprlist

                           NOT shift        415    
                           ASC shift-reduce 138    sortorder ::= ASC
                          DESC shift-reduce 139    sortorder ::= DESC
                            OR shift        138    
                           AND shift        139    
                            IS shift        92     
                         MATCH shift-reduce 383    likeop ::= LIKE_KW|MATCH
                       LIKE_KW shift-reduce 383    likeop ::= LIKE_KW|MATCH
                       BETWEEN shift-reduce 218    between_op ::= BETWEEN
                            IN shift-reduce 221    in_op ::= IN
                        ISNULL shift-reduce 208    expr ::= expr ISNULL|NOTNULL
                       NOTNULL shift-reduce 208    expr ::= expr ISNULL|NOTNULL
                            NE shift        136    
                            EQ shift        136    
                            GT shift        137    
                            LE shift        137    
                            LT shift        137    
                            GE shift        137    
                        BITAND shift        135    
                         BITOR shift        135    
                        LSHIFT shift        135    
                        RSHIFT shift        135    
                          PLUS shift        134    
                         MINUS shift        134    
                          STAR shift        133    
                         SLASH shift        133    
                           REM shift        133    
                        CONCAT shift        132    
                           PTR shift        129    
                       COLLATE shift        453    
                     sortorder shift        383    
                        likeop shift        131    
                    between_op shift        128    
                         in_op shift        236    
                     {default} reduce       140    sortorder ::=

State 21:
          sortlist ::= sortlist COMMA expr * sortorder nulls
          sortorder ::= * ASC
          sortorder ::= * DESC
    (140) sortorder ::= *
          expr ::= expr * COLLATE ID|STRING
          expr ::= expr * AND expr
          expr ::= expr * OR expr
          expr ::= expr * LT|GT|GE|LE expr
          expr ::= expr * EQ|NE expr
          expr ::= expr * BITAND|BITOR|LSHIFT|RSHIFT expr
          expr ::= expr * PLUS|MINUS expr
          expr ::= expr * STAR|SLASH|REM expr
          expr ::= expr * CONCAT expr
          likeop ::= * LIKE_KW|MATCH
          likeop ::= * NOT LIKE_KW|MATCH
          expr ::= expr * likeop expr
          expr ::= expr * likeop expr ESCAPE expr
          expr ::= expr * ISNULL|NOTNULL
          expr ::= expr * NOT NULL
          expr ::= expr * IS expr
          expr ::= expr * IS NOT expr
          expr ::= expr * IS NOT DISTINCT FROM expr
          expr ::= expr * IS DISTINCT FROM expr
          expr ::= expr * PTR expr
          between_op ::= * BETWEEN
          between_op ::= * NOT BETWEEN
          expr ::= expr * between_op expr AND expr
          in_op ::= * IN
          in_op ::= * NOT IN
          expr ::= expr * in_op LP exprlist RP
          expr ::= expr * in_op LP select RP
          expr ::= expr * in_op nm dbnm paren_exprlist

                           NOT shift        415    
                           ASC shift-reduce 138    sortorder ::= ASC
                          DESC shift-reduce 139    sortorder ::= DESC
                            OR shift        138    
                           AND shift        139    
                            IS shift        92     
                         MATCH shift-reduce 383    likeop ::= LIKE_KW|MATCH
                       LIKE_KW shift-reduce 383    likeop ::= LIKE_KW|MATCH
                       BETWEEN shift-reduce 218    between_op ::= BETWEEN
                            IN shift-reduce 221    in_op ::= IN
                        ISNULL shift-reduce 208    expr ::= expr ISNULL|NOTNULL
                       NOTNULL shift-reduce 208    expr ::= expr ISNULL|NOTNULL
                            NE shift        136    
                            EQ shift        136    
                            GT shift        137    
                            LE shift        137    
                            LT shift        137    
                            GE shift        137    
                        BITAND shift        135    
                         BITOR shift        135    
                        LSHIFT shift        135    
                        RSHIFT shift        135    
                          PLUS shift        134    
                         MINUS shift        134    
                          STAR shift        133    
                         SLASH shift        133    
                           REM shift        133    
                        CONCAT shift        132    
                           PTR shift        129    
                       COLLATE shift        453    
                     sortorder shift        384    
                        likeop shift        131    
                    between_op shift        128    
                         in_op shift        236    
                     {default} reduce       140    sortorder ::=

State 22:
          expr ::= expr * COLLATE ID|STRING
          expr ::= expr * AND expr
          expr ::= expr * OR expr
          expr ::= expr * LT|GT|GE|LE expr
          expr ::= expr * EQ|NE expr
          expr ::= expr * BITAND|BITOR|LSHIFT|RSHIFT expr
          expr ::= expr * PLUS|MINUS expr
          expr ::= expr * STAR|SLASH|REM expr
          expr ::= expr * CONCAT expr
          likeop ::= * LIKE_KW|MATCH
          likeop ::= * NOT LIKE_KW|MATCH
          expr ::= expr * likeop expr
          expr ::= expr * likeop expr ESCAPE expr
          expr ::= expr * ISNULL|NOTNULL
          expr ::= expr * NOT NULL
          expr ::= expr * IS expr
          expr ::= expr * IS NOT expr
          expr ::= expr * IS NOT DISTINCT FROM expr
          expr ::= expr * IS DISTINCT FROM expr
          expr ::= expr * PTR expr
          between_op ::= * BETWEEN
          between_op ::= * NOT BETWEEN
          expr ::= expr * between_op expr AND expr
          in_op ::= * IN
          in_op ::= * NOT IN
          expr ::= expr * in_op LP exprlist RP
          expr ::= expr * in_op LP select RP
          expr ::= expr * in_op nm dbnm paren_exprlist
          cmd ::= ATTACH database_kw_opt expr AS expr * key_opt
    (287) key_opt ::= *
          key_opt ::= * KEY expr

                           NOT shift        415    
                            OR shift        138    
                           AND shift        139    
                            IS shift        92     
                         MATCH shift-reduce 383    likeop ::= LIKE_KW|MATCH
                       LIKE_KW shift-reduce 383    likeop ::= LIKE_KW|MATCH
                       BETWEEN shift-reduce 218    between_op ::= BETWEEN
                            IN shift-reduce 221    in_op ::= IN
                        ISNULL shift-reduce 208    expr ::= expr ISNULL|NOTNULL
                       NOTNULL shift-reduce 208    expr ::= expr ISNULL|NOTNULL
                            NE shift        136    
                            EQ shift        136    
                            GT shift        137    
                            LE shift        137    
                            LT shift        137    
                            GE shift        137    
                           KEY shift        94     
                        BITAND shift        135    
                         BITOR shift        135    
                        LSHIFT shift        135    
                        RSHIFT shift        135    
                          PLUS shift        134    
                         MINUS shift        134    
                          STAR shift        133    
                         SLASH shift        133    
                           REM shift        133    
                        CONCAT shift        132    
                           PTR shift        129    
                       COLLATE shift        453    
                        likeop shift        131    
                    between_op shift        128    
                         in_op shift        236    
                       key_opt shift-reduce 285    cmd ::= ATTACH database_kw_opt expr AS expr key_opt
                     {default} reduce       287    key_opt ::=

State 23:
     (30) scanpt ::= *
          selcollist ::= sclp scanpt expr * scanpt as
          expr ::= expr * COLLATE ID|STRING
          expr ::= expr * AND expr
          expr ::= expr * OR expr
          expr ::= expr * LT|GT|GE|LE expr
          expr ::= expr * EQ|NE expr
          expr ::= expr * BITAND|BITOR|LSHIFT|RSHIFT expr
          expr ::= expr * PLUS|MINUS expr
          expr ::= expr * STAR|SLASH|REM expr
          expr ::= expr * CONCAT expr
          likeop ::= * LIKE_KW|MATCH
          likeop ::= * NOT LIKE_KW|MATCH
          expr ::= expr * likeop expr
          expr ::= expr * likeop expr ESCAPE expr
          expr ::= expr * ISNULL|NOTNULL
          expr ::= expr * NOT NULL
          expr ::= expr * IS expr
          expr ::= expr * IS NOT expr
          expr ::= expr * IS NOT DISTINCT FROM expr
          expr ::= expr * IS DISTINCT FROM expr
          expr ::= expr * PTR expr
          between_op ::= * BETWEEN
          between_op ::= * NOT BETWEEN
          expr ::= expr * between_op expr AND expr
          in_op ::= * IN
          in_op ::= * NOT IN
          expr ::= expr * in_op LP exprlist RP
          expr ::= expr * in_op LP select RP
          expr ::= expr * in_op nm dbnm paren_exprlist

                           NOT shift        415    
                            OR shift        138    
                           AND shift        139    
                            IS shift        92     
                         MATCH shift-reduce 383    likeop ::= LIKE_KW|MATCH
                       LIKE_KW shift-reduce 383    likeop ::= LIKE_KW|MATCH
                       BETWEEN shift-reduce 218    between_op ::= BETWEEN
                            IN shift-reduce 221    in_op ::= IN
                        ISNULL shift-reduce 208    expr ::= expr ISNULL|NOTNULL
                       NOTNULL shift-reduce 208    expr ::= expr ISNULL|NOTNULL
                            NE shift        136    
                            EQ shift        136    
                            GT shift        137    
                            LE shift        137    
                            LT shift        137    
                            GE shift        137    
                        BITAND shift        135    
                         BITOR shift        135    
                        LSHIFT shift        135    
                        RSHIFT shift        135    
                          PLUS shift        134    
                         MINUS shift        134    
                          STAR shift        133    
                         SLASH shift        133    
                           REM shift        133    
                        CONCAT shift        132    
                           PTR shift        129    
                       COLLATE shift        453    
                        scanpt shift        285    
                        likeop shift        131    
                    between_op shift        128    
                         in_op shift        236    
                     {default} reduce       30     scanpt ::=

State 24:
          nm ::= * ID|INDEXED|JOIN_KW
          nm ::= * STRING
          sortlist ::= * sortlist COMMA expr sortorder nulls
          sortlist ::= * expr sortorder nulls
          upsert ::= ON CONFLICT LP * sortlist RP where_opt DO UPDATE SET setlist where_opt upsert
          upsert ::= ON CONFLICT LP * sortlist RP where_opt DO NOTHING upsert
          expr ::= * term
          expr ::= * LP expr RP
          expr ::= * ID|INDEXED|JOIN_KW
          expr ::= * nm DOT nm
          expr ::= * nm DOT nm DOT nm
          term ::= * NULL|FLOAT|BLOB
          term ::= * STRING
          term ::= * INTEGER
          expr ::= * VARIABLE
          expr ::= * expr COLLATE ID|STRING
          expr ::= * CAST LP expr AS typetoken RP
          expr ::= * ID|INDEXED|JOIN_KW LP distinct exprlist RP
          expr ::= * ID|INDEXED|JOIN_KW LP distinct exprlist ORDER BY sortlist RP
          expr ::= * ID|INDEXED|JOIN_KW LP STAR RP
          expr ::= * ID|INDEXED|JOIN_KW LP distinct exprlist RP filter_over
          expr ::= * ID|INDEXED|JOIN_KW LP distinct exprlist ORDER BY sortlist RP filter_over
          expr ::= * ID|INDEXED|JOIN_KW LP STAR RP filter_over
          term ::= * CTIME_KW
          expr ::= * LP nexprlist COMMA expr RP
          expr ::= * expr AND expr
          expr ::= * expr OR expr
          expr ::= * expr LT|GT|GE|LE expr
          expr ::= * expr EQ|NE expr
          expr ::= * expr BITAND|BITOR|LSHIFT|RSHIFT expr
          expr ::= * expr PLUS|MINUS expr
          expr ::= * expr STAR|SLASH|REM expr
          expr ::= * expr CONCAT expr
          expr ::= * expr likeop expr
          expr ::= * expr likeop expr ESCAPE expr
          expr ::= * expr ISNULL|NOTNULL
          expr ::= * expr NOT NULL
          expr ::= * expr IS expr
          expr ::= * expr IS NOT expr
          expr ::= * expr IS NOT DISTINCT FROM expr
          expr ::= * expr IS DISTINCT FROM expr
          expr ::= * NOT expr
          expr ::= * BITNOT expr
          expr ::= * PLUS|MINUS expr
          expr ::= * expr PTR expr
          expr ::= * expr between_op expr AND expr
          expr ::= * expr in_op LP exprlist RP
          expr ::= * LP select RP
          expr ::= * expr in_op LP select RP
          expr ::= * expr in_op nm dbnm paren_exprlist
          expr ::= * EXISTS LP select RP
          expr ::= * CASE case_operand case_exprlist case_else END
          expr ::= * RAISE LP IGNORE RP
          expr ::= * RAISE LP raisetype COMMA expr RP
          term ::= * QNUMBER

                           NOT shift        124    
                        EXISTS shift        574    
                            LP shift        4      
                          CAST shift        577    
                            ID shift        454    
                         RAISE shift        571    
                      CTIME_KW shift-reduce 195    term ::= CTIME_KW
                          PLUS shift        122    
                         MINUS shift        122    
                        BITNOT shift        123    
                       INDEXED shift        454    
                        STRING shift        583    
                       JOIN_KW shift        454    
                          NULL shift-reduce 183    term ::= NULL|FLOAT|BLOB
                         FLOAT shift-reduce 183    term ::= NULL|FLOAT|BLOB
                          BLOB shift-reduce 183    term ::= NULL|FLOAT|BLOB
                       INTEGER shift-reduce 185    term ::= INTEGER
                      VARIABLE shift-reduce 186    expr ::= VARIABLE
                          CASE shift        36     
                       QNUMBER shift-reduce 343    term ::= QNUMBER
                            nm shift        582    
                          term shift        20       /* because term==expr */
                          expr shift        20     
                      sortlist shift        428    

State 25:
          nm ::= * ID|INDEXED|JOIN_KW
          nm ::= * STRING
          sortlist ::= * sortlist COMMA expr sortorder nulls
          sortlist ::= * expr sortorder nulls
          expr ::= * term
          expr ::= * LP expr RP
          expr ::= * ID|INDEXED|JOIN_KW
          expr ::= * nm DOT nm
          expr ::= * nm DOT nm DOT nm
          term ::= * NULL|FLOAT|BLOB
          term ::= * STRING
          term ::= * INTEGER
          expr ::= * VARIABLE
          expr ::= * expr COLLATE ID|STRING
          expr ::= * CAST LP expr AS typetoken RP
          expr ::= * ID|INDEXED|JOIN_KW LP distinct exprlist RP
          expr ::= * ID|INDEXED|JOIN_KW LP distinct exprlist ORDER BY sortlist RP
          expr ::= * ID|INDEXED|JOIN_KW LP STAR RP
          expr ::= * ID|INDEXED|JOIN_KW LP distinct exprlist RP filter_over
          expr ::= * ID|INDEXED|JOIN_KW LP distinct exprlist ORDER BY sortlist RP filter_over
          expr ::= * ID|INDEXED|JOIN_KW LP STAR RP filter_over
          term ::= * CTIME_KW
          expr ::= * LP nexprlist COMMA expr RP
          expr ::= * expr AND expr
          expr ::= * expr OR expr
          expr ::= * expr LT|GT|GE|LE expr
          expr ::= * expr EQ|NE expr
          expr ::= * expr BITAND|BITOR|LSHIFT|RSHIFT expr
          expr ::= * expr PLUS|MINUS expr
          expr ::= * expr STAR|SLASH|REM expr
          expr ::= * expr CONCAT expr
          expr ::= * expr likeop expr
          expr ::= * expr likeop expr ESCAPE expr
          expr ::= * expr ISNULL|NOTNULL
          expr ::= * expr NOT NULL
          expr ::= * expr IS expr
          expr ::= * expr IS NOT expr
          expr ::= * expr IS NOT DISTINCT FROM expr
          expr ::= * expr IS DISTINCT FROM expr
          expr ::= * NOT expr
          expr ::= * BITNOT expr
          expr ::= * PLUS|MINUS expr
          expr ::= * expr PTR expr
          expr ::= * expr between_op expr AND expr
          expr ::= * expr in_op LP exprlist RP
          expr ::= * LP select RP
          expr ::= * expr in_op LP select RP
          expr ::= * expr in_op nm dbnm paren_exprlist
          expr ::= * EXISTS LP select RP
          expr ::= * CASE case_operand case_exprlist case_else END
          cmd ::= createkw uniqueflag INDEX ifnotexists nm dbnm ON nm LP * sortlist RP where_opt
          expr ::= * RAISE LP IGNORE RP
          expr ::= * RAISE LP raisetype COMMA expr RP
          term ::= * QNUMBER

                           NOT shift        124    
                        EXISTS shift        574    
                            LP shift        4      
                          CAST shift        577    
                            ID shift        454    
                         RAISE shift        571    
                      CTIME_KW shift-reduce 195    term ::= CTIME_KW
                          PLUS shift        122    
                         MINUS shift        122    
                        BITNOT shift        123    
                       INDEXED shift        454    
                        STRING shift        583    
                       JOIN_KW shift        454    
                          NULL shift-reduce 183    term ::= NULL|FLOAT|BLOB
                         FLOAT shift-reduce 183    term ::= NULL|FLOAT|BLOB
                          BLOB shift-reduce 183    term ::= NULL|FLOAT|BLOB
                       INTEGER shift-reduce 185    term ::= INTEGER
                      VARIABLE shift-reduce 186    expr ::= VARIABLE
                          CASE shift        36     
                       QNUMBER shift-reduce 343    term ::= QNUMBER
                            nm shift        582    
                          term shift        20       /* because term==expr */
                          expr shift        20     
                      sortlist shift        433    

State 26:
          nm ::= * ID|INDEXED|JOIN_KW
          nm ::= * STRING
          tcons ::= UNIQUE LP * sortlist RP onconf
          sortlist ::= * sortlist COMMA expr sortorder nulls
          sortlist ::= * expr sortorder nulls
          expr ::= * term
          expr ::= * LP expr RP
          expr ::= * ID|INDEXED|JOIN_KW
          expr ::= * nm DOT nm
          expr ::= * nm DOT nm DOT nm
          term ::= * NULL|FLOAT|BLOB
          term ::= * STRING
          term ::= * INTEGER
          expr ::= * VARIABLE
          expr ::= * expr COLLATE ID|STRING
          expr ::= * CAST LP expr AS typetoken RP
          expr ::= * ID|INDEXED|JOIN_KW LP distinct exprlist RP
          expr ::= * ID|INDEXED|JOIN_KW LP distinct exprlist ORDER BY sortlist RP
          expr ::= * ID|INDEXED|JOIN_KW LP STAR RP
          expr ::= * ID|INDEXED|JOIN_KW LP distinct exprlist RP filter_over
          expr ::= * ID|INDEXED|JOIN_KW LP distinct exprlist ORDER BY sortlist RP filter_over
          expr ::= * ID|INDEXED|JOIN_KW LP STAR RP filter_over
          term ::= * CTIME_KW
          expr ::= * LP nexprlist COMMA expr RP
          expr ::= * expr AND expr
          expr ::= * expr OR expr
          expr ::= * expr LT|GT|GE|LE expr
          expr ::= * expr EQ|NE expr
          expr ::= * expr BITAND|BITOR|LSHIFT|RSHIFT expr
          expr ::= * expr PLUS|MINUS expr
          expr ::= * expr STAR|SLASH|REM expr
          expr ::= * expr CONCAT expr
          expr ::= * expr likeop expr
          expr ::= * expr likeop expr ESCAPE expr
          expr ::= * expr ISNULL|NOTNULL
          expr ::= * expr NOT NULL
          expr ::= * expr IS expr
          expr ::= * expr IS NOT expr
          expr ::= * expr IS NOT DISTINCT FROM expr
          expr ::= * expr IS DISTINCT FROM expr
          expr ::= * NOT expr
          expr ::= * BITNOT expr
          expr ::= * PLUS|MINUS expr
          expr ::= * expr PTR expr
          expr ::= * expr between_op expr AND expr
          expr ::= * expr in_op LP exprlist RP
          expr ::= * LP select RP
          expr ::= * expr in_op LP select RP
          expr ::= * expr in_op nm dbnm paren_exprlist
          expr ::= * EXISTS LP select RP
          expr ::= * CASE case_operand case_exprlist case_else END
          expr ::= * RAISE LP IGNORE RP
          expr ::= * RAISE LP raisetype COMMA expr RP
          term ::= * QNUMBER

                           NOT shift        124    
                        EXISTS shift        574    
                            LP shift        4      
                          CAST shift        577    
                            ID shift        454    
                         RAISE shift        571    
                      CTIME_KW shift-reduce 195    term ::= CTIME_KW
                          PLUS shift        122    
                         MINUS shift        122    
                        BITNOT shift        123    
                       INDEXED shift        454    
                        STRING shift        583    
                       JOIN_KW shift        454    
                          NULL shift-reduce 183    term ::= NULL|FLOAT|BLOB
                         FLOAT shift-reduce 183    term ::= NULL|FLOAT|BLOB
                          BLOB shift-reduce 183    term ::= NULL|FLOAT|BLOB
                       INTEGER shift-reduce 185    term ::= INTEGER
                      VARIABLE shift-reduce 186    expr ::= VARIABLE
                          CASE shift        36     
                       QNUMBER shift-reduce 343    term ::= QNUMBER
                            nm shift        582    
                          term shift        20       /* because term==expr */
                          expr shift        20     
                      sortlist shift        435    

State 27:
          nm ::= * ID|INDEXED|JOIN_KW
          nm ::= * STRING
          tcons ::= PRIMARY KEY LP * sortlist autoinc RP onconf
          sortlist ::= * sortlist COMMA expr sortorder nulls
          sortlist ::= * expr sortorder nulls
          expr ::= * term
          expr ::= * LP expr RP
          expr ::= * ID|INDEXED|JOIN_KW
          expr ::= * nm DOT nm
          expr ::= * nm DOT nm DOT nm
          term ::= * NULL|FLOAT|BLOB
          term ::= * STRING
          term ::= * INTEGER
          expr ::= * VARIABLE
          expr ::= * expr COLLATE ID|STRING
          expr ::= * CAST LP expr AS typetoken RP
          expr ::= * ID|INDEXED|JOIN_KW LP distinct exprlist RP
          expr ::= * ID|INDEXED|JOIN_KW LP distinct exprlist ORDER BY sortlist RP
          expr ::= * ID|INDEXED|JOIN_KW LP STAR RP
          expr ::= * ID|INDEXED|JOIN_KW LP distinct exprlist RP filter_over
          expr ::= * ID|INDEXED|JOIN_KW LP distinct exprlist ORDER BY sortlist RP filter_over
          expr ::= * ID|INDEXED|JOIN_KW LP STAR RP filter_over
          term ::= * CTIME_KW
          expr ::= * LP nexprlist COMMA expr RP
          expr ::= * expr AND expr
          expr ::= * expr OR expr
          expr ::= * expr LT|GT|GE|LE expr
          expr ::= * expr EQ|NE expr
          expr ::= * expr BITAND|BITOR|LSHIFT|RSHIFT expr
          expr ::= * expr PLUS|MINUS expr
          expr ::= * expr STAR|SLASH|REM expr
          expr ::= * expr CONCAT expr
          expr ::= * expr likeop expr
          expr ::= * expr likeop expr ESCAPE expr
          expr ::= * expr ISNULL|NOTNULL
          expr ::= * expr NOT NULL
          expr ::= * expr IS expr
          expr ::= * expr IS NOT expr
          expr ::= * expr IS NOT DISTINCT FROM expr
          expr ::= * expr IS DISTINCT FROM expr
          expr ::= * NOT expr
          expr ::= * BITNOT expr
          expr ::= * PLUS|MINUS expr
          expr ::= * expr PTR expr
          expr ::= * expr between_op expr AND expr
          expr ::= * expr in_op LP exprlist RP
          expr ::= * LP select RP
          expr ::= * expr in_op LP select RP
          expr ::= * expr in_op nm dbnm paren_exprlist
          expr ::= * EXISTS LP select RP
          expr ::= * CASE case_operand case_exprlist case_else END
          expr ::= * RAISE LP IGNORE RP
          expr ::= * RAISE LP raisetype COMMA expr RP
          term ::= * QNUMBER

                           NOT shift        124    
                        EXISTS shift        574    
                            LP shift        4      
                          CAST shift        577    
                            ID shift        454    
                         RAISE shift        571    
                      CTIME_KW shift-reduce 195    term ::= CTIME_KW
                          PLUS shift        122    
                         MINUS shift        122    
                        BITNOT shift        123    
                       INDEXED shift        454    
                        STRING shift        583    
                       JOIN_KW shift        454    
                          NULL shift-reduce 183    term ::= NULL|FLOAT|BLOB
                         FLOAT shift-reduce 183    term ::= NULL|FLOAT|BLOB
                          BLOB shift-reduce 183    term ::= NULL|FLOAT|BLOB
                       INTEGER shift-reduce 185    term ::= INTEGER
                      VARIABLE shift-reduce 186    expr ::= VARIABLE
                          CASE shift        36     
                       QNUMBER shift-reduce 343    term ::= QNUMBER
                            nm shift        582    
                          term shift        20       /* because term==expr */
                          expr shift        20     
                      sortlist shift        308    

State 28:
          nm ::= * ID|INDEXED|JOIN_KW
          nm ::= * STRING
          sortlist ::= * sortlist COMMA expr sortorder nulls
          sortlist ::= * expr sortorder nulls
          expr ::= * term
          expr ::= * LP expr RP
          expr ::= * ID|INDEXED|JOIN_KW
          expr ::= * nm DOT nm
          expr ::= * nm DOT nm DOT nm
          term ::= * NULL|FLOAT|BLOB
          term ::= * STRING
          term ::= * INTEGER
          expr ::= * VARIABLE
          expr ::= * expr COLLATE ID|STRING
          expr ::= * CAST LP expr AS typetoken RP
          expr ::= * ID|INDEXED|JOIN_KW LP distinct exprlist RP
          expr ::= * ID|INDEXED|JOIN_KW LP distinct exprlist ORDER BY sortlist RP
          expr ::= ID|INDEXED|JOIN_KW LP distinct exprlist ORDER BY * sortlist RP
          expr ::= * ID|INDEXED|JOIN_KW LP STAR RP
          expr ::= * ID|INDEXED|JOIN_KW LP distinct exprlist RP filter_over
          expr ::= * ID|INDEXED|JOIN_KW LP distinct exprlist ORDER BY sortlist RP filter_over
          expr ::= ID|INDEXED|JOIN_KW LP distinct exprlist ORDER BY * sortlist RP filter_over
          expr ::= * ID|INDEXED|JOIN_KW LP STAR RP filter_over
          term ::= * CTIME_KW
          expr ::= * LP nexprlist COMMA expr RP
          expr ::= * expr AND expr
          expr ::= * expr OR expr
          expr ::= * expr LT|GT|GE|LE expr
          expr ::= * expr EQ|NE expr
          expr ::= * expr BITAND|BITOR|LSHIFT|RSHIFT expr
          expr ::= * expr PLUS|MINUS expr
          expr ::= * expr STAR|SLASH|REM expr
          expr ::= * expr CONCAT expr
          expr ::= * expr likeop expr
          expr ::= * expr likeop expr ESCAPE expr
          expr ::= * expr ISNULL|NOTNULL
          expr ::= * expr NOT NULL
          expr ::= * expr IS expr
          expr ::= * expr IS NOT expr
          expr ::= * expr IS NOT DISTINCT FROM expr
          expr ::= * expr IS DISTINCT FROM expr
          expr ::= * NOT expr
          expr ::= * BITNOT expr
          expr ::= * PLUS|MINUS expr
          expr ::= * expr PTR expr
          expr ::= * expr between_op expr AND expr
          expr ::= * expr in_op LP exprlist RP
          expr ::= * LP select RP
          expr ::= * expr in_op LP select RP
          expr ::= * expr in_op nm dbnm paren_exprlist
          expr ::= * EXISTS LP select RP
          expr ::= * CASE case_operand case_exprlist case_else END
          expr ::= * RAISE LP IGNORE RP
          expr ::= * RAISE LP raisetype COMMA expr RP
          term ::= * QNUMBER

                           NOT shift        124    
                        EXISTS shift        574    
                            LP shift        4      
                          CAST shift        577    
                            ID shift        454    
                         RAISE shift        571    
                      CTIME_KW shift-reduce 195    term ::= CTIME_KW
                          PLUS shift        122    
                         MINUS shift        122    
                        BITNOT shift        123    
                       INDEXED shift        454    
                        STRING shift        583    
                       JOIN_KW shift        454    
                          NULL shift-reduce 183    term ::= NULL|FLOAT|BLOB
                         FLOAT shift-reduce 183    term ::= NULL|FLOAT|BLOB
                          BLOB shift-reduce 183    term ::= NULL|FLOAT|BLOB
                       INTEGER shift-reduce 185    term ::= INTEGER
                      VARIABLE shift-reduce 186    expr ::= VARIABLE
                          CASE shift        36     
                       QNUMBER shift-reduce 343    term ::= QNUMBER
                            nm shift        582    
                          term shift        20       /* because term==expr */
                          expr shift        20     
                      sortlist shift        440    

State 29:
          nm ::= * ID|INDEXED|JOIN_KW
          nm ::= * STRING
          groupby_opt ::= GROUP BY * nexprlist
          expr ::= * term
          expr ::= * LP expr RP
          expr ::= * ID|INDEXED|JOIN_KW
          expr ::= * nm DOT nm
          expr ::= * nm DOT nm DOT nm
          term ::= * NULL|FLOAT|BLOB
          term ::= * STRING
          term ::= * INTEGER
          expr ::= * VARIABLE
          expr ::= * expr COLLATE ID|STRING
          expr ::= * CAST LP expr AS typetoken RP
          expr ::= * ID|INDEXED|JOIN_KW LP distinct exprlist RP
          expr ::= * ID|INDEXED|JOIN_KW LP distinct exprlist ORDER BY sortlist RP
          expr ::= * ID|INDEXED|JOIN_KW LP STAR RP
          expr ::= * ID|INDEXED|JOIN_KW LP distinct exprlist RP filter_over
          expr ::= * ID|INDEXED|JOIN_KW LP distinct exprlist ORDER BY sortlist RP filter_over
          expr ::= * ID|INDEXED|JOIN_KW LP STAR RP filter_over
          term ::= * CTIME_KW
          expr ::= * LP nexprlist COMMA expr RP
          expr ::= * expr AND expr
          expr ::= * expr OR expr
          expr ::= * expr LT|GT|GE|LE expr
          expr ::= * expr EQ|NE expr
          expr ::= * expr BITAND|BITOR|LSHIFT|RSHIFT expr
          expr ::= * expr PLUS|MINUS expr
          expr ::= * expr STAR|SLASH|REM expr
          expr ::= * expr CONCAT expr
          expr ::= * expr likeop expr
          expr ::= * expr likeop expr ESCAPE expr
          expr ::= * expr ISNULL|NOTNULL
          expr ::= * expr NOT NULL
          expr ::= * expr IS expr
          expr ::= * expr IS NOT expr
          expr ::= * expr IS NOT DISTINCT FROM expr
          expr ::= * expr IS DISTINCT FROM expr
          expr ::= * NOT expr
          expr ::= * BITNOT expr
          expr ::= * PLUS|MINUS expr
          expr ::= * expr PTR expr
          expr ::= * expr between_op expr AND expr
          expr ::= * expr in_op LP exprlist RP
          expr ::= * LP select RP
          expr ::= * expr in_op LP select RP
          expr ::= * expr in_op nm dbnm paren_exprlist
          expr ::= * EXISTS LP select RP
          expr ::= * CASE case_operand case_exprlist case_else END
          nexprlist ::= * nexprlist COMMA expr
          nexprlist ::= * expr
          expr ::= * RAISE LP IGNORE RP
          expr ::= * RAISE LP raisetype COMMA expr RP
          term ::= * QNUMBER

                           NOT shift        124    
                        EXISTS shift        574    
                            LP shift        4      
                          CAST shift        577    
                            ID shift        454    
                         RAISE shift        571    
                      CTIME_KW shift-reduce 195    term ::= CTIME_KW
                          PLUS shift        122    
                         MINUS shift        122    
                        BITNOT shift        123    
                       INDEXED shift        454    
                        STRING shift        583    
                       JOIN_KW shift        454    
                          NULL shift-reduce 183    term ::= NULL|FLOAT|BLOB
                         FLOAT shift-reduce 183    term ::= NULL|FLOAT|BLOB
                          BLOB shift-reduce 183    term ::= NULL|FLOAT|BLOB
                       INTEGER shift-reduce 185    term ::= INTEGER
                      VARIABLE shift-reduce 186    expr ::= VARIABLE
                          CASE shift        36     
                       QNUMBER shift-reduce 343    term ::= QNUMBER
                            nm shift        582    
                          term shift        83       /* because term==expr */
                          expr shift        83     
                     nexprlist shift        542    

State 30:
          nm ::= * ID|INDEXED|JOIN_KW
          nm ::= * STRING
          sortlist ::= * sortlist COMMA expr sortorder nulls
          sortlist ::= * expr sortorder nulls
          expr ::= * term
          expr ::= * LP expr RP
          expr ::= * ID|INDEXED|JOIN_KW
          expr ::= * nm DOT nm
          expr ::= * nm DOT nm DOT nm
          term ::= * NULL|FLOAT|BLOB
          term ::= * STRING
          term ::= * INTEGER
          expr ::= * VARIABLE
          expr ::= * expr COLLATE ID|STRING
          expr ::= * CAST LP expr AS typetoken RP
          expr ::= * ID|INDEXED|JOIN_KW LP distinct exprlist RP
          expr ::= * ID|INDEXED|JOIN_KW LP distinct exprlist ORDER BY sortlist RP
          expr ::= * ID|INDEXED|JOIN_KW LP STAR RP
          expr ::= * ID|INDEXED|JOIN_KW LP distinct exprlist RP filter_over
          expr ::= * ID|INDEXED|JOIN_KW LP distinct exprlist ORDER BY sortlist RP filter_over
          expr ::= * ID|INDEXED|JOIN_KW LP STAR RP filter_over
          term ::= * CTIME_KW
          expr ::= * LP nexprlist COMMA expr RP
          expr ::= * expr AND expr
          expr ::= * expr OR expr
          expr ::= * expr LT|GT|GE|LE expr
          expr ::= * expr EQ|NE expr
          expr ::= * expr BITAND|BITOR|LSHIFT|RSHIFT expr
          expr ::= * expr PLUS|MINUS expr
          expr ::= * expr STAR|SLASH|REM expr
          expr ::= * expr CONCAT expr
          expr ::= * expr likeop expr
          expr ::= * expr likeop expr ESCAPE expr
          expr ::= * expr ISNULL|NOTNULL
          expr ::= * expr NOT NULL
          expr ::= * expr IS expr
          expr ::= * expr IS NOT expr
          expr ::= * expr IS NOT DISTINCT FROM expr
          expr ::= * expr IS DISTINCT FROM expr
          expr ::= * NOT expr
          expr ::= * BITNOT expr
          expr ::= * PLUS|MINUS expr
          expr ::= * expr PTR expr
          expr ::= * expr between_op expr AND expr
          expr ::= * expr in_op LP exprlist RP
          expr ::= * LP select RP
          expr ::= * expr in_op LP select RP
          expr ::= * expr in_op nm dbnm paren_exprlist
          expr ::= * EXISTS LP select RP
          expr ::= * CASE case_operand case_exprlist case_else END
          expr ::= * RAISE LP IGNORE RP
          expr ::= * RAISE LP raisetype COMMA expr RP
          window ::= ORDER BY * sortlist frame_opt
          term ::= * QNUMBER

                           NOT shift        124    
                        EXISTS shift        574    
                            LP shift        4      
                          CAST shift        577    
                            ID shift        454    
                         RAISE shift        571    
                      CTIME_KW shift-reduce 195    term ::= CTIME_KW
                          PLUS shift        122    
                         MINUS shift        122    
                        BITNOT shift        123    
                       INDEXED shift        454    
                        STRING shift        583    
                       JOIN_KW shift        454    
                          NULL shift-reduce 183    term ::= NULL|FLOAT|BLOB
                         FLOAT shift-reduce 183    term ::= NULL|FLOAT|BLOB
                          BLOB shift-reduce 183    term ::= NULL|FLOAT|BLOB
                       INTEGER shift-reduce 185    term ::= INTEGER
                      VARIABLE shift-reduce 186    expr ::= VARIABLE
                          CASE shift        36     
                       QNUMBER shift-reduce 343    term ::= QNUMBER
                            nm shift        582    
                          term shift        20       /* because term==expr */
                          expr shift        20     
                      sortlist shift        208    

State 31:
          nm ::= * ID|INDEXED|JOIN_KW
          nm ::= * STRING
          sortlist ::= * sortlist COMMA expr sortorder nulls
          sortlist ::= * expr sortorder nulls
          expr ::= * term
          expr ::= * LP expr RP
          expr ::= * ID|INDEXED|JOIN_KW
          expr ::= * nm DOT nm
          expr ::= * nm DOT nm DOT nm
          term ::= * NULL|FLOAT|BLOB
          term ::= * STRING
          term ::= * INTEGER
          expr ::= * VARIABLE
          expr ::= * expr COLLATE ID|STRING
          expr ::= * CAST LP expr AS typetoken RP
          expr ::= * ID|INDEXED|JOIN_KW LP distinct exprlist RP
          expr ::= * ID|INDEXED|JOIN_KW LP distinct exprlist ORDER BY sortlist RP
          expr ::= * ID|INDEXED|JOIN_KW LP STAR RP
          expr ::= * ID|INDEXED|JOIN_KW LP distinct exprlist RP filter_over
          expr ::= * ID|INDEXED|JOIN_KW LP distinct exprlist ORDER BY sortlist RP filter_over
          expr ::= * ID|INDEXED|JOIN_KW LP STAR RP filter_over
          term ::= * CTIME_KW
          expr ::= * LP nexprlist COMMA expr RP
          expr ::= * expr AND expr
          expr ::= * expr OR expr
          expr ::= * expr LT|GT|GE|LE expr
          expr ::= * expr EQ|NE expr
          expr ::= * expr BITAND|BITOR|LSHIFT|RSHIFT expr
          expr ::= * expr PLUS|MINUS expr
          expr ::= * expr STAR|SLASH|REM expr
          expr ::= * expr CONCAT expr
          expr ::= * expr likeop expr
          expr ::= * expr likeop expr ESCAPE expr
          expr ::= * expr ISNULL|NOTNULL
          expr ::= * expr NOT NULL
          expr ::= * expr IS expr
          expr ::= * expr IS NOT expr
          expr ::= * expr IS NOT DISTINCT FROM expr
          expr ::= * expr IS DISTINCT FROM expr
          expr ::= * NOT expr
          expr ::= * BITNOT expr
          expr ::= * PLUS|MINUS expr
          expr ::= * expr PTR expr
          expr ::= * expr between_op expr AND expr
          expr ::= * expr in_op LP exprlist RP
          expr ::= * LP select RP
          expr ::= * expr in_op LP select RP
          expr ::= * expr in_op nm dbnm paren_exprlist
          expr ::= * EXISTS LP select RP
          expr ::= * CASE case_operand case_exprlist case_else END
          expr ::= * RAISE LP IGNORE RP
          expr ::= * RAISE LP raisetype COMMA expr RP
          window ::= nm ORDER BY * sortlist frame_opt
          term ::= * QNUMBER

                           NOT shift        124    
                        EXISTS shift        574    
                            LP shift        4      
                          CAST shift        577    
                            ID shift        454    
                         RAISE shift        571    
                      CTIME_KW shift-reduce 195    term ::= CTIME_KW
                          PLUS shift        122    
                         MINUS shift        122    
                        BITNOT shift        123    
                       INDEXED shift        454    
                        STRING shift        583    
                       JOIN_KW shift        454    
                          NULL shift-reduce 183    term ::= NULL|FLOAT|BLOB
                         FLOAT shift-reduce 183    term ::= NULL|FLOAT|BLOB
                          BLOB shift-reduce 183    term ::= NULL|FLOAT|BLOB
                       INTEGER shift-reduce 185    term ::= INTEGER
                      VARIABLE shift-reduce 186    expr ::= VARIABLE
                          CASE shift        36     
                       QNUMBER shift-reduce 343    term ::= QNUMBER
                            nm shift        582    
                          term shift        20       /* because term==expr */
                          expr shift        20     
                      sortlist shift        209    

State 32:
          nm ::= * ID|INDEXED|JOIN_KW
          nm ::= * STRING
          expr ::= * term
          expr ::= * LP expr RP
          expr ::= * ID|INDEXED|JOIN_KW
          expr ::= * nm DOT nm
          expr ::= * nm DOT nm DOT nm
          term ::= * NULL|FLOAT|BLOB
          term ::= * STRING
          term ::= * INTEGER
          expr ::= * VARIABLE
          expr ::= * expr COLLATE ID|STRING
          expr ::= * CAST LP expr AS typetoken RP
          expr ::= * ID|INDEXED|JOIN_KW LP distinct exprlist RP
          expr ::= * ID|INDEXED|JOIN_KW LP distinct exprlist ORDER BY sortlist RP
          expr ::= * ID|INDEXED|JOIN_KW LP STAR RP
          expr ::= * ID|INDEXED|JOIN_KW LP distinct exprlist RP filter_over
          expr ::= * ID|INDEXED|JOIN_KW LP distinct exprlist ORDER BY sortlist RP filter_over
          expr ::= * ID|INDEXED|JOIN_KW LP STAR RP filter_over
          term ::= * CTIME_KW
          expr ::= * LP nexprlist COMMA expr RP
          expr ::= * expr AND expr
          expr ::= * expr OR expr
          expr ::= * expr LT|GT|GE|LE expr
          expr ::= * expr EQ|NE expr
          expr ::= * expr BITAND|BITOR|LSHIFT|RSHIFT expr
          expr ::= * expr PLUS|MINUS expr
          expr ::= * expr STAR|SLASH|REM expr
          expr ::= * expr CONCAT expr
          expr ::= * expr likeop expr
          expr ::= * expr likeop expr ESCAPE expr
          expr ::= * expr ISNULL|NOTNULL
          expr ::= * expr NOT NULL
          expr ::= * expr IS expr
          expr ::= * expr IS NOT expr
          expr ::= * expr IS NOT DISTINCT FROM expr
          expr ::= * expr IS DISTINCT FROM expr
          expr ::= * NOT expr
          expr ::= * BITNOT expr
          expr ::= * PLUS|MINUS expr
          expr ::= * expr PTR expr
          expr ::= * expr between_op expr AND expr
          expr ::= * expr in_op LP exprlist RP
          expr ::= * LP select RP
          expr ::= * expr in_op LP select RP
          expr ::= * expr in_op nm dbnm paren_exprlist
          expr ::= * EXISTS LP select RP
          expr ::= * CASE case_operand case_exprlist case_else END
          nexprlist ::= * nexprlist COMMA expr
          nexprlist ::= * expr
          expr ::= * RAISE LP IGNORE RP
          expr ::= * RAISE LP raisetype COMMA expr RP
          window ::= nm PARTITION BY * nexprlist orderby_opt frame_opt
          term ::= * QNUMBER

                           NOT shift        124    
                        EXISTS shift        574    
                            LP shift        4      
                          CAST shift        577    
                            ID shift        454    
                         RAISE shift        571    
                      CTIME_KW shift-reduce 195    term ::= CTIME_KW
                          PLUS shift        122    
                         MINUS shift        122    
                        BITNOT shift        123    
                       INDEXED shift        454    
                        STRING shift        583    
                       JOIN_KW shift        454    
                          NULL shift-reduce 183    term ::= NULL|FLOAT|BLOB
                         FLOAT shift-reduce 183    term ::= NULL|FLOAT|BLOB
                          BLOB shift-reduce 183    term ::= NULL|FLOAT|BLOB
                       INTEGER shift-reduce 185    term ::= INTEGER
                      VARIABLE shift-reduce 186    expr ::= VARIABLE
                          CASE shift        36     
                       QNUMBER shift-reduce 343    term ::= QNUMBER
                            nm shift        582    
                          term shift        83       /* because term==expr */
                          expr shift        83     
                     nexprlist shift        318    

State 33:
          nm ::= * ID|INDEXED|JOIN_KW
          nm ::= * STRING
          expr ::= * term
          expr ::= * LP expr RP
          expr ::= * ID|INDEXED|JOIN_KW
          expr ::= * nm DOT nm
          expr ::= * nm DOT nm DOT nm
          term ::= * NULL|FLOAT|BLOB
          term ::= * STRING
          term ::= * INTEGER
          expr ::= * VARIABLE
          expr ::= * expr COLLATE ID|STRING
          expr ::= * CAST LP expr AS typetoken RP
          expr ::= * ID|INDEXED|JOIN_KW LP distinct exprlist RP
          expr ::= * ID|INDEXED|JOIN_KW LP distinct exprlist ORDER BY sortlist RP
          expr ::= * ID|INDEXED|JOIN_KW LP STAR RP
          expr ::= * ID|INDEXED|JOIN_KW LP distinct exprlist RP filter_over
          expr ::= * ID|INDEXED|JOIN_KW LP distinct exprlist ORDER BY sortlist RP filter_over
          expr ::= * ID|INDEXED|JOIN_KW LP STAR RP filter_over
          term ::= * CTIME_KW
          expr ::= * LP nexprlist COMMA expr RP
          expr ::= * expr AND expr
          expr ::= * expr OR expr
          expr ::= * expr LT|GT|GE|LE expr
          expr ::= * expr EQ|NE expr
          expr ::= * expr BITAND|BITOR|LSHIFT|RSHIFT expr
          expr ::= * expr PLUS|MINUS expr
          expr ::= * expr STAR|SLASH|REM expr
          expr ::= * expr CONCAT expr
          expr ::= * expr likeop expr
          expr ::= * expr likeop expr ESCAPE expr
          expr ::= * expr ISNULL|NOTNULL
          expr ::= * expr NOT NULL
          expr ::= * expr IS expr
          expr ::= * expr IS NOT expr
          expr ::= * expr IS NOT DISTINCT FROM expr
          expr ::= * expr IS DISTINCT FROM expr
          expr ::= * NOT expr
          expr ::= * BITNOT expr
          expr ::= * PLUS|MINUS expr
          expr ::= * expr PTR expr
          expr ::= * expr between_op expr AND expr
          expr ::= * expr in_op LP exprlist RP
          expr ::= * LP select RP
          expr ::= * expr in_op LP select RP
          expr ::= * expr in_op nm dbnm paren_exprlist
          expr ::= * EXISTS LP select RP
          expr ::= * CASE case_operand case_exprlist case_else END
          nexprlist ::= * nexprlist COMMA expr
          nexprlist ::= * expr
          expr ::= * RAISE LP IGNORE RP
          expr ::= * RAISE LP raisetype COMMA expr RP
          window ::= PARTITION BY * nexprlist orderby_opt frame_opt
          term ::= * QNUMBER

                           NOT shift        124    
                        EXISTS shift        574    
                            LP shift        4      
                          CAST shift        577    
                            ID shift        454    
                         RAISE shift        571    
                      CTIME_KW shift-reduce 195    term ::= CTIME_KW
                          PLUS shift        122    
                         MINUS shift        122    
                        BITNOT shift        123    
                       INDEXED shift        454    
                        STRING shift        583    
                       JOIN_KW shift        454    
                          NULL shift-reduce 183    term ::= NULL|FLOAT|BLOB
                         FLOAT shift-reduce 183    term ::= NULL|FLOAT|BLOB
                          BLOB shift-reduce 183    term ::= NULL|FLOAT|BLOB
                       INTEGER shift-reduce 185    term ::= INTEGER
                      VARIABLE shift-reduce 186    expr ::= VARIABLE
                          CASE shift        36     
                       QNUMBER shift-reduce 343    term ::= QNUMBER
                            nm shift        582    
                          term shift        83       /* because term==expr */
                          expr shift        83     
                     nexprlist shift        319    

State 34:
          nm ::= * ID|INDEXED|JOIN_KW
          nm ::= * STRING
          orderby_opt ::= ORDER BY * sortlist
          sortlist ::= * sortlist COMMA expr sortorder nulls
          sortlist ::= * expr sortorder nulls
          expr ::= * term
          expr ::= * LP expr RP
          expr ::= * ID|INDEXED|JOIN_KW
          expr ::= * nm DOT nm
          expr ::= * nm DOT nm DOT nm
          term ::= * NULL|FLOAT|BLOB
          term ::= * STRING
          term ::= * INTEGER
          expr ::= * VARIABLE
          expr ::= * expr COLLATE ID|STRING
          expr ::= * CAST LP expr AS typetoken RP
          expr ::= * ID|INDEXED|JOIN_KW LP distinct exprlist RP
          expr ::= * ID|INDEXED|JOIN_KW LP distinct exprlist ORDER BY sortlist RP
          expr ::= * ID|INDEXED|JOIN_KW LP STAR RP
          expr ::= * ID|INDEXED|JOIN_KW LP distinct exprlist RP filter_over
          expr ::= * ID|INDEXED|JOIN_KW LP distinct exprlist ORDER BY sortlist RP filter_over
          expr ::= * ID|INDEXED|JOIN_KW LP STAR RP filter_over
          term ::= * CTIME_KW
          expr ::= * LP nexprlist COMMA expr RP
          expr ::= * expr AND expr
          expr ::= * expr OR expr
          expr ::= * expr LT|GT|GE|LE expr
          expr ::= * expr EQ|NE expr
          expr ::= * expr BITAND|BITOR|LSHIFT|RSHIFT expr
          expr ::= * expr PLUS|MINUS expr
          expr ::= * expr STAR|SLASH|REM expr
          expr ::= * expr CONCAT expr
          expr ::= * expr likeop expr
          expr ::= * expr likeop expr ESCAPE expr
          expr ::= * expr ISNULL|NOTNULL
          expr ::= * expr NOT NULL
          expr ::= * expr IS expr
          expr ::= * expr IS NOT expr
          expr ::= * expr IS NOT DISTINCT FROM expr
          expr ::= * expr IS DISTINCT FROM expr
          expr ::= * NOT expr
          expr ::= * BITNOT expr
          expr ::= * PLUS|MINUS expr
          expr ::= * expr PTR expr
          expr ::= * expr between_op expr AND expr
          expr ::= * expr in_op LP exprlist RP
          expr ::= * LP select RP
          expr ::= * expr in_op LP select RP
          expr ::= * expr in_op nm dbnm paren_exprlist
          expr ::= * EXISTS LP select RP
          expr ::= * CASE case_operand case_exprlist case_else END
          expr ::= * RAISE LP IGNORE RP
          expr ::= * RAISE LP raisetype COMMA expr RP
          term ::= * QNUMBER

                           NOT shift        124    
                        EXISTS shift        574    
                            LP shift        4      
                          CAST shift        577    
                            ID shift        454    
                         RAISE shift        571    
                      CTIME_KW shift-reduce 195    term ::= CTIME_KW
                          PLUS shift        122    
                         MINUS shift        122    
                        BITNOT shift        123    
                       INDEXED shift        454    
                        STRING shift        583    
                       JOIN_KW shift        454    
                          NULL shift-reduce 183    term ::= NULL|FLOAT|BLOB
                         FLOAT shift-reduce 183    term ::= NULL|FLOAT|BLOB
                          BLOB shift-reduce 183    term ::= NULL|FLOAT|BLOB
                       INTEGER shift-reduce 185    term ::= INTEGER
                      VARIABLE shift-reduce 186    expr ::= VARIABLE
                          CASE shift        36     
                       QNUMBER shift-reduce 343    term ::= QNUMBER
                            nm shift        582    
                          term shift        20       /* because term==expr */
                          expr shift        20     
                      sortlist shift        558    

State 35:
          nm ::= * ID|INDEXED|JOIN_KW
          nm ::= * STRING
          mvalues ::= mvalues COMMA LP * nexprlist RP
          expr ::= * term
          expr ::= * LP expr RP
          expr ::= * ID|INDEXED|JOIN_KW
          expr ::= * nm DOT nm
          expr ::= * nm DOT nm DOT nm
          term ::= * NULL|FLOAT|BLOB
          term ::= * STRING
          term ::= * INTEGER
          expr ::= * VARIABLE
          expr ::= * expr COLLATE ID|STRING
          expr ::= * CAST LP expr AS typetoken RP
          expr ::= * ID|INDEXED|JOIN_KW LP distinct exprlist RP
          expr ::= * ID|INDEXED|JOIN_KW LP distinct exprlist ORDER BY sortlist RP
          expr ::= * ID|INDEXED|JOIN_KW LP STAR RP
          expr ::= * ID|INDEXED|JOIN_KW LP distinct exprlist RP filter_over
          expr ::= * ID|INDEXED|JOIN_KW LP distinct exprlist ORDER BY sortlist RP filter_over
          expr ::= * ID|INDEXED|JOIN_KW LP STAR RP filter_over
          term ::= * CTIME_KW
          expr ::= * LP nexprlist COMMA expr RP
          expr ::= * expr AND expr
          expr ::= * expr OR expr
          expr ::= * expr LT|GT|GE|LE expr
          expr ::= * expr EQ|NE expr
          expr ::= * expr BITAND|BITOR|LSHIFT|RSHIFT expr
          expr ::= * expr PLUS|MINUS expr
          expr ::= * expr STAR|SLASH|REM expr
          expr ::= * expr CONCAT expr
          expr ::= * expr likeop expr
          expr ::= * expr likeop expr ESCAPE expr
          expr ::= * expr ISNULL|NOTNULL
          expr ::= * expr NOT NULL
          expr ::= * expr IS expr
          expr ::= * expr IS NOT expr
          expr ::= * expr IS NOT DISTINCT FROM expr
          expr ::= * expr IS DISTINCT FROM expr
          expr ::= * NOT expr
          expr ::= * BITNOT expr
          expr ::= * PLUS|MINUS expr
          expr ::= * expr PTR expr
          expr ::= * expr between_op expr AND expr
          expr ::= * expr in_op LP exprlist RP
          expr ::= * LP select RP
          expr ::= * expr in_op LP select RP
          expr ::= * expr in_op nm dbnm paren_exprlist
          expr ::= * EXISTS LP select RP
          expr ::= * CASE case_operand case_exprlist case_else END
          nexprlist ::= * nexprlist COMMA expr
          nexprlist ::= * expr
          expr ::= * RAISE LP IGNORE RP
          expr ::= * RAISE LP raisetype COMMA expr RP
          term ::= * QNUMBER

                           NOT shift        124    
                        EXISTS shift        574    
                            LP shift        4      
                          CAST shift        577    
                            ID shift        454    
                         RAISE shift        571    
                      CTIME_KW shift-reduce 195    term ::= CTIME_KW
                          PLUS shift        122    
                         MINUS shift        122    
                        BITNOT shift        123    
                       INDEXED shift        454    
                        STRING shift        583    
                       JOIN_KW shift        454    
                          NULL shift-reduce 183    term ::= NULL|FLOAT|BLOB
                         FLOAT shift-reduce 183    term ::= NULL|FLOAT|BLOB
                          BLOB shift-reduce 183    term ::= NULL|FLOAT|BLOB
                       INTEGER shift-reduce 185    term ::= INTEGER
                      VARIABLE shift-reduce 186    expr ::= VARIABLE
                          CASE shift        36     
                       QNUMBER shift-reduce 343    term ::= QNUMBER
                            nm shift        582    
                          term shift        83       /* because term==expr */
                          expr shift        83     
                     nexprlist shift        447    

State 36:
          nm ::= * ID|INDEXED|JOIN_KW
          nm ::= * STRING
          expr ::= * term
          expr ::= * LP expr RP
          expr ::= * ID|INDEXED|JOIN_KW
          expr ::= * nm DOT nm
          expr ::= * nm DOT nm DOT nm
          term ::= * NULL|FLOAT|BLOB
          term ::= * STRING
          term ::= * INTEGER
          expr ::= * VARIABLE
          expr ::= * expr COLLATE ID|STRING
          expr ::= * CAST LP expr AS typetoken RP
          expr ::= * ID|INDEXED|JOIN_KW LP distinct exprlist RP
          expr ::= * ID|INDEXED|JOIN_KW LP distinct exprlist ORDER BY sortlist RP
          expr ::= * ID|INDEXED|JOIN_KW LP STAR RP
          expr ::= * ID|INDEXED|JOIN_KW LP distinct exprlist RP filter_over
          expr ::= * ID|INDEXED|JOIN_KW LP distinct exprlist ORDER BY sortlist RP filter_over
          expr ::= * ID|INDEXED|JOIN_KW LP STAR RP filter_over
          term ::= * CTIME_KW
          expr ::= * LP nexprlist COMMA expr RP
          expr ::= * expr AND expr
          expr ::= * expr OR expr
          expr ::= * expr LT|GT|GE|LE expr
          expr ::= * expr EQ|NE expr
          expr ::= * expr BITAND|BITOR|LSHIFT|RSHIFT expr
          expr ::= * expr PLUS|MINUS expr
          expr ::= * expr STAR|SLASH|REM expr
          expr ::= * expr CONCAT expr
          expr ::= * expr likeop expr
          expr ::= * expr likeop expr ESCAPE expr
          expr ::= * expr ISNULL|NOTNULL
          expr ::= * expr NOT NULL
          expr ::= * expr IS expr
          expr ::= * expr IS NOT expr
          expr ::= * expr IS NOT DISTINCT FROM expr
          expr ::= * expr IS DISTINCT FROM expr
          expr ::= * NOT expr
          expr ::= * BITNOT expr
          expr ::= * PLUS|MINUS expr
          expr ::= * expr PTR expr
          expr ::= * expr between_op expr AND expr
          expr ::= * expr in_op LP exprlist RP
          expr ::= * LP select RP
          expr ::= * expr in_op LP select RP
          expr ::= * expr in_op nm dbnm paren_exprlist
          expr ::= * EXISTS LP select RP
          expr ::= * CASE case_operand case_exprlist case_else END
          expr ::= CASE * case_operand case_exprlist case_else END
          case_operand ::= * expr
    (233) case_operand ::= *
          expr ::= * RAISE LP IGNORE RP
          expr ::= * RAISE LP raisetype COMMA expr RP
          term ::= * QNUMBER

                           NOT shift        124    
                        EXISTS shift        574    
                            LP shift        4      
                          CAST shift        577    
                            ID shift        454    
                         RAISE shift        571    
                      CTIME_KW shift-reduce 195    term ::= CTIME_KW
                          PLUS shift        122    
                         MINUS shift        122    
                        BITNOT shift        123    
                       INDEXED shift        454    
                        STRING shift        583    
                       JOIN_KW shift        454    
                          NULL shift-reduce 183    term ::= NULL|FLOAT|BLOB
                         FLOAT shift-reduce 183    term ::= NULL|FLOAT|BLOB
                          BLOB shift-reduce 183    term ::= NULL|FLOAT|BLOB
                       INTEGER shift-reduce 185    term ::= INTEGER
                      VARIABLE shift-reduce 186    expr ::= VARIABLE
                          CASE shift        36     
                       QNUMBER shift-reduce 343    term ::= QNUMBER
                            nm shift        582    
                          term shift        82       /* because term==expr */
                          expr shift        82     
                  case_operand shift        389    
                     {default} reduce       233    case_operand ::=

State 37:
          nm ::= * ID|INDEXED|JOIN_KW
          nm ::= * STRING
          values ::= VALUES LP * nexprlist RP
          expr ::= * term
          expr ::= * LP expr RP
          expr ::= * ID|INDEXED|JOIN_KW
          expr ::= * nm DOT nm
          expr ::= * nm DOT nm DOT nm
          term ::= * NULL|FLOAT|BLOB
          term ::= * STRING
          term ::= * INTEGER
          expr ::= * VARIABLE
          expr ::= * expr COLLATE ID|STRING
          expr ::= * CAST LP expr AS typetoken RP
          expr ::= * ID|INDEXED|JOIN_KW LP distinct exprlist RP
          expr ::= * ID|INDEXED|JOIN_KW LP distinct exprlist ORDER BY sortlist RP
          expr ::= * ID|INDEXED|JOIN_KW LP STAR RP
          expr ::= * ID|INDEXED|JOIN_KW LP distinct exprlist RP filter_over
          expr ::= * ID|INDEXED|JOIN_KW LP distinct exprlist ORDER BY sortlist RP filter_over
          expr ::= * ID|INDEXED|JOIN_KW LP STAR RP filter_over
          term ::= * CTIME_KW
          expr ::= * LP nexprlist COMMA expr RP
          expr ::= * expr AND expr
          expr ::= * expr OR expr
          expr ::= * expr LT|GT|GE|LE expr
          expr ::= * expr EQ|NE expr
          expr ::= * expr BITAND|BITOR|LSHIFT|RSHIFT expr
          expr ::= * expr PLUS|MINUS expr
          expr ::= * expr STAR|SLASH|REM expr
          expr ::= * expr CONCAT expr
          expr ::= * expr likeop expr
          expr ::= * expr likeop expr ESCAPE expr
          expr ::= * expr ISNULL|NOTNULL
          expr ::= * expr NOT NULL
          expr ::= * expr IS expr
          expr ::= * expr IS NOT expr
          expr ::= * expr IS NOT DISTINCT FROM expr
          expr ::= * expr IS DISTINCT FROM expr
          expr ::= * NOT expr
          expr ::= * BITNOT expr
          expr ::= * PLUS|MINUS expr
          expr ::= * expr PTR expr
          expr ::= * expr between_op expr AND expr
          expr ::= * expr in_op LP exprlist RP
          expr ::= * LP select RP
          expr ::= * expr in_op LP select RP
          expr ::= * expr in_op nm dbnm paren_exprlist
          expr ::= * EXISTS LP select RP
          expr ::= * CASE case_operand case_exprlist case_else END
          nexprlist ::= * nexprlist COMMA expr
          nexprlist ::= * expr
          expr ::= * RAISE LP IGNORE RP
          expr ::= * RAISE LP raisetype COMMA expr RP
          term ::= * QNUMBER

                           NOT shift        124    
                        EXISTS shift        574    
                            LP shift        4      
                          CAST shift        577    
                            ID shift        454    
                         RAISE shift        571    
                      CTIME_KW shift-reduce 195    term ::= CTIME_KW
                          PLUS shift        122    
                         MINUS shift        122    
                        BITNOT shift        123    
                       INDEXED shift        454    
                        STRING shift        583    
                       JOIN_KW shift        454    
                          NULL shift-reduce 183    term ::= NULL|FLOAT|BLOB
                         FLOAT shift-reduce 183    term ::= NULL|FLOAT|BLOB
                          BLOB shift-reduce 183    term ::= NULL|FLOAT|BLOB
                       INTEGER shift-reduce 185    term ::= INTEGER
                      VARIABLE shift-reduce 186    expr ::= VARIABLE
                          CASE shift        36     
                       QNUMBER shift-reduce 343    term ::= QNUMBER
                            nm shift        582    
                          term shift        83       /* because term==expr */
                          expr shift        83     
                     nexprlist shift        448    

State 38:
          nm ::= * ID|INDEXED|JOIN_KW
          nm ::= * STRING
          mvalues ::= values COMMA LP * nexprlist RP
          expr ::= * term
          expr ::= * LP expr RP
          expr ::= * ID|INDEXED|JOIN_KW
          expr ::= * nm DOT nm
          expr ::= * nm DOT nm DOT nm
          term ::= * NULL|FLOAT|BLOB
          term ::= * STRING
          term ::= * INTEGER
          expr ::= * VARIABLE
          expr ::= * expr COLLATE ID|STRING
          expr ::= * CAST LP expr AS typetoken RP
          expr ::= * ID|INDEXED|JOIN_KW LP distinct exprlist RP
          expr ::= * ID|INDEXED|JOIN_KW LP distinct exprlist ORDER BY sortlist RP
          expr ::= * ID|INDEXED|JOIN_KW LP STAR RP
          expr ::= * ID|INDEXED|JOIN_KW LP distinct exprlist RP filter_over
          expr ::= * ID|INDEXED|JOIN_KW LP distinct exprlist ORDER BY sortlist RP filter_over
          expr ::= * ID|INDEXED|JOIN_KW LP STAR RP filter_over
          term ::= * CTIME_KW
          expr ::= * LP nexprlist COMMA expr RP
          expr ::= * expr AND expr
          expr ::= * expr OR expr
          expr ::= * expr LT|GT|GE|LE expr
          expr ::= * expr EQ|NE expr
          expr ::= * expr BITAND|BITOR|LSHIFT|RSHIFT expr
          expr ::= * expr PLUS|MINUS expr
          expr ::= * expr STAR|SLASH|REM expr
          expr ::= * expr CONCAT expr
          expr ::= * expr likeop expr
          expr ::= * expr likeop expr ESCAPE expr
          expr ::= * expr ISNULL|NOTNULL
          expr ::= * expr NOT NULL
          expr ::= * expr IS expr
          expr ::= * expr IS NOT expr
          expr ::= * expr IS NOT DISTINCT FROM expr
          expr ::= * expr IS DISTINCT FROM expr
          expr ::= * NOT expr
          expr ::= * BITNOT expr
          expr ::= * PLUS|MINUS expr
          expr ::= * expr PTR expr
          expr ::= * expr between_op expr AND expr
          expr ::= * expr in_op LP exprlist RP
          expr ::= * LP select RP
          expr ::= * expr in_op LP select RP
          expr ::= * expr in_op nm dbnm paren_exprlist
          expr ::= * EXISTS LP select RP
          expr ::= * CASE case_operand case_exprlist case_else END
          nexprlist ::= * nexprlist COMMA expr
          nexprlist ::= * expr
          expr ::= * RAISE LP IGNORE RP
          expr ::= * RAISE LP raisetype COMMA expr RP
          term ::= * QNUMBER

                           NOT shift        124    
                        EXISTS shift        574    
                            LP shift        4      
                          CAST shift        577    
                            ID shift        454    
                         RAISE shift        571    
                      CTIME_KW shift-reduce 195    term ::= CTIME_KW
                          PLUS shift        122    
                         MINUS shift        122    
                        BITNOT shift        123    
                       INDEXED shift        454    
                        STRING shift        583    
                       JOIN_KW shift        454    
                          NULL shift-reduce 183    term ::= NULL|FLOAT|BLOB
                         FLOAT shift-reduce 183    term ::= NULL|FLOAT|BLOB
                          BLOB shift-reduce 183    term ::= NULL|FLOAT|BLOB
                       INTEGER shift-reduce 185    term ::= INTEGER
                      VARIABLE shift-reduce 186    expr ::= VARIABLE
                          CASE shift        36     
                       QNUMBER shift-reduce 343    term ::= QNUMBER
                            nm shift        582    
                          term shift        83       /* because term==expr */
                          expr shift        83     
                     nexprlist shift        452    

State 39:
          nm ::= * ID|INDEXED|JOIN_KW
          nm ::= * STRING
          cmd ::= PRAGMA nm dbnm LP * nmnum RP
          cmd ::= PRAGMA nm dbnm LP * minus_num RP
          nmnum ::= * plus_num
          nmnum ::= * nm
          nmnum ::= * ON
          nmnum ::= * DELETE
          nmnum ::= * DEFAULT
          plus_num ::= * PLUS INTEGER|FLOAT
          plus_num ::= * INTEGER|FLOAT
          minus_num ::= * MINUS INTEGER|FLOAT

                            ID shift-reduce 359    nm ::= ID|INDEXED|JOIN_KW
                          PLUS shift        450    
                         MINUS shift        449    
                            ON shift-reduce 388    nmnum ::= ON
                       INDEXED shift-reduce 359    nm ::= ID|INDEXED|JOIN_KW
                        STRING shift-reduce 360    nm ::= STRING
                       JOIN_KW shift-reduce 359    nm ::= ID|INDEXED|JOIN_KW
                       DEFAULT shift-reduce 390    nmnum ::= DEFAULT
                        DELETE shift-reduce 389    nmnum ::= DELETE
                         FLOAT shift-reduce 391    plus_num ::= INTEGER|FLOAT
                       INTEGER shift-reduce 391    plus_num ::= INTEGER|FLOAT
                            nm shift        462      /* because nm==nmnum */
                      plus_num shift        462      /* because plus_num==nmnum */
                     minus_num shift        461    
                         nmnum shift        462    

State 40:
          nm ::= * ID|INDEXED|JOIN_KW
          nm ::= * STRING
          cmd ::= PRAGMA nm dbnm EQ * nmnum
          cmd ::= PRAGMA nm dbnm EQ * minus_num
          nmnum ::= * plus_num
          nmnum ::= * nm
          nmnum ::= * ON
          nmnum ::= * DELETE
          nmnum ::= * DEFAULT
          plus_num ::= * PLUS INTEGER|FLOAT
          plus_num ::= * INTEGER|FLOAT
          minus_num ::= * MINUS INTEGER|FLOAT

                            ID shift-reduce 359    nm ::= ID|INDEXED|JOIN_KW
                          PLUS shift        450    
                         MINUS shift        449    
                            ON shift-reduce 388    nmnum ::= ON
                       INDEXED shift-reduce 359    nm ::= ID|INDEXED|JOIN_KW
                        STRING shift-reduce 360    nm ::= STRING
                       JOIN_KW shift-reduce 359    nm ::= ID|INDEXED|JOIN_KW
                       DEFAULT shift-reduce 390    nmnum ::= DEFAULT
                        DELETE shift-reduce 389    nmnum ::= DELETE
                         FLOAT shift-reduce 391    plus_num ::= INTEGER|FLOAT
                       INTEGER shift-reduce 391    plus_num ::= INTEGER|FLOAT
                            nm shift-reduce 254    cmd ::= PRAGMA nm dbnm EQ nmnum  /* because nm==nmnum */
                      plus_num shift-reduce 254    cmd ::= PRAGMA nm dbnm EQ nmnum  /* because plus_num==nmnum */
                     minus_num shift-reduce 256    cmd ::= PRAGMA nm dbnm EQ minus_num
                         nmnum shift-reduce 254    cmd ::= PRAGMA nm dbnm EQ nmnum

State 41:
          nm ::= * ID|INDEXED|JOIN_KW
          nm ::= * STRING
          window ::= * PARTITION BY nexprlist orderby_opt frame_opt
          window ::= * nm PARTITION BY nexprlist orderby_opt frame_opt
          window ::= * ORDER BY sortlist frame_opt
          window ::= * nm ORDER BY sortlist frame_opt
          window ::= * frame_opt
          window ::= * nm frame_opt
    (321) frame_opt ::= *
          frame_opt ::= * range_or_rows frame_bound_s frame_exclude_opt
          frame_opt ::= * range_or_rows BETWEEN frame_bound_s AND frame_bound_e frame_exclude_opt
          range_or_rows ::= * RANGE|ROWS|GROUPS
          over_clause ::= OVER LP * window RP

                            ID shift-reduce 359    nm ::= ID|INDEXED|JOIN_KW
                          ROWS shift-reduce 324    range_or_rows ::= RANGE|ROWS|GROUPS
                     PARTITION shift        553    
                         RANGE shift-reduce 324    range_or_rows ::= RANGE|ROWS|GROUPS
                        GROUPS shift-reduce 324    range_or_rows ::= RANGE|ROWS|GROUPS
                       INDEXED shift-reduce 359    nm ::= ID|INDEXED|JOIN_KW
                        STRING shift-reduce 360    nm ::= STRING
                       JOIN_KW shift-reduce 359    nm ::= ID|INDEXED|JOIN_KW
                         ORDER shift        544    
                            nm shift        183    
                        window shift        529    
                     frame_opt shift        529      /* because frame_opt==window */
                 range_or_rows shift        7      
                     {default} reduce       321    frame_opt ::=

State 42:
          nm ::= * ID|INDEXED|JOIN_KW
          nm ::= * STRING
          windowdefn ::= nm AS LP * window RP
          window ::= * PARTITION BY nexprlist orderby_opt frame_opt
          window ::= * nm PARTITION BY nexprlist orderby_opt frame_opt
          window ::= * ORDER BY sortlist frame_opt
          window ::= * nm ORDER BY sortlist frame_opt
          window ::= * frame_opt
          window ::= * nm frame_opt
    (321) frame_opt ::= *
          frame_opt ::= * range_or_rows frame_bound_s frame_exclude_opt
          frame_opt ::= * range_or_rows BETWEEN frame_bound_s AND frame_bound_e frame_exclude_opt
          range_or_rows ::= * RANGE|ROWS|GROUPS

                            ID shift-reduce 359    nm ::= ID|INDEXED|JOIN_KW
                          ROWS shift-reduce 324    range_or_rows ::= RANGE|ROWS|GROUPS
                     PARTITION shift        553    
                         RANGE shift-reduce 324    range_or_rows ::= RANGE|ROWS|GROUPS
                        GROUPS shift-reduce 324    range_or_rows ::= RANGE|ROWS|GROUPS
                       INDEXED shift-reduce 359    nm ::= ID|INDEXED|JOIN_KW
                        STRING shift-reduce 360    nm ::= STRING
                       JOIN_KW shift-reduce 359    nm ::= ID|INDEXED|JOIN_KW
                         ORDER shift        544    
                            nm shift        183    
                        window shift        554    
                     frame_opt shift        554      /* because frame_opt==window */
                 range_or_rows shift        7      
                     {default} reduce       321    frame_opt ::=

State 43:
          columnlist ::= columnlist COMMA * columnname carglist
          columnname ::= * nm typetoken
          nm ::= * ID|INDEXED|JOIN_KW
          nm ::= * STRING
          conslist_opt ::= COMMA * conslist
          conslist ::= * conslist tconscomma tcons
          conslist ::= * tcons
          tcons ::= * CONSTRAINT nm
          tcons ::= * PRIMARY KEY LP sortlist autoinc RP onconf
          tcons ::= * UNIQUE LP sortlist RP onconf
          tcons ::= * CHECK LP expr RP onconf
          tcons ::= * FOREIGN KEY LP eidlist RP REFERENCES nm eidlist_opt refargs defer_subclause_opt

                            ID shift-reduce 359    nm ::= ID|INDEXED|JOIN_KW
                       INDEXED shift-reduce 359    nm ::= ID|INDEXED|JOIN_KW
                        STRING shift-reduce 360    nm ::= STRING
                       JOIN_KW shift-reduce 359    nm ::= ID|INDEXED|JOIN_KW
                    CONSTRAINT shift        259    
                       PRIMARY shift        517    
                        UNIQUE shift        514    
                         CHECK shift        513    
                       FOREIGN shift        512    
                            nm shift        216    
                    columnname shift        414    
                      conslist shift        309    
                         tcons shift        309      /* because tcons==conslist */

State 44:
          nm ::= * ID|INDEXED|JOIN_KW
          nm ::= * STRING
          select ::= WITH * wqlist selectnowith
          select ::= WITH * RECURSIVE wqlist selectnowith
          with ::= WITH * wqlist
          with ::= WITH * RECURSIVE wqlist
          wqitem ::= * withnm eidlist_opt wqas LP select RP
          withnm ::= * nm
          wqlist ::= * wqitem
          wqlist ::= * wqlist COMMA wqitem

                            ID shift-reduce 359    nm ::= ID|INDEXED|JOIN_KW
                     RECURSIVE shift        46     
                       INDEXED shift-reduce 359    nm ::= ID|INDEXED|JOIN_KW
                        STRING shift-reduce 360    nm ::= STRING
                       JOIN_KW shift-reduce 359    nm ::= ID|INDEXED|JOIN_KW
                            nm shift-reduce 311    withnm ::= nm
                        wqlist shift        49     
                        wqitem shift-reduce 312    wqlist ::= wqitem
                        withnm shift        379    

State 45:
          nm ::= * ID|INDEXED|JOIN_KW
          nm ::= * STRING
          select ::= WITH * wqlist selectnowith
          select ::= WITH * RECURSIVE wqlist selectnowith
          wqitem ::= * withnm eidlist_opt wqas LP select RP
          withnm ::= * nm
          wqlist ::= * wqitem
          wqlist ::= * wqlist COMMA wqitem

                            ID shift-reduce 359    nm ::= ID|INDEXED|JOIN_KW
                     RECURSIVE shift        47     
                       INDEXED shift-reduce 359    nm ::= ID|INDEXED|JOIN_KW
                        STRING shift-reduce 360    nm ::= STRING
                       JOIN_KW shift-reduce 359    nm ::= ID|INDEXED|JOIN_KW
                            nm shift-reduce 311    withnm ::= nm
                        wqlist shift        51     
                        wqitem shift-reduce 312    wqlist ::= wqitem
                        withnm shift        379    

State 46:
          nm ::= * ID|INDEXED|JOIN_KW
          nm ::= * STRING
          select ::= WITH RECURSIVE * wqlist selectnowith
          with ::= WITH RECURSIVE * wqlist
          wqitem ::= * withnm eidlist_opt wqas LP select RP
          withnm ::= * nm
          wqlist ::= * wqitem
          wqlist ::= * wqlist COMMA wqitem

                            ID shift-reduce 359    nm ::= ID|INDEXED|JOIN_KW
                       INDEXED shift-reduce 359    nm ::= ID|INDEXED|JOIN_KW
                        STRING shift-reduce 360    nm ::= STRING
                       JOIN_KW shift-reduce 359    nm ::= ID|INDEXED|JOIN_KW
                            nm shift-reduce 311    withnm ::= nm
                        wqlist shift        48     
                        wqitem shift-reduce 312    wqlist ::= wqitem
                        withnm shift        379    

State 47:
          nm ::= * ID|INDEXED|JOIN_KW
          nm ::= * STRING
          select ::= WITH RECURSIVE * wqlist selectnowith
          wqitem ::= * withnm eidlist_opt wqas LP select RP
          withnm ::= * nm
          wqlist ::= * wqitem
          wqlist ::= * wqlist COMMA wqitem

                            ID shift-reduce 359    nm ::= ID|INDEXED|JOIN_KW
                       INDEXED shift-reduce 359    nm ::= ID|INDEXED|JOIN_KW
                        STRING shift-reduce 360    nm ::= STRING
                       JOIN_KW shift-reduce 359    nm ::= ID|INDEXED|JOIN_KW
                            nm shift-reduce 311    withnm ::= nm
                        wqlist shift        50     
                        wqitem shift-reduce 312    wqlist ::= wqitem
                        withnm shift        379    

State 48:
          select ::= WITH RECURSIVE wqlist * selectnowith
          selectnowith ::= * oneselect
          selectnowith ::= * selectnowith multiselect_op oneselect
          oneselect ::= * SELECT distinct selcollist from where_opt groupby_opt having_opt orderby_opt limit_opt
          oneselect ::= * SELECT distinct selcollist from where_opt groupby_opt having_opt window_clause orderby_opt limit_opt
          oneselect ::= * values
          values ::= * VALUES LP nexprlist RP
          oneselect ::= * mvalues
          mvalues ::= * values COMMA LP nexprlist RP
          mvalues ::= * mvalues COMMA LP nexprlist RP
    (306) with ::= WITH RECURSIVE wqlist *
          wqlist ::= wqlist * COMMA wqitem

                         COMMA shift        158    
                        SELECT shift        322    
                        VALUES shift        573    
                  selectnowith shift        284    
                     oneselect shift        284      /* because oneselect==selectnowith */
                        values shift        579    
                       mvalues shift        568    
                     {default} reduce       306    with ::= WITH RECURSIVE wqlist

State 49:
          select ::= WITH wqlist * selectnowith
          selectnowith ::= * oneselect
          selectnowith ::= * selectnowith multiselect_op oneselect
          oneselect ::= * SELECT distinct selcollist from where_opt groupby_opt having_opt orderby_opt limit_opt
          oneselect ::= * SELECT distinct selcollist from where_opt groupby_opt having_opt window_clause orderby_opt limit_opt
          oneselect ::= * values
          values ::= * VALUES LP nexprlist RP
          oneselect ::= * mvalues
          mvalues ::= * values COMMA LP nexprlist RP
          mvalues ::= * mvalues COMMA LP nexprlist RP
    (305) with ::= WITH wqlist *
          wqlist ::= wqlist * COMMA wqitem

                         COMMA shift        158    
                        SELECT shift        322    
                        VALUES shift        573    
                  selectnowith shift        291    
                     oneselect shift        291      /* because oneselect==selectnowith */
                        values shift        579    
                       mvalues shift        568    
                     {default} reduce       305    with ::= WITH wqlist

State 50:
          select ::= WITH RECURSIVE wqlist * selectnowith
          selectnowith ::= * oneselect
          selectnowith ::= * selectnowith multiselect_op oneselect
          oneselect ::= * SELECT distinct selcollist from where_opt groupby_opt having_opt orderby_opt limit_opt
          oneselect ::= * SELECT distinct selcollist from where_opt groupby_opt having_opt window_clause orderby_opt limit_opt
          oneselect ::= * values
          values ::= * VALUES LP nexprlist RP
          oneselect ::= * mvalues
          mvalues ::= * values COMMA LP nexprlist RP
          mvalues ::= * mvalues COMMA LP nexprlist RP
          wqlist ::= wqlist * COMMA wqitem

                         COMMA shift        158    
                        SELECT shift        322    
                        VALUES shift        573    
                  selectnowith shift        284    
                     oneselect shift        284      /* because oneselect==selectnowith */
                        values shift        579    
                       mvalues shift        568    

State 51:
          select ::= WITH wqlist * selectnowith
          selectnowith ::= * oneselect
          selectnowith ::= * selectnowith multiselect_op oneselect
          oneselect ::= * SELECT distinct selcollist from where_opt groupby_opt having_opt orderby_opt limit_opt
          oneselect ::= * SELECT distinct selcollist from where_opt groupby_opt having_opt window_clause orderby_opt limit_opt
          oneselect ::= * values
          values ::= * VALUES LP nexprlist RP
          oneselect ::= * mvalues
          mvalues ::= * values COMMA LP nexprlist RP
          mvalues ::= * mvalues COMMA LP nexprlist RP
          wqlist ::= wqlist * COMMA wqitem

                         COMMA shift        158    
                        SELECT shift        322    
                        VALUES shift        573    
                  selectnowith shift        291    
                     oneselect shift        291      /* because oneselect==selectnowith */
                        values shift        579    
                       mvalues shift        568    

State 52:
          expr ::= expr * COLLATE ID|STRING
          expr ::= expr * AND expr
          expr ::= expr * OR expr
          expr ::= expr * LT|GT|GE|LE expr
          expr ::= expr * EQ|NE expr
          expr ::= expr * BITAND|BITOR|LSHIFT|RSHIFT expr
          expr ::= expr * PLUS|MINUS expr
          expr ::= expr * STAR|SLASH|REM expr
          expr ::= expr * CONCAT expr
          likeop ::= * LIKE_KW|MATCH
          likeop ::= * NOT LIKE_KW|MATCH
          expr ::= expr * likeop expr
          expr ::= expr * likeop expr ESCAPE expr
          expr ::= expr * ISNULL|NOTNULL
          expr ::= expr * NOT NULL
          expr ::= expr * IS expr
          expr ::= expr * IS NOT expr
          expr ::= expr * IS NOT DISTINCT FROM expr
          expr ::= expr * IS DISTINCT FROM expr
          expr ::= expr * PTR expr
          between_op ::= * BETWEEN
          between_op ::= * NOT BETWEEN
          expr ::= expr * between_op expr AND expr
          in_op ::= * IN
          in_op ::= * NOT IN
          expr ::= expr * in_op LP exprlist RP
          expr ::= expr * in_op LP select RP
          expr ::= expr * in_op nm dbnm paren_exprlist
          frame_bound ::= expr * PRECEDING|FOLLOWING

                           NOT shift        415    
                            OR shift        138    
                           AND shift        139    
                            IS shift        92     
                         MATCH shift-reduce 383    likeop ::= LIKE_KW|MATCH
                       LIKE_KW shift-reduce 383    likeop ::= LIKE_KW|MATCH
                       BETWEEN shift-reduce 218    between_op ::= BETWEEN
                            IN shift-reduce 221    in_op ::= IN
                        ISNULL shift-reduce 208    expr ::= expr ISNULL|NOTNULL
                       NOTNULL shift-reduce 208    expr ::= expr ISNULL|NOTNULL
                            NE shift        136    
                            EQ shift        136    
                            GT shift        137    
                            LE shift        137    
                            LT shift        137    
                            GE shift        137    
                     FOLLOWING shift-reduce 329    frame_bound ::= expr PRECEDING|FOLLOWING
                     PRECEDING shift-reduce 329    frame_bound ::= expr PRECEDING|FOLLOWING
                        BITAND shift        135    
                         BITOR shift        135    
                        LSHIFT shift        135    
                        RSHIFT shift        135    
                          PLUS shift        134    
                         MINUS shift        134    
                          STAR shift        133    
                         SLASH shift        133    
                           REM shift        133    
                        CONCAT shift        132    
                           PTR shift        129    
                       COLLATE shift        453    
                        likeop shift        131    
                    between_op shift        128    
                         in_op shift        236    

State 53:
    (149) limit_opt ::= LIMIT expr *
          limit_opt ::= LIMIT expr * OFFSET expr
          limit_opt ::= LIMIT expr * COMMA expr
          expr ::= expr * COLLATE ID|STRING
          expr ::= expr * AND expr
          expr ::= expr * OR expr
          expr ::= expr * LT|GT|GE|LE expr
          expr ::= expr * EQ|NE expr
          expr ::= expr * BITAND|BITOR|LSHIFT|RSHIFT expr
          expr ::= expr * PLUS|MINUS expr
          expr ::= expr * STAR|SLASH|REM expr
          expr ::= expr * CONCAT expr
          likeop ::= * LIKE_KW|MATCH
          likeop ::= * NOT LIKE_KW|MATCH
          expr ::= expr * likeop expr
          expr ::= expr * likeop expr ESCAPE expr
          expr ::= expr * ISNULL|NOTNULL
          expr ::= expr * NOT NULL
          expr ::= expr * IS expr
          expr ::= expr * IS NOT expr
          expr ::= expr * IS NOT DISTINCT FROM expr
          expr ::= expr * IS DISTINCT FROM expr
          expr ::= expr * PTR expr
          between_op ::= * BETWEEN
          between_op ::= * NOT BETWEEN
          expr ::= expr * between_op expr AND expr
          in_op ::= * IN
          in_op ::= * NOT IN
          expr ::= expr * in_op LP exprlist RP
          expr ::= expr * in_op LP select RP
          expr ::= expr * in_op nm dbnm paren_exprlist

                           NOT shift        415    
                         COMMA shift        113    
                            OR shift        138    
                           AND shift        139    
                            IS shift        92     
                         MATCH shift-reduce 383    likeop ::= LIKE_KW|MATCH
                       LIKE_KW shift-reduce 383    likeop ::= LIKE_KW|MATCH
                       BETWEEN shift-reduce 218    between_op ::= BETWEEN
                            IN shift-reduce 221    in_op ::= IN
                        ISNULL shift-reduce 208    expr ::= expr ISNULL|NOTNULL
                       NOTNULL shift-reduce 208    expr ::= expr ISNULL|NOTNULL
                            NE shift        136    
                            EQ shift        136    
                            GT shift        137    
                            LE shift        137    
                            LT shift        137    
                            GE shift        137    
                        OFFSET shift        140    
                        BITAND shift        135    
                         BITOR shift        135    
                        LSHIFT shift        135    
                        RSHIFT shift        135    
                          PLUS shift        134    
                         MINUS shift        134    
                          STAR shift        133    
                         SLASH shift        133    
                           REM shift        133    
                        CONCAT shift        132    
                           PTR shift        129    
                       COLLATE shift        453    
                        likeop shift        131    
                    between_op shift        128    
                         in_op shift        236    
                     {default} reduce       149    limit_opt ::= LIMIT expr

State 54:
          expr ::= expr * COLLATE ID|STRING
          expr ::= expr * AND expr
          expr ::= expr * OR expr
          expr ::= expr * LT|GT|GE|LE expr
          expr ::= expr * EQ|NE expr
          expr ::= expr * BITAND|BITOR|LSHIFT|RSHIFT expr
          expr ::= expr * PLUS|MINUS expr
          expr ::= expr * STAR|SLASH|REM expr
          expr ::= expr * CONCAT expr
          likeop ::= * LIKE_KW|MATCH
          likeop ::= * NOT LIKE_KW|MATCH
          expr ::= expr * likeop expr
          expr ::= expr * likeop expr ESCAPE expr
          expr ::= expr * ISNULL|NOTNULL
          expr ::= expr * NOT NULL
          expr ::= expr * IS expr
          expr ::= expr * IS NOT expr
          expr ::= expr * IS NOT DISTINCT FROM expr
          expr ::= expr * IS DISTINCT FROM expr
          expr ::= expr * PTR expr
          between_op ::= * BETWEEN
          between_op ::= * NOT BETWEEN
          expr ::= expr * between_op expr AND expr
          in_op ::= * IN
          in_op ::= * NOT IN
          expr ::= expr * in_op LP exprlist RP
          expr ::= expr * in_op LP select RP
          expr ::= expr * in_op nm dbnm paren_exprlist
          cmd ::= ATTACH database_kw_opt expr * AS expr key_opt

                           NOT shift        415    
                            AS shift        95     
                            OR shift        138    
                           AND shift        139    
                            IS shift        92     
                         MATCH shift-reduce 383    likeop ::= LIKE_KW|MATCH
                       LIKE_KW shift-reduce 383    likeop ::= LIKE_KW|MATCH
                       BETWEEN shift-reduce 218    between_op ::= BETWEEN
                            IN shift-reduce 221    in_op ::= IN
                        ISNULL shift-reduce 208    expr ::= expr ISNULL|NOTNULL
                       NOTNULL shift-reduce 208    expr ::= expr ISNULL|NOTNULL
                            NE shift        136    
                            EQ shift        136    
                            GT shift        137    
                            LE shift        137    
                            LT shift        137    
                            GE shift        137    
                        BITAND shift        135    
                         BITOR shift        135    
                        LSHIFT shift        135    
                        RSHIFT shift        135    
                          PLUS shift        134    
                         MINUS shift        134    
                          STAR shift        133    
                         SLASH shift        133    
                           REM shift        133    
                        CONCAT shift        132    
                           PTR shift        129    
                       COLLATE shift        453    
                        likeop shift        131    
                    between_op shift        128    
                         in_op shift        236    

State 55:
    (156) where_opt_ret ::= WHERE expr *
          where_opt_ret ::= WHERE expr * RETURNING selcollist
          expr ::= expr * COLLATE ID|STRING
          expr ::= expr * AND expr
          expr ::= expr * OR expr
          expr ::= expr * LT|GT|GE|LE expr
          expr ::= expr * EQ|NE expr
          expr ::= expr * BITAND|BITOR|LSHIFT|RSHIFT expr
          expr ::= expr * PLUS|MINUS expr
          expr ::= expr * STAR|SLASH|REM expr
          expr ::= expr * CONCAT expr
          likeop ::= * LIKE_KW|MATCH
          likeop ::= * NOT LIKE_KW|MATCH
          expr ::= expr * likeop expr
          expr ::= expr * likeop expr ESCAPE expr
          expr ::= expr * ISNULL|NOTNULL
          expr ::= expr * NOT NULL
          expr ::= expr * IS expr
          expr ::= expr * IS NOT expr
          expr ::= expr * IS NOT DISTINCT FROM expr
          expr ::= expr * IS DISTINCT FROM expr
          expr ::= expr * PTR expr
          between_op ::= * BETWEEN
          between_op ::= * NOT BETWEEN
          expr ::= expr * between_op expr AND expr
          in_op ::= * IN
          in_op ::= * NOT IN
          expr ::= expr * in_op LP exprlist RP
          expr ::= expr * in_op LP select RP
          expr ::= expr * in_op nm dbnm paren_exprlist

                           NOT shift        415    
                            OR shift        138    
                           AND shift        139    
                            IS shift        92     
                         MATCH shift-reduce 383    likeop ::= LIKE_KW|MATCH
                       LIKE_KW shift-reduce 383    likeop ::= LIKE_KW|MATCH
                       BETWEEN shift-reduce 218    between_op ::= BETWEEN
                            IN shift-reduce 221    in_op ::= IN
                        ISNULL shift-reduce 208    expr ::= expr ISNULL|NOTNULL
                       NOTNULL shift-reduce 208    expr ::= expr ISNULL|NOTNULL
                            NE shift        136    
                            EQ shift        136    
                            GT shift        137    
                            LE shift        137    
                            LT shift        137    
                            GE shift        137    
                        BITAND shift        135    
                         BITOR shift        135    
                        LSHIFT shift        135    
                        RSHIFT shift        135    
                          PLUS shift        134    
                         MINUS shift        134    
                          STAR shift        133    
                         SLASH shift        133    
                           REM shift        133    
                        CONCAT shift        132    
                           PTR shift        129    
                       COLLATE shift        453    
                     RETURNING shift        221    
                        likeop shift        131    
                    between_op shift        128    
                         in_op shift        236    
                     {default} reduce       156    where_opt_ret ::= WHERE expr

State 56:
          tcons ::= CHECK LP expr * RP onconf
          expr ::= expr * COLLATE ID|STRING
          expr ::= expr * AND expr
          expr ::= expr * OR expr
          expr ::= expr * LT|GT|GE|LE expr
          expr ::= expr * EQ|NE expr
          expr ::= expr * BITAND|BITOR|LSHIFT|RSHIFT expr
          expr ::= expr * PLUS|MINUS expr
          expr ::= expr * STAR|SLASH|REM expr
          expr ::= expr * CONCAT expr
          likeop ::= * LIKE_KW|MATCH
          likeop ::= * NOT LIKE_KW|MATCH
          expr ::= expr * likeop expr
          expr ::= expr * likeop expr ESCAPE expr
          expr ::= expr * ISNULL|NOTNULL
          expr ::= expr * NOT NULL
          expr ::= expr * IS expr
          expr ::= expr * IS NOT expr
          expr ::= expr * IS NOT DISTINCT FROM expr
          expr ::= expr * IS DISTINCT FROM expr
          expr ::= expr * PTR expr
          between_op ::= * BETWEEN
          between_op ::= * NOT BETWEEN
          expr ::= expr * between_op expr AND expr
          in_op ::= * IN
          in_op ::= * NOT IN
          expr ::= expr * in_op LP exprlist RP
          expr ::= expr * in_op LP select RP
          expr ::= expr * in_op nm dbnm paren_exprlist

                           NOT shift        415    
                            RP shift        362    
                            OR shift        138    
                           AND shift        139    
                            IS shift        92     
                         MATCH shift-reduce 383    likeop ::= LIKE_KW|MATCH
                       LIKE_KW shift-reduce 383    likeop ::= LIKE_KW|MATCH
                       BETWEEN shift-reduce 218    between_op ::= BETWEEN
                            IN shift-reduce 221    in_op ::= IN
                        ISNULL shift-reduce 208    expr ::= expr ISNULL|NOTNULL
                       NOTNULL shift-reduce 208    expr ::= expr ISNULL|NOTNULL
                            NE shift        136    
                            EQ shift        136    
                            GT shift        137    
                            LE shift        137    
                            LT shift        137    
                            GE shift        137    
                        BITAND shift        135    
                         BITOR shift        135    
                        LSHIFT shift        135    
                        RSHIFT shift        135    
                          PLUS shift        134    
                         MINUS shift        134    
                          STAR shift        133    
                         SLASH shift        133    
                           REM shift        133    
                        CONCAT shift        132    
                           PTR shift        129    
                       COLLATE shift        453    
                        likeop shift        131    
                    between_op shift        128    
                         in_op shift        236    

State 57:
          generated ::= LP expr * RP
          generated ::= LP expr * RP ID
          expr ::= expr * COLLATE ID|STRING
          expr ::= expr * AND expr
          expr ::= expr * OR expr
          expr ::= expr * LT|GT|GE|LE expr
          expr ::= expr * EQ|NE expr
          expr ::= expr * BITAND|BITOR|LSHIFT|RSHIFT expr
          expr ::= expr * PLUS|MINUS expr
          expr ::= expr * STAR|SLASH|REM expr
          expr ::= expr * CONCAT expr
          likeop ::= * LIKE_KW|MATCH
          likeop ::= * NOT LIKE_KW|MATCH
          expr ::= expr * likeop expr
          expr ::= expr * likeop expr ESCAPE expr
          expr ::= expr * ISNULL|NOTNULL
          expr ::= expr * NOT NULL
          expr ::= expr * IS expr
          expr ::= expr * IS NOT expr
          expr ::= expr * IS NOT DISTINCT FROM expr
          expr ::= expr * IS DISTINCT FROM expr
          expr ::= expr * PTR expr
          between_op ::= * BETWEEN
          between_op ::= * NOT BETWEEN
          expr ::= expr * between_op expr AND expr
          in_op ::= * IN
          in_op ::= * NOT IN
          expr ::= expr * in_op LP exprlist RP
          expr ::= expr * in_op LP select RP
          expr ::= expr * in_op nm dbnm paren_exprlist

                           NOT shift        415    
                            RP shift        518    
                            OR shift        138    
                           AND shift        139    
                            IS shift        92     
                         MATCH shift-reduce 383    likeop ::= LIKE_KW|MATCH
                       LIKE_KW shift-reduce 383    likeop ::= LIKE_KW|MATCH
                       BETWEEN shift-reduce 218    between_op ::= BETWEEN
                            IN shift-reduce 221    in_op ::= IN
                        ISNULL shift-reduce 208    expr ::= expr ISNULL|NOTNULL
                       NOTNULL shift-reduce 208    expr ::= expr ISNULL|NOTNULL
                            NE shift        136    
                            EQ shift        136    
                            GT shift        137    
                            LE shift        137    
                            LT shift        137    
                            GE shift        137    
                        BITAND shift        135    
                         BITOR shift        135    
                        LSHIFT shift        135    
                        RSHIFT shift        135    
                          PLUS shift        134    
                         MINUS shift        134    
                          STAR shift        133    
                         SLASH shift        133    
                           REM shift        133    
                        CONCAT shift        132    
                           PTR shift        129    
                       COLLATE shift        453    
                        likeop shift        131    
                    between_op shift        128    
                         in_op shift        236    

State 58:
          ccons ::= CHECK LP expr * RP
          expr ::= expr * COLLATE ID|STRING
          expr ::= expr * AND expr
          expr ::= expr * OR expr
          expr ::= expr * LT|GT|GE|LE expr
          expr ::= expr * EQ|NE expr
          expr ::= expr * BITAND|BITOR|LSHIFT|RSHIFT expr
          expr ::= expr * PLUS|MINUS expr
          expr ::= expr * STAR|SLASH|REM expr
          expr ::= expr * CONCAT expr
          likeop ::= * LIKE_KW|MATCH
          likeop ::= * NOT LIKE_KW|MATCH
          expr ::= expr * likeop expr
          expr ::= expr * likeop expr ESCAPE expr
          expr ::= expr * ISNULL|NOTNULL
          expr ::= expr * NOT NULL
          expr ::= expr * IS expr
          expr ::= expr * IS NOT expr
          expr ::= expr * IS NOT DISTINCT FROM expr
          expr ::= expr * IS DISTINCT FROM expr
          expr ::= expr * PTR expr
          between_op ::= * BETWEEN
          between_op ::= * NOT BETWEEN
          expr ::= expr * between_op expr AND expr
          in_op ::= * IN
          in_op ::= * NOT IN
          expr ::= expr * in_op LP exprlist RP
          expr ::= expr * in_op LP select RP
          expr ::= expr * in_op nm dbnm paren_exprlist

                           NOT shift        415    
                            RP shift-reduce 41     ccons ::= CHECK LP expr RP
                            OR shift        138    
                           AND shift        139    
                            IS shift        92     
                         MATCH shift-reduce 383    likeop ::= LIKE_KW|MATCH
                       LIKE_KW shift-reduce 383    likeop ::= LIKE_KW|MATCH
                       BETWEEN shift-reduce 218    between_op ::= BETWEEN
                            IN shift-reduce 221    in_op ::= IN
                        ISNULL shift-reduce 208    expr ::= expr ISNULL|NOTNULL
                       NOTNULL shift-reduce 208    expr ::= expr ISNULL|NOTNULL
                            NE shift        136    
                            EQ shift        136    
                            GT shift        137    
                            LE shift        137    
                            LT shift        137    
                            GE shift        137    
                        BITAND shift        135    
                         BITOR shift        135    
                        LSHIFT shift        135    
                        RSHIFT shift        135    
                          PLUS shift        134    
                         MINUS shift        134    
                          STAR shift        133    
                         SLASH shift        133    
                           REM shift        133    
                        CONCAT shift        132    
                           PTR shift        129    
                       COLLATE shift        453    
                        likeop shift        131    
                    between_op shift        128    
                         in_op shift        236    

State 59:
          ccons ::= DEFAULT LP expr * RP
          expr ::= expr * COLLATE ID|STRING
          expr ::= expr * AND expr
          expr ::= expr * OR expr
          expr ::= expr * LT|GT|GE|LE expr
          expr ::= expr * EQ|NE expr
          expr ::= expr * BITAND|BITOR|LSHIFT|RSHIFT expr
          expr ::= expr * PLUS|MINUS expr
          expr ::= expr * STAR|SLASH|REM expr
          expr ::= expr * CONCAT expr
          likeop ::= * LIKE_KW|MATCH
          likeop ::= * NOT LIKE_KW|MATCH
          expr ::= expr * likeop expr
          expr ::= expr * likeop expr ESCAPE expr
          expr ::= expr * ISNULL|NOTNULL
          expr ::= expr * NOT NULL
          expr ::= expr * IS expr
          expr ::= expr * IS NOT expr
          expr ::= expr * IS NOT DISTINCT FROM expr
          expr ::= expr * IS DISTINCT FROM expr
          expr ::= expr * PTR expr
          between_op ::= * BETWEEN
          between_op ::= * NOT BETWEEN
          expr ::= expr * between_op expr AND expr
          in_op ::= * IN
          in_op ::= * NOT IN
          expr ::= expr * in_op LP exprlist RP
          expr ::= expr * in_op LP select RP
          expr ::= expr * in_op nm dbnm paren_exprlist

                           NOT shift        415    
                            RP shift-reduce 34     ccons ::= DEFAULT LP expr RP
                            OR shift        138    
                           AND shift        139    
                            IS shift        92     
                         MATCH shift-reduce 383    likeop ::= LIKE_KW|MATCH
                       LIKE_KW shift-reduce 383    likeop ::= LIKE_KW|MATCH
                       BETWEEN shift-reduce 218    between_op ::= BETWEEN
                            IN shift-reduce 221    in_op ::= IN
                        ISNULL shift-reduce 208    expr ::= expr ISNULL|NOTNULL
                       NOTNULL shift-reduce 208    expr ::= expr ISNULL|NOTNULL
                            NE shift        136    
                            EQ shift        136    
                            GT shift        137    
                            LE shift        137    
                            LT shift        137    
                            GE shift        137    
                        BITAND shift        135    
                         BITOR shift        135    
                        LSHIFT shift        135    
                        RSHIFT shift        135    
                          PLUS shift        134    
                         MINUS shift        134    
                          STAR shift        133    
                         SLASH shift        133    
                           REM shift        133    
                        CONCAT shift        132    
                           PTR shift        129    
                       COLLATE shift        453    
                        likeop shift        131    
                    between_op shift        128    
                         in_op shift        236    

State 60:
          expr ::= expr * COLLATE ID|STRING
          expr ::= expr * AND expr
          expr ::= expr * OR expr
          expr ::= expr * LT|GT|GE|LE expr
          expr ::= expr * EQ|NE expr
          expr ::= expr * BITAND|BITOR|LSHIFT|RSHIFT expr
          expr ::= expr * PLUS|MINUS expr
          expr ::= expr * STAR|SLASH|REM expr
          expr ::= expr * CONCAT expr
          likeop ::= * LIKE_KW|MATCH
          likeop ::= * NOT LIKE_KW|MATCH
          expr ::= expr * likeop expr
          expr ::= expr * likeop expr ESCAPE expr
          expr ::= expr * ISNULL|NOTNULL
          expr ::= expr * NOT NULL
          expr ::= expr * IS expr
          expr ::= expr * IS NOT expr
          expr ::= expr * IS NOT DISTINCT FROM expr
          expr ::= expr * IS DISTINCT FROM expr
          expr ::= expr * PTR expr
          between_op ::= * BETWEEN
          between_op ::= * NOT BETWEEN
          expr ::= expr * between_op expr AND expr
          in_op ::= * IN
          in_op ::= * NOT IN
          expr ::= expr * in_op LP exprlist RP
          expr ::= expr * in_op LP select RP
          expr ::= expr * in_op nm dbnm paren_exprlist
          filter_clause ::= FILTER LP WHERE expr * RP

                           NOT shift        415    
                            RP shift-reduce 342    filter_clause ::= FILTER LP WHERE expr RP
                            OR shift        138    
                           AND shift        139    
                            IS shift        92     
                         MATCH shift-reduce 383    likeop ::= LIKE_KW|MATCH
                       LIKE_KW shift-reduce 383    likeop ::= LIKE_KW|MATCH
                       BETWEEN shift-reduce 218    between_op ::= BETWEEN
                            IN shift-reduce 221    in_op ::= IN
                        ISNULL shift-reduce 208    expr ::= expr ISNULL|NOTNULL
                       NOTNULL shift-reduce 208    expr ::= expr ISNULL|NOTNULL
                            NE shift        136    
                            EQ shift        136    
                            GT shift        137    
                            LE shift        137    
                            LT shift        137    
                            GE shift        137    
                        BITAND shift        135    
                         BITOR shift        135    
                        LSHIFT shift        135    
                        RSHIFT shift        135    
                          PLUS shift        134    
                         MINUS shift        134    
                          STAR shift        133    
                         SLASH shift        133    
                           REM shift        133    
                        CONCAT shift        132    
                           PTR shift        129    
                       COLLATE shift        453    
                        likeop shift        131    
                    between_op shift        128    
                         in_op shift        236    

State 61:
          expr ::= expr * COLLATE ID|STRING
          expr ::= LP nexprlist COMMA expr * RP
          expr ::= expr * AND expr
          expr ::= expr * OR expr
          expr ::= expr * LT|GT|GE|LE expr
          expr ::= expr * EQ|NE expr
          expr ::= expr * BITAND|BITOR|LSHIFT|RSHIFT expr
          expr ::= expr * PLUS|MINUS expr
          expr ::= expr * STAR|SLASH|REM expr
          expr ::= expr * CONCAT expr
          likeop ::= * LIKE_KW|MATCH
          likeop ::= * NOT LIKE_KW|MATCH
          expr ::= expr * likeop expr
          expr ::= expr * likeop expr ESCAPE expr
          expr ::= expr * ISNULL|NOTNULL
          expr ::= expr * NOT NULL
          expr ::= expr * IS expr
          expr ::= expr * IS NOT expr
          expr ::= expr * IS NOT DISTINCT FROM expr
          expr ::= expr * IS DISTINCT FROM expr
          expr ::= expr * PTR expr
          between_op ::= * BETWEEN
          between_op ::= * NOT BETWEEN
          expr ::= expr * between_op expr AND expr
          in_op ::= * IN
          in_op ::= * NOT IN
          expr ::= expr * in_op LP exprlist RP
          expr ::= expr * in_op LP select RP
          expr ::= expr * in_op nm dbnm paren_exprlist
    (235) nexprlist ::= nexprlist COMMA expr *

                           NOT shift        415    
                            RP shift-reduce 196    expr ::= LP nexprlist COMMA expr RP
                            OR shift        138    
                           AND shift        139    
                            IS shift        92     
                         MATCH shift-reduce 383    likeop ::= LIKE_KW|MATCH
                       LIKE_KW shift-reduce 383    likeop ::= LIKE_KW|MATCH
                       BETWEEN shift-reduce 218    between_op ::= BETWEEN
                            IN shift-reduce 221    in_op ::= IN
                        ISNULL shift-reduce 208    expr ::= expr ISNULL|NOTNULL
                       NOTNULL shift-reduce 208    expr ::= expr ISNULL|NOTNULL
                            NE shift        136    
                            EQ shift        136    
                            GT shift        137    
                            LE shift        137    
                            LT shift        137    
                            GE shift        137    
                        BITAND shift        135    
                         BITOR shift        135    
                        LSHIFT shift        135    
                        RSHIFT shift        135    
                          PLUS shift        134    
                         MINUS shift        134    
                          STAR shift        133    
                         SLASH shift        133    
                           REM shift        133    
                        CONCAT shift        132    
                           PTR shift        129    
                       COLLATE shift        453    
                        likeop shift        131    
                    between_op shift        128    
                         in_op shift        236    
                     {default} reduce       235    nexprlist ::= nexprlist COMMA expr

State 62:
          expr ::= LP expr * RP
          expr ::= expr * COLLATE ID|STRING
          expr ::= expr * AND expr
          expr ::= expr * OR expr
          expr ::= expr * LT|GT|GE|LE expr
          expr ::= expr * EQ|NE expr
          expr ::= expr * BITAND|BITOR|LSHIFT|RSHIFT expr
          expr ::= expr * PLUS|MINUS expr
          expr ::= expr * STAR|SLASH|REM expr
          expr ::= expr * CONCAT expr
          likeop ::= * LIKE_KW|MATCH
          likeop ::= * NOT LIKE_KW|MATCH
          expr ::= expr * likeop expr
          expr ::= expr * likeop expr ESCAPE expr
          expr ::= expr * ISNULL|NOTNULL
          expr ::= expr * NOT NULL
          expr ::= expr * IS expr
          expr ::= expr * IS NOT expr
          expr ::= expr * IS NOT DISTINCT FROM expr
          expr ::= expr * IS DISTINCT FROM expr
          expr ::= expr * PTR expr
          between_op ::= * BETWEEN
          between_op ::= * NOT BETWEEN
          expr ::= expr * between_op expr AND expr
          in_op ::= * IN
          in_op ::= * NOT IN
          expr ::= expr * in_op LP exprlist RP
          expr ::= expr * in_op LP select RP
          expr ::= expr * in_op nm dbnm paren_exprlist
    (236) nexprlist ::= expr *

                           NOT shift        415    
                            RP shift-reduce 179    expr ::= LP expr RP
                            OR shift        138    
                           AND shift        139    
                            IS shift        92     
                         MATCH shift-reduce 383    likeop ::= LIKE_KW|MATCH
                       LIKE_KW shift-reduce 383    likeop ::= LIKE_KW|MATCH
                       BETWEEN shift-reduce 218    between_op ::= BETWEEN
                            IN shift-reduce 221    in_op ::= IN
                        ISNULL shift-reduce 208    expr ::= expr ISNULL|NOTNULL
                       NOTNULL shift-reduce 208    expr ::= expr ISNULL|NOTNULL
                            NE shift        136    
                            EQ shift        136    
                            GT shift        137    
                            LE shift        137    
                            LT shift        137    
                            GE shift        137    
                        BITAND shift        135    
                         BITOR shift        135    
                        LSHIFT shift        135    
                        RSHIFT shift        135    
                          PLUS shift        134    
                         MINUS shift        134    
                          STAR shift        133    
                         SLASH shift        133    
                           REM shift        133    
                        CONCAT shift        132    
                           PTR shift        129    
                       COLLATE shift        453    
                        likeop shift        131    
                    between_op shift        128    
                         in_op shift        236    
                     {default} reduce       236    nexprlist ::= expr

State 63:
          expr ::= expr * COLLATE ID|STRING
          expr ::= expr * AND expr
          expr ::= expr * OR expr
          expr ::= expr * LT|GT|GE|LE expr
          expr ::= expr * EQ|NE expr
          expr ::= expr * BITAND|BITOR|LSHIFT|RSHIFT expr
          expr ::= expr * PLUS|MINUS expr
          expr ::= expr * STAR|SLASH|REM expr
          expr ::= expr * CONCAT expr
          likeop ::= * LIKE_KW|MATCH
          likeop ::= * NOT LIKE_KW|MATCH
          expr ::= expr * likeop expr
          expr ::= expr * likeop expr ESCAPE expr
          expr ::= expr * ISNULL|NOTNULL
          expr ::= expr * NOT NULL
          expr ::= expr * IS expr
          expr ::= expr * IS NOT expr
          expr ::= expr * IS NOT DISTINCT FROM expr
          expr ::= expr * IS DISTINCT FROM expr
          expr ::= expr * PTR expr
          between_op ::= * BETWEEN
          between_op ::= * NOT BETWEEN
          expr ::= expr * between_op expr AND expr
          in_op ::= * IN
          in_op ::= * NOT IN
          expr ::= expr * in_op LP exprlist RP
          expr ::= expr * in_op LP select RP
          expr ::= expr * in_op nm dbnm paren_exprlist
          case_exprlist ::= WHEN expr * THEN expr

                           NOT shift        415    
                            OR shift        138    
                           AND shift        139    
                            IS shift        92     
                         MATCH shift-reduce 383    likeop ::= LIKE_KW|MATCH
                       LIKE_KW shift-reduce 383    likeop ::= LIKE_KW|MATCH
                       BETWEEN shift-reduce 218    between_op ::= BETWEEN
                            IN shift-reduce 221    in_op ::= IN
                        ISNULL shift-reduce 208    expr ::= expr ISNULL|NOTNULL
                       NOTNULL shift-reduce 208    expr ::= expr ISNULL|NOTNULL
                            NE shift        136    
                            EQ shift        136    
                            GT shift        137    
                            LE shift        137    
                            LT shift        137    
                            GE shift        137    
                        BITAND shift        135    
                         BITOR shift        135    
                        LSHIFT shift        135    
                        RSHIFT shift        135    
                          PLUS shift        134    
                         MINUS shift        134    
                          STAR shift        133    
                         SLASH shift        133    
                           REM shift        133    
                        CONCAT shift        132    
                           PTR shift        129    
                       COLLATE shift        453    
                          THEN shift        116    
                        likeop shift        131    
                    between_op shift        128    
                         in_op shift        236    

State 64:
          expr ::= expr * COLLATE ID|STRING
          expr ::= expr * AND expr
          expr ::= expr * OR expr
          expr ::= expr * LT|GT|GE|LE expr
          expr ::= expr * EQ|NE expr
          expr ::= expr * BITAND|BITOR|LSHIFT|RSHIFT expr
          expr ::= expr * PLUS|MINUS expr
          expr ::= expr * STAR|SLASH|REM expr
          expr ::= expr * CONCAT expr
          likeop ::= * LIKE_KW|MATCH
          likeop ::= * NOT LIKE_KW|MATCH
          expr ::= expr * likeop expr
          expr ::= expr * likeop expr ESCAPE expr
          expr ::= expr * ISNULL|NOTNULL
          expr ::= expr * NOT NULL
          expr ::= expr * IS expr
          expr ::= expr * IS NOT expr
          expr ::= expr * IS NOT DISTINCT FROM expr
          expr ::= expr * IS DISTINCT FROM expr
          expr ::= expr * PTR expr
          between_op ::= * BETWEEN
          between_op ::= * NOT BETWEEN
          expr ::= expr * between_op expr AND expr
          in_op ::= * IN
          in_op ::= * NOT IN
          expr ::= expr * in_op LP exprlist RP
          expr ::= expr * in_op LP select RP
          expr ::= expr * in_op nm dbnm paren_exprlist
          expr ::= RAISE LP raisetype COMMA expr * RP

                           NOT shift        415    
                            RP shift-reduce 280    expr ::= RAISE LP raisetype COMMA expr RP
                            OR shift        138    
                           AND shift        139    
                            IS shift        92     
                         MATCH shift-reduce 383    likeop ::= LIKE_KW|MATCH
                       LIKE_KW shift-reduce 383    likeop ::= LIKE_KW|MATCH
                       BETWEEN shift-reduce 218    between_op ::= BETWEEN
                            IN shift-reduce 221    in_op ::= IN
                        ISNULL shift-reduce 208    expr ::= expr ISNULL|NOTNULL
                       NOTNULL shift-reduce 208    expr ::= expr ISNULL|NOTNULL
                            NE shift        136    
                            EQ shift        136    
                            GT shift        137    
                            LE shift        137    
                            LT shift        137    
                            GE shift        137    
                        BITAND shift        135    
                         BITOR shift        135    
                        LSHIFT shift        135    
                        RSHIFT shift        135    
                          PLUS shift        134    
                         MINUS shift        134    
                          STAR shift        133    
                         SLASH shift        133    
                           REM shift        133    
                        CONCAT shift        132    
                           PTR shift        129    
                       COLLATE shift        453    
                        likeop shift        131    
                    between_op shift        128    
                         in_op shift        236    

State 65:
          expr ::= expr * COLLATE ID|STRING
          expr ::= expr * AND expr
          expr ::= expr * OR expr
          expr ::= expr * LT|GT|GE|LE expr
          expr ::= expr * EQ|NE expr
          expr ::= expr * BITAND|BITOR|LSHIFT|RSHIFT expr
          expr ::= expr * PLUS|MINUS expr
          expr ::= expr * STAR|SLASH|REM expr
          expr ::= expr * CONCAT expr
          likeop ::= * LIKE_KW|MATCH
          likeop ::= * NOT LIKE_KW|MATCH
          expr ::= expr * likeop expr
          expr ::= expr * likeop expr ESCAPE expr
          expr ::= expr * ISNULL|NOTNULL
          expr ::= expr * NOT NULL
          expr ::= expr * IS expr
          expr ::= expr * IS NOT expr
          expr ::= expr * IS NOT DISTINCT FROM expr
          expr ::= expr * IS DISTINCT FROM expr
          expr ::= expr * PTR expr
          between_op ::= * BETWEEN
          between_op ::= * NOT BETWEEN
          expr ::= expr * between_op expr AND expr
          in_op ::= * IN
          in_op ::= * NOT IN
          expr ::= expr * in_op LP exprlist RP
          expr ::= expr * in_op LP select RP
          expr ::= expr * in_op nm dbnm paren_exprlist
          case_exprlist ::= case_exprlist WHEN expr * THEN expr

                           NOT shift        415    
                            OR shift        138    
                           AND shift        139    
                            IS shift        92     
                         MATCH shift-reduce 383    likeop ::= LIKE_KW|MATCH
                       LIKE_KW shift-reduce 383    likeop ::= LIKE_KW|MATCH
                       BETWEEN shift-reduce 218    between_op ::= BETWEEN
                            IN shift-reduce 221    in_op ::= IN
                        ISNULL shift-reduce 208    expr ::= expr ISNULL|NOTNULL
                       NOTNULL shift-reduce 208    expr ::= expr ISNULL|NOTNULL
                            NE shift        136    
                            EQ shift        136    
                            GT shift        137    
                            LE shift        137    
                            LT shift        137    
                            GE shift        137    
                        BITAND shift        135    
                         BITOR shift        135    
                        LSHIFT shift        135    
                        RSHIFT shift        135    
                          PLUS shift        134    
                         MINUS shift        134    
                          STAR shift        133    
                         SLASH shift        133    
                           REM shift        133    
                        CONCAT shift        132    
                           PTR shift        129    
                       COLLATE shift        453    
                          THEN shift        120    
                        likeop shift        131    
                    between_op shift        128    
                         in_op shift        236    

State 66:
          expr ::= expr * COLLATE ID|STRING
          expr ::= CAST LP expr * AS typetoken RP
          expr ::= expr * AND expr
          expr ::= expr * OR expr
          expr ::= expr * LT|GT|GE|LE expr
          expr ::= expr * EQ|NE expr
          expr ::= expr * BITAND|BITOR|LSHIFT|RSHIFT expr
          expr ::= expr * PLUS|MINUS expr
          expr ::= expr * STAR|SLASH|REM expr
          expr ::= expr * CONCAT expr
          likeop ::= * LIKE_KW|MATCH
          likeop ::= * NOT LIKE_KW|MATCH
          expr ::= expr * likeop expr
          expr ::= expr * likeop expr ESCAPE expr
          expr ::= expr * ISNULL|NOTNULL
          expr ::= expr * NOT NULL
          expr ::= expr * IS expr
          expr ::= expr * IS NOT expr
          expr ::= expr * IS NOT DISTINCT FROM expr
          expr ::= expr * IS DISTINCT FROM expr
          expr ::= expr * PTR expr
          between_op ::= * BETWEEN
          between_op ::= * NOT BETWEEN
          expr ::= expr * between_op expr AND expr
          in_op ::= * IN
          in_op ::= * NOT IN
          expr ::= expr * in_op LP exprlist RP
          expr ::= expr * in_op LP select RP
          expr ::= expr * in_op nm dbnm paren_exprlist

                           NOT shift        415    
                            AS shift        217    
                            OR shift        138    
                           AND shift        139    
                            IS shift        92     
                         MATCH shift-reduce 383    likeop ::= LIKE_KW|MATCH
                       LIKE_KW shift-reduce 383    likeop ::= LIKE_KW|MATCH
                       BETWEEN shift-reduce 218    between_op ::= BETWEEN
                            IN shift-reduce 221    in_op ::= IN
                        ISNULL shift-reduce 208    expr ::= expr ISNULL|NOTNULL
                       NOTNULL shift-reduce 208    expr ::= expr ISNULL|NOTNULL
                            NE shift        136    
                            EQ shift        136    
                            GT shift        137    
                            LE shift        137    
                            LT shift        137    
                            GE shift        137    
                        BITAND shift        135    
                         BITOR shift        135    
                        LSHIFT shift        135    
                        RSHIFT shift        135    
                          PLUS shift        134    
                         MINUS shift        134    
                          STAR shift        133    
                         SLASH shift        133    
                           REM shift        133    
                        CONCAT shift        132    
                           PTR shift        129    
                       COLLATE shift        453    
                        likeop shift        131    
                    between_op shift        128    
                         in_op shift        236    

State 67:
          expr ::= expr * COLLATE ID|STRING
          expr ::= expr * AND expr
          expr ::= expr * OR expr
          expr ::= expr * LT|GT|GE|LE expr
          expr ::= expr * EQ|NE expr
          expr ::= expr * BITAND|BITOR|LSHIFT|RSHIFT expr
          expr ::= expr * PLUS|MINUS expr
          expr ::= expr * STAR|SLASH|REM expr
          expr ::= expr * CONCAT expr
          likeop ::= * LIKE_KW|MATCH
          likeop ::= * NOT LIKE_KW|MATCH
          expr ::= expr * likeop expr
          expr ::= expr * likeop expr ESCAPE expr
          expr ::= expr * ISNULL|NOTNULL
          expr ::= expr * NOT NULL
          expr ::= expr * IS expr
          expr ::= expr * IS NOT expr
          expr ::= expr * IS NOT DISTINCT FROM expr
          expr ::= expr * IS DISTINCT FROM expr
          expr ::= expr * PTR expr
          between_op ::= * BETWEEN
          between_op ::= * NOT BETWEEN
          expr ::= expr * between_op expr AND expr
          in_op ::= * IN
          in_op ::= * NOT IN
          expr ::= expr * in_op LP exprlist RP
          expr ::= expr * in_op LP select RP
          expr ::= expr * in_op nm dbnm paren_exprlist
    (286) cmd ::= DETACH database_kw_opt expr *

                           NOT shift        415    
                            OR shift        138    
                           AND shift        139    
                            IS shift        92     
                         MATCH shift-reduce 383    likeop ::= LIKE_KW|MATCH
                       LIKE_KW shift-reduce 383    likeop ::= LIKE_KW|MATCH
                       BETWEEN shift-reduce 218    between_op ::= BETWEEN
                            IN shift-reduce 221    in_op ::= IN
                        ISNULL shift-reduce 208    expr ::= expr ISNULL|NOTNULL
                       NOTNULL shift-reduce 208    expr ::= expr ISNULL|NOTNULL
                            NE shift        136    
                            EQ shift        136    
                            GT shift        137    
                            LE shift        137    
                            LT shift        137    
                            GE shift        137    
                        BITAND shift        135    
                         BITOR shift        135    
                        LSHIFT shift        135    
                        RSHIFT shift        135    
                          PLUS shift        134    
                         MINUS shift        134    
                          STAR shift        133    
                         SLASH shift        133    
                           REM shift        133    
                        CONCAT shift        132    
                           PTR shift        129    
                       COLLATE shift        453    
                        likeop shift        131    
                    between_op shift        128    
                         in_op shift        236    
                     {default} reduce       286    cmd ::= DETACH database_kw_opt expr

State 68:
          expr ::= expr * COLLATE ID|STRING
          expr ::= expr * AND expr
          expr ::= expr * OR expr
          expr ::= expr * LT|GT|GE|LE expr
          expr ::= expr * EQ|NE expr
          expr ::= expr * BITAND|BITOR|LSHIFT|RSHIFT expr
          expr ::= expr * PLUS|MINUS expr
          expr ::= expr * STAR|SLASH|REM expr
          expr ::= expr * CONCAT expr
          likeop ::= * LIKE_KW|MATCH
          likeop ::= * NOT LIKE_KW|MATCH
          expr ::= expr * likeop expr
          expr ::= expr * likeop expr ESCAPE expr
          expr ::= expr * ISNULL|NOTNULL
          expr ::= expr * NOT NULL
          expr ::= expr * IS expr
          expr ::= expr * IS NOT expr
          expr ::= expr * IS NOT DISTINCT FROM expr
          expr ::= expr * IS DISTINCT FROM expr
          expr ::= expr * PTR expr
          between_op ::= * BETWEEN
          between_op ::= * NOT BETWEEN
          expr ::= expr * between_op expr AND expr
          in_op ::= * IN
          in_op ::= * NOT IN
          expr ::= expr * in_op LP exprlist RP
          expr ::= expr * in_op LP select RP
          expr ::= expr * in_op nm dbnm paren_exprlist
    (288) key_opt ::= KEY expr *

                           NOT shift        415    
                            OR shift        138    
                           AND shift        139    
                            IS shift        92     
                         MATCH shift-reduce 383    likeop ::= LIKE_KW|MATCH
                       LIKE_KW shift-reduce 383    likeop ::= LIKE_KW|MATCH
                       BETWEEN shift-reduce 218    between_op ::= BETWEEN
                            IN shift-reduce 221    in_op ::= IN
                        ISNULL shift-reduce 208    expr ::= expr ISNULL|NOTNULL
                       NOTNULL shift-reduce 208    expr ::= expr ISNULL|NOTNULL
                            NE shift        136    
                            EQ shift        136    
                            GT shift        137    
                            LE shift        137    
                            LT shift        137    
                            GE shift        137    
                        BITAND shift        135    
                         BITOR shift        135    
                        LSHIFT shift        135    
                        RSHIFT shift        135    
                          PLUS shift        134    
                         MINUS shift        134    
                          STAR shift        133    
                         SLASH shift        133    
                           REM shift        133    
                        CONCAT shift        132    
                           PTR shift        129    
                       COLLATE shift        453    
                        likeop shift        131    
                    between_op shift        128    
                         in_op shift        236    
                     {default} reduce       288    key_opt ::= KEY expr

State 69:
          expr ::= expr * COLLATE ID|STRING
          expr ::= expr * AND expr
          expr ::= expr * OR expr
          expr ::= expr * LT|GT|GE|LE expr
          expr ::= expr * EQ|NE expr
          expr ::= expr * BITAND|BITOR|LSHIFT|RSHIFT expr
          expr ::= expr * PLUS|MINUS expr
          expr ::= expr * STAR|SLASH|REM expr
          expr ::= expr * CONCAT expr
          likeop ::= * LIKE_KW|MATCH
          likeop ::= * NOT LIKE_KW|MATCH
          expr ::= expr * likeop expr
          expr ::= expr * likeop expr ESCAPE expr
          expr ::= expr * ISNULL|NOTNULL
          expr ::= expr * NOT NULL
          expr ::= expr * IS expr
          expr ::= expr * IS NOT expr
          expr ::= expr * IS NOT DISTINCT FROM expr
          expr ::= expr * IS DISTINCT FROM expr
          expr ::= expr * PTR expr
          between_op ::= * BETWEEN
          between_op ::= * NOT BETWEEN
          expr ::= expr * between_op expr AND expr
          in_op ::= * IN
          in_op ::= * NOT IN
          expr ::= expr * in_op LP exprlist RP
          expr ::= expr * in_op LP select RP
          expr ::= expr * in_op nm dbnm paren_exprlist
    (251) vinto ::= INTO expr *

                           NOT shift        415    
                            OR shift        138    
                           AND shift        139    
                            IS shift        92     
                         MATCH shift-reduce 383    likeop ::= LIKE_KW|MATCH
                       LIKE_KW shift-reduce 383    likeop ::= LIKE_KW|MATCH
                       BETWEEN shift-reduce 218    between_op ::= BETWEEN
                            IN shift-reduce 221    in_op ::= IN
                        ISNULL shift-reduce 208    expr ::= expr ISNULL|NOTNULL
                       NOTNULL shift-reduce 208    expr ::= expr ISNULL|NOTNULL
                            NE shift        136    
                            EQ shift        136    
                            GT shift        137    
                            LE shift        137    
                            LT shift        137    
                            GE shift        137    
                        BITAND shift        135    
                         BITOR shift        135    
                        LSHIFT shift        135    
                        RSHIFT shift        135    
                          PLUS shift        134    
                         MINUS shift        134    
                          STAR shift        133    
                         SLASH shift        133    
                           REM shift        133    
                        CONCAT shift        132    
                           PTR shift        129    
                       COLLATE shift        453    
                        likeop shift        131    
                    between_op shift        128    
                         in_op shift        236    
                     {default} reduce       251    vinto ::= INTO expr

State 70:
    (163) setlist ::= LP idlist RP EQ expr *
          expr ::= expr * COLLATE ID|STRING
          expr ::= expr * AND expr
          expr ::= expr * OR expr
          expr ::= expr * LT|GT|GE|LE expr
          expr ::= expr * EQ|NE expr
          expr ::= expr * BITAND|BITOR|LSHIFT|RSHIFT expr
          expr ::= expr * PLUS|MINUS expr
          expr ::= expr * STAR|SLASH|REM expr
          expr ::= expr * CONCAT expr
          likeop ::= * LIKE_KW|MATCH
          likeop ::= * NOT LIKE_KW|MATCH
          expr ::= expr * likeop expr
          expr ::= expr * likeop expr ESCAPE expr
          expr ::= expr * ISNULL|NOTNULL
          expr ::= expr * NOT NULL
          expr ::= expr * IS expr
          expr ::= expr * IS NOT expr
          expr ::= expr * IS NOT DISTINCT FROM expr
          expr ::= expr * IS DISTINCT FROM expr
          expr ::= expr * PTR expr
          between_op ::= * BETWEEN
          between_op ::= * NOT BETWEEN
          expr ::= expr * between_op expr AND expr
          in_op ::= * IN
          in_op ::= * NOT IN
          expr ::= expr * in_op LP exprlist RP
          expr ::= expr * in_op LP select RP
          expr ::= expr * in_op nm dbnm paren_exprlist

                           NOT shift        415    
                            OR shift        138    
                           AND shift        139    
                            IS shift        92     
                         MATCH shift-reduce 383    likeop ::= LIKE_KW|MATCH
                       LIKE_KW shift-reduce 383    likeop ::= LIKE_KW|MATCH
                       BETWEEN shift-reduce 218    between_op ::= BETWEEN
                            IN shift-reduce 221    in_op ::= IN
                        ISNULL shift-reduce 208    expr ::= expr ISNULL|NOTNULL
                       NOTNULL shift-reduce 208    expr ::= expr ISNULL|NOTNULL
                            NE shift        136    
                            EQ shift        136    
                            GT shift        137    
                            LE shift        137    
                            LT shift        137    
                            GE shift        137    
                        BITAND shift        135    
                         BITOR shift        135    
                        LSHIFT shift        135    
                        RSHIFT shift        135    
                          PLUS shift        134    
                         MINUS shift        134    
                          STAR shift        133    
                         SLASH shift        133    
                           REM shift        133    
                        CONCAT shift        132    
                           PTR shift        129    
                       COLLATE shift        453    
                        likeop shift        131    
                    between_op shift        128    
                         in_op shift        236    
                     {default} reduce       163    setlist ::= LP idlist RP EQ expr

State 71:
    (162) setlist ::= nm EQ expr *
          expr ::= expr * COLLATE ID|STRING
          expr ::= expr * AND expr
          expr ::= expr * OR expr
          expr ::= expr * LT|GT|GE|LE expr
          expr ::= expr * EQ|NE expr
          expr ::= expr * BITAND|BITOR|LSHIFT|RSHIFT expr
          expr ::= expr * PLUS|MINUS expr
          expr ::= expr * STAR|SLASH|REM expr
          expr ::= expr * CONCAT expr
          likeop ::= * LIKE_KW|MATCH
          likeop ::= * NOT LIKE_KW|MATCH
          expr ::= expr * likeop expr
          expr ::= expr * likeop expr ESCAPE expr
          expr ::= expr * ISNULL|NOTNULL
          expr ::= expr * NOT NULL
          expr ::= expr * IS expr
          expr ::= expr * IS NOT expr
          expr ::= expr * IS NOT DISTINCT FROM expr
          expr ::= expr * IS DISTINCT FROM expr
          expr ::= expr * PTR expr
          between_op ::= * BETWEEN
          between_op ::= * NOT BETWEEN
          expr ::= expr * between_op expr AND expr
          in_op ::= * IN
          in_op ::= * NOT IN
          expr ::= expr * in_op LP exprlist RP
          expr ::= expr * in_op LP select RP
          expr ::= expr * in_op nm dbnm paren_exprlist

                           NOT shift        415    
                            OR shift        138    
                           AND shift        139    
                            IS shift        92     
                         MATCH shift-reduce 383    likeop ::= LIKE_KW|MATCH
                       LIKE_KW shift-reduce 383    likeop ::= LIKE_KW|MATCH
                       BETWEEN shift-reduce 218    between_op ::= BETWEEN
                            IN shift-reduce 221    in_op ::= IN
                        ISNULL shift-reduce 208    expr ::= expr ISNULL|NOTNULL
                       NOTNULL shift-reduce 208    expr ::= expr ISNULL|NOTNULL
                            NE shift        136    
                            EQ shift        136    
                            GT shift        137    
                            LE shift        137    
                            LT shift        137    
                            GE shift        137    
                        BITAND shift        135    
                         BITOR shift        135    
                        LSHIFT shift        135    
                        RSHIFT shift        135    
                          PLUS shift        134    
                         MINUS shift        134    
                          STAR shift        133    
                         SLASH shift        133    
                           REM shift        133    
                        CONCAT shift        132    
                           PTR shift        129    
                       COLLATE shift        453    
                        likeop shift        131    
                    between_op shift        128    
                         in_op shift        236    
                     {default} reduce       162    setlist ::= nm EQ expr

State 72:
    (161) setlist ::= setlist COMMA LP idlist RP EQ expr *
          expr ::= expr * COLLATE ID|STRING
          expr ::= expr * AND expr
          expr ::= expr * OR expr
          expr ::= expr * LT|GT|GE|LE expr
          expr ::= expr * EQ|NE expr
          expr ::= expr * BITAND|BITOR|LSHIFT|RSHIFT expr
          expr ::= expr * PLUS|MINUS expr
          expr ::= expr * STAR|SLASH|REM expr
          expr ::= expr * CONCAT expr
          likeop ::= * LIKE_KW|MATCH
          likeop ::= * NOT LIKE_KW|MATCH
          expr ::= expr * likeop expr
          expr ::= expr * likeop expr ESCAPE expr
          expr ::= expr * ISNULL|NOTNULL
          expr ::= expr * NOT NULL
          expr ::= expr * IS expr
          expr ::= expr * IS NOT expr
          expr ::= expr * IS NOT DISTINCT FROM expr
          expr ::= expr * IS DISTINCT FROM expr
          expr ::= expr * PTR expr
          between_op ::= * BETWEEN
          between_op ::= * NOT BETWEEN
          expr ::= expr * between_op expr AND expr
          in_op ::= * IN
          in_op ::= * NOT IN
          expr ::= expr * in_op LP exprlist RP
          expr ::= expr * in_op LP select RP
          expr ::= expr * in_op nm dbnm paren_exprlist

                           NOT shift        415    
                            OR shift        138    
                           AND shift        139    
                            IS shift        92     
                         MATCH shift-reduce 383    likeop ::= LIKE_KW|MATCH
                       LIKE_KW shift-reduce 383    likeop ::= LIKE_KW|MATCH
                       BETWEEN shift-reduce 218    between_op ::= BETWEEN
                            IN shift-reduce 221    in_op ::= IN
                        ISNULL shift-reduce 208    expr ::= expr ISNULL|NOTNULL
                       NOTNULL shift-reduce 208    expr ::= expr ISNULL|NOTNULL
                            NE shift        136    
                            EQ shift        136    
                            GT shift        137    
                            LE shift        137    
                            LT shift        137    
                            GE shift        137    
                        BITAND shift        135    
                         BITOR shift        135    
                        LSHIFT shift        135    
                        RSHIFT shift        135    
                          PLUS shift        134    
                         MINUS shift        134    
                          STAR shift        133    
                         SLASH shift        133    
                           REM shift        133    
                        CONCAT shift        132    
                           PTR shift        129    
                       COLLATE shift        453    
                        likeop shift        131    
                    between_op shift        128    
                         in_op shift        236    
                     {default} reduce       161    setlist ::= setlist COMMA LP idlist RP EQ expr

State 73:
    (160) setlist ::= setlist COMMA nm EQ expr *
          expr ::= expr * COLLATE ID|STRING
          expr ::= expr * AND expr
          expr ::= expr * OR expr
          expr ::= expr * LT|GT|GE|LE expr
          expr ::= expr * EQ|NE expr
          expr ::= expr * BITAND|BITOR|LSHIFT|RSHIFT expr
          expr ::= expr * PLUS|MINUS expr
          expr ::= expr * STAR|SLASH|REM expr
          expr ::= expr * CONCAT expr
          likeop ::= * LIKE_KW|MATCH
          likeop ::= * NOT LIKE_KW|MATCH
          expr ::= expr * likeop expr
          expr ::= expr * likeop expr ESCAPE expr
          expr ::= expr * ISNULL|NOTNULL
          expr ::= expr * NOT NULL
          expr ::= expr * IS expr
          expr ::= expr * IS NOT expr
          expr ::= expr * IS NOT DISTINCT FROM expr
          expr ::= expr * IS DISTINCT FROM expr
          expr ::= expr * PTR expr
          between_op ::= * BETWEEN
          between_op ::= * NOT BETWEEN
          expr ::= expr * between_op expr AND expr
          in_op ::= * IN
          in_op ::= * NOT IN
          expr ::= expr * in_op LP exprlist RP
          expr ::= expr * in_op LP select RP
          expr ::= expr * in_op nm dbnm paren_exprlist

                           NOT shift        415    
                            OR shift        138    
                           AND shift        139    
                            IS shift        92     
                         MATCH shift-reduce 383    likeop ::= LIKE_KW|MATCH
                       LIKE_KW shift-reduce 383    likeop ::= LIKE_KW|MATCH
                       BETWEEN shift-reduce 218    between_op ::= BETWEEN
                            IN shift-reduce 221    in_op ::= IN
                        ISNULL shift-reduce 208    expr ::= expr ISNULL|NOTNULL
                       NOTNULL shift-reduce 208    expr ::= expr ISNULL|NOTNULL
                            NE shift        136    
                            EQ shift        136    
                            GT shift        137    
                            LE shift        137    
                            LT shift        137    
                            GE shift        137    
                        BITAND shift        135    
                         BITOR shift        135    
                        LSHIFT shift        135    
                        RSHIFT shift        135    
                          PLUS shift        134    
                         MINUS shift        134    
                          STAR shift        133    
                         SLASH shift        133    
                           REM shift        133    
                        CONCAT shift        132    
                           PTR shift        129    
                       COLLATE shift        453    
                        likeop shift        131    
                    between_op shift        128    
                         in_op shift        236    
                     {default} reduce       160    setlist ::= setlist COMMA nm EQ expr

State 74:
          expr ::= expr * COLLATE ID|STRING
          expr ::= expr * AND expr
          expr ::= expr * OR expr
          expr ::= expr * LT|GT|GE|LE expr
          expr ::= expr * EQ|NE expr
          expr ::= expr * BITAND|BITOR|LSHIFT|RSHIFT expr
          expr ::= expr * PLUS|MINUS expr
          expr ::= expr * STAR|SLASH|REM expr
          expr ::= expr * CONCAT expr
          likeop ::= * LIKE_KW|MATCH
          likeop ::= * NOT LIKE_KW|MATCH
          expr ::= expr * likeop expr
          expr ::= expr * likeop expr ESCAPE expr
          expr ::= expr * ISNULL|NOTNULL
          expr ::= expr * NOT NULL
          expr ::= expr * IS expr
          expr ::= expr * IS NOT expr
          expr ::= expr * IS NOT DISTINCT FROM expr
          expr ::= expr * IS DISTINCT FROM expr
          expr ::= expr * PTR expr
          between_op ::= * BETWEEN
          between_op ::= * NOT BETWEEN
          expr ::= expr * between_op expr AND expr
          in_op ::= * IN
          in_op ::= * NOT IN
          expr ::= expr * in_op LP exprlist RP
          expr ::= expr * in_op LP select RP
          expr ::= expr * in_op nm dbnm paren_exprlist
    (269) when_clause ::= WHEN expr *

                           NOT shift        415    
                            OR shift        138    
                           AND shift        139    
                            IS shift        92     
                         MATCH shift-reduce 383    likeop ::= LIKE_KW|MATCH
                       LIKE_KW shift-reduce 383    likeop ::= LIKE_KW|MATCH
                       BETWEEN shift-reduce 218    between_op ::= BETWEEN
                            IN shift-reduce 221    in_op ::= IN
                        ISNULL shift-reduce 208    expr ::= expr ISNULL|NOTNULL
                       NOTNULL shift-reduce 208    expr ::= expr ISNULL|NOTNULL
                            NE shift        136    
                            EQ shift        136    
                            GT shift        137    
                            LE shift        137    
                            LT shift        137    
                            GE shift        137    
                        BITAND shift        135    
                         BITOR shift        135    
                        LSHIFT shift        135    
                        RSHIFT shift        135    
                          PLUS shift        134    
                         MINUS shift        134    
                          STAR shift        133    
                         SLASH shift        133    
                           REM shift        133    
                        CONCAT shift        132    
                           PTR shift        129    
                       COLLATE shift        453    
                        likeop shift        131    
                    between_op shift        128    
                         in_op shift        236    
                     {default} reduce       269    when_clause ::= WHEN expr

State 75:
    (128) on_using ::= ON expr *
          expr ::= expr * COLLATE ID|STRING
          expr ::= expr * AND expr
          expr ::= expr * OR expr
          expr ::= expr * LT|GT|GE|LE expr
          expr ::= expr * EQ|NE expr
          expr ::= expr * BITAND|BITOR|LSHIFT|RSHIFT expr
          expr ::= expr * PLUS|MINUS expr
          expr ::= expr * STAR|SLASH|REM expr
          expr ::= expr * CONCAT expr
          likeop ::= * LIKE_KW|MATCH
          likeop ::= * NOT LIKE_KW|MATCH
          expr ::= expr * likeop expr
          expr ::= expr * likeop expr ESCAPE expr
          expr ::= expr * ISNULL|NOTNULL
          expr ::= expr * NOT NULL
          expr ::= expr * IS expr
          expr ::= expr * IS NOT expr
          expr ::= expr * IS NOT DISTINCT FROM expr
          expr ::= expr * IS DISTINCT FROM expr
          expr ::= expr * PTR expr
          between_op ::= * BETWEEN
          between_op ::= * NOT BETWEEN
          expr ::= expr * between_op expr AND expr
          in_op ::= * IN
          in_op ::= * NOT IN
          expr ::= expr * in_op LP exprlist RP
          expr ::= expr * in_op LP select RP
          expr ::= expr * in_op nm dbnm paren_exprlist

                           NOT shift        415    
                            OR shift        138    
                           AND shift        139    
                            IS shift        92     
                         MATCH shift-reduce 383    likeop ::= LIKE_KW|MATCH
                       LIKE_KW shift-reduce 383    likeop ::= LIKE_KW|MATCH
                       BETWEEN shift-reduce 218    between_op ::= BETWEEN
                            IN shift-reduce 221    in_op ::= IN
                        ISNULL shift-reduce 208    expr ::= expr ISNULL|NOTNULL
                       NOTNULL shift-reduce 208    expr ::= expr ISNULL|NOTNULL
                            NE shift        136    
                            EQ shift        136    
                            GT shift        137    
                            LE shift        137    
                            LT shift        137    
                            GE shift        137    
                        BITAND shift        135    
                         BITOR shift        135    
                        LSHIFT shift        135    
                        RSHIFT shift        135    
                          PLUS shift        134    
                         MINUS shift        134    
                          STAR shift        133    
                         SLASH shift        133    
                           REM shift        133    
                        CONCAT shift        132    
                           PTR shift        129    
                       COLLATE shift        453    
                        likeop shift        131    
                    between_op shift        128    
                         in_op shift        236    
                     {default} reduce       128    on_using ::= ON expr

State 76:
    (154) where_opt ::= WHERE expr *
          expr ::= expr * COLLATE ID|STRING
          expr ::= expr * AND expr
          expr ::= expr * OR expr
          expr ::= expr * LT|GT|GE|LE expr
          expr ::= expr * EQ|NE expr
          expr ::= expr * BITAND|BITOR|LSHIFT|RSHIFT expr
          expr ::= expr * PLUS|MINUS expr
          expr ::= expr * STAR|SLASH|REM expr
          expr ::= expr * CONCAT expr
          likeop ::= * LIKE_KW|MATCH
          likeop ::= * NOT LIKE_KW|MATCH
          expr ::= expr * likeop expr
          expr ::= expr * likeop expr ESCAPE expr
          expr ::= expr * ISNULL|NOTNULL
          expr ::= expr * NOT NULL
          expr ::= expr * IS expr
          expr ::= expr * IS NOT expr
          expr ::= expr * IS NOT DISTINCT FROM expr
          expr ::= expr * IS DISTINCT FROM expr
          expr ::= expr * PTR expr
          between_op ::= * BETWEEN
          between_op ::= * NOT BETWEEN
          expr ::= expr * between_op expr AND expr
          in_op ::= * IN
          in_op ::= * NOT IN
          expr ::= expr * in_op LP exprlist RP
          expr ::= expr * in_op LP select RP
          expr ::= expr * in_op nm dbnm paren_exprlist

                           NOT shift        415    
                            OR shift        138    
                           AND shift        139    
                            IS shift        92     
                         MATCH shift-reduce 383    likeop ::= LIKE_KW|MATCH
                       LIKE_KW shift-reduce 383    likeop ::= LIKE_KW|MATCH
                       BETWEEN shift-reduce 218    between_op ::= BETWEEN
                            IN shift-reduce 221    in_op ::= IN
                        ISNULL shift-reduce 208    expr ::= expr ISNULL|NOTNULL
                       NOTNULL shift-reduce 208    expr ::= expr ISNULL|NOTNULL
                            NE shift        136    
                            EQ shift        136    
                            GT shift        137    
                            LE shift        137    
                            LT shift        137    
                            GE shift        137    
                        BITAND shift        135    
                         BITOR shift        135    
                        LSHIFT shift        135    
                        RSHIFT shift        135    
                          PLUS shift        134    
                         MINUS shift        134    
                          STAR shift        133    
                         SLASH shift        133    
                           REM shift        133    
                        CONCAT shift        132    
                           PTR shift        129    
                       COLLATE shift        453    
                        likeop shift        131    
                    between_op shift        128    
                         in_op shift        236    
                     {default} reduce       154    where_opt ::= WHERE expr

State 77:
    (147) having_opt ::= HAVING expr *
          expr ::= expr * COLLATE ID|STRING
          expr ::= expr * AND expr
          expr ::= expr * OR expr
          expr ::= expr * LT|GT|GE|LE expr
          expr ::= expr * EQ|NE expr
          expr ::= expr * BITAND|BITOR|LSHIFT|RSHIFT expr
          expr ::= expr * PLUS|MINUS expr
          expr ::= expr * STAR|SLASH|REM expr
          expr ::= expr * CONCAT expr
          likeop ::= * LIKE_KW|MATCH
          likeop ::= * NOT LIKE_KW|MATCH
          expr ::= expr * likeop expr
          expr ::= expr * likeop expr ESCAPE expr
          expr ::= expr * ISNULL|NOTNULL
          expr ::= expr * NOT NULL
          expr ::= expr * IS expr
          expr ::= expr * IS NOT expr
          expr ::= expr * IS NOT DISTINCT FROM expr
          expr ::= expr * IS DISTINCT FROM expr
          expr ::= expr * PTR expr
          between_op ::= * BETWEEN
          between_op ::= * NOT BETWEEN
          expr ::= expr * between_op expr AND expr
          in_op ::= * IN
          in_op ::= * NOT IN
          expr ::= expr * in_op LP exprlist RP
          expr ::= expr * in_op LP select RP
          expr ::= expr * in_op nm dbnm paren_exprlist

                           NOT shift        415    
                            OR shift        138    
                           AND shift        139    
                            IS shift        92     
                         MATCH shift-reduce 383    likeop ::= LIKE_KW|MATCH
                       LIKE_KW shift-reduce 383    likeop ::= LIKE_KW|MATCH
                       BETWEEN shift-reduce 218    between_op ::= BETWEEN
                            IN shift-reduce 221    in_op ::= IN
                        ISNULL shift-reduce 208    expr ::= expr ISNULL|NOTNULL
                       NOTNULL shift-reduce 208    expr ::= expr ISNULL|NOTNULL
                            NE shift        136    
                            EQ shift        136    
                            GT shift        137    
                            LE shift        137    
                            LT shift        137    
                            GE shift        137    
                        BITAND shift        135    
                         BITOR shift        135    
                        LSHIFT shift        135    
                        RSHIFT shift        135    
                          PLUS shift        134    
                         MINUS shift        134    
                          STAR shift        133    
                         SLASH shift        133    
                           REM shift        133    
                        CONCAT shift        132    
                           PTR shift        129    
                       COLLATE shift        453    
                        likeop shift        131    
                    between_op shift        128    
                         in_op shift        236    
                     {default} reduce       147    having_opt ::= HAVING expr

State 78:
    (151) limit_opt ::= LIMIT expr COMMA expr *
          expr ::= expr * COLLATE ID|STRING
          expr ::= expr * AND expr
          expr ::= expr * OR expr
          expr ::= expr * LT|GT|GE|LE expr
          expr ::= expr * EQ|NE expr
          expr ::= expr * BITAND|BITOR|LSHIFT|RSHIFT expr
          expr ::= expr * PLUS|MINUS expr
          expr ::= expr * STAR|SLASH|REM expr
          expr ::= expr * CONCAT expr
          likeop ::= * LIKE_KW|MATCH
          likeop ::= * NOT LIKE_KW|MATCH
          expr ::= expr * likeop expr
          expr ::= expr * likeop expr ESCAPE expr
          expr ::= expr * ISNULL|NOTNULL
          expr ::= expr * NOT NULL
          expr ::= expr * IS expr
          expr ::= expr * IS NOT expr
          expr ::= expr * IS NOT DISTINCT FROM expr
          expr ::= expr * IS DISTINCT FROM expr
          expr ::= expr * PTR expr
          between_op ::= * BETWEEN
          between_op ::= * NOT BETWEEN
          expr ::= expr * between_op expr AND expr
          in_op ::= * IN
          in_op ::= * NOT IN
          expr ::= expr * in_op LP exprlist RP
          expr ::= expr * in_op LP select RP
          expr ::= expr * in_op nm dbnm paren_exprlist

                           NOT shift        415    
                            OR shift        138    
                           AND shift        139    
                            IS shift        92     
                         MATCH shift-reduce 383    likeop ::= LIKE_KW|MATCH
                       LIKE_KW shift-reduce 383    likeop ::= LIKE_KW|MATCH
                       BETWEEN shift-reduce 218    between_op ::= BETWEEN
                            IN shift-reduce 221    in_op ::= IN
                        ISNULL shift-reduce 208    expr ::= expr ISNULL|NOTNULL
                       NOTNULL shift-reduce 208    expr ::= expr ISNULL|NOTNULL
                            NE shift        136    
                            EQ shift        136    
                            GT shift        137    
                            LE shift        137    
                            LT shift        137    
                            GE shift        137    
                        BITAND shift        135    
                         BITOR shift        135    
                        LSHIFT shift        135    
                        RSHIFT shift        135    
                          PLUS shift        134    
                         MINUS shift        134    
                          STAR shift        133    
                         SLASH shift        133    
                           REM shift        133    
                        CONCAT shift        132    
                           PTR shift        129    
                       COLLATE shift        453    
                        likeop shift        131    
                    between_op shift        128    
                         in_op shift        236    
                     {default} reduce       151    limit_opt ::= LIMIT expr COMMA expr

State 79:
          expr ::= expr * COLLATE ID|STRING
          expr ::= expr * AND expr
          expr ::= expr * OR expr
          expr ::= expr * LT|GT|GE|LE expr
          expr ::= expr * EQ|NE expr
          expr ::= expr * BITAND|BITOR|LSHIFT|RSHIFT expr
          expr ::= expr * PLUS|MINUS expr
          expr ::= expr * STAR|SLASH|REM expr
          expr ::= expr * CONCAT expr
          likeop ::= * LIKE_KW|MATCH
          likeop ::= * NOT LIKE_KW|MATCH
          expr ::= expr * likeop expr
          expr ::= expr * likeop expr ESCAPE expr
          expr ::= expr * ISNULL|NOTNULL
          expr ::= expr * NOT NULL
          expr ::= expr * IS expr
          expr ::= expr * IS NOT expr
          expr ::= expr * IS NOT DISTINCT FROM expr
          expr ::= expr * IS DISTINCT FROM expr
          expr ::= expr * PTR expr
          between_op ::= * BETWEEN
          between_op ::= * NOT BETWEEN
          expr ::= expr * between_op expr AND expr
          in_op ::= * IN
          in_op ::= * NOT IN
          expr ::= expr * in_op LP exprlist RP
          expr ::= expr * in_op LP select RP
          expr ::= expr * in_op nm dbnm paren_exprlist
    (230) case_exprlist ::= WHEN expr THEN expr *

                           NOT shift        415    
                            OR shift        138    
                           AND shift        139    
                            IS shift        92     
                         MATCH shift-reduce 383    likeop ::= LIKE_KW|MATCH
                       LIKE_KW shift-reduce 383    likeop ::= LIKE_KW|MATCH
                       BETWEEN shift-reduce 218    between_op ::= BETWEEN
                            IN shift-reduce 221    in_op ::= IN
                        ISNULL shift-reduce 208    expr ::= expr ISNULL|NOTNULL
                       NOTNULL shift-reduce 208    expr ::= expr ISNULL|NOTNULL
                            NE shift        136    
                            EQ shift        136    
                            GT shift        137    
                            LE shift        137    
                            LT shift        137    
                            GE shift        137    
                        BITAND shift        135    
                         BITOR shift        135    
                        LSHIFT shift        135    
                        RSHIFT shift        135    
                          PLUS shift        134    
                         MINUS shift        134    
                          STAR shift        133    
                         SLASH shift        133    
                           REM shift        133    
                        CONCAT shift        132    
                           PTR shift        129    
                       COLLATE shift        453    
                        likeop shift        131    
                    between_op shift        128    
                         in_op shift        236    
                     {default} reduce       230    case_exprlist ::= WHEN expr THEN expr

State 80:
          expr ::= expr * COLLATE ID|STRING
          expr ::= expr * AND expr
          expr ::= expr * OR expr
          expr ::= expr * LT|GT|GE|LE expr
          expr ::= expr * EQ|NE expr
          expr ::= expr * BITAND|BITOR|LSHIFT|RSHIFT expr
          expr ::= expr * PLUS|MINUS expr
          expr ::= expr * STAR|SLASH|REM expr
          expr ::= expr * CONCAT expr
          likeop ::= * LIKE_KW|MATCH
          likeop ::= * NOT LIKE_KW|MATCH
          expr ::= expr * likeop expr
          expr ::= expr * likeop expr ESCAPE expr
          expr ::= expr * ISNULL|NOTNULL
          expr ::= expr * NOT NULL
          expr ::= expr * IS expr
          expr ::= expr * IS NOT expr
          expr ::= expr * IS NOT DISTINCT FROM expr
          expr ::= expr * IS DISTINCT FROM expr
          expr ::= expr * PTR expr
          between_op ::= * BETWEEN
          between_op ::= * NOT BETWEEN
          expr ::= expr * between_op expr AND expr
          in_op ::= * IN
          in_op ::= * NOT IN
          expr ::= expr * in_op LP exprlist RP
          expr ::= expr * in_op LP select RP
          expr ::= expr * in_op nm dbnm paren_exprlist
    (231) case_else ::= ELSE expr *

                           NOT shift        415    
                            OR shift        138    
                           AND shift        139    
                            IS shift        92     
                         MATCH shift-reduce 383    likeop ::= LIKE_KW|MATCH
                       LIKE_KW shift-reduce 383    likeop ::= LIKE_KW|MATCH
                       BETWEEN shift-reduce 218    between_op ::= BETWEEN
                            IN shift-reduce 221    in_op ::= IN
                        ISNULL shift-reduce 208    expr ::= expr ISNULL|NOTNULL
                       NOTNULL shift-reduce 208    expr ::= expr ISNULL|NOTNULL
                            NE shift        136    
                            EQ shift        136    
                            GT shift        137    
                            LE shift        137    
                            LT shift        137    
                            GE shift        137    
                        BITAND shift        135    
                         BITOR shift        135    
                        LSHIFT shift        135    
                        RSHIFT shift        135    
                          PLUS shift        134    
                         MINUS shift        134    
                          STAR shift        133    
                         SLASH shift        133    
                           REM shift        133    
                        CONCAT shift        132    
                           PTR shift        129    
                       COLLATE shift        453    
                        likeop shift        131    
                    between_op shift        128    
                         in_op shift        236    
                     {default} reduce       231    case_else ::= ELSE expr

State 81:
          expr ::= expr * COLLATE ID|STRING
          expr ::= expr * AND expr
          expr ::= expr * OR expr
          expr ::= expr * LT|GT|GE|LE expr
          expr ::= expr * EQ|NE expr
          expr ::= expr * BITAND|BITOR|LSHIFT|RSHIFT expr
          expr ::= expr * PLUS|MINUS expr
          expr ::= expr * STAR|SLASH|REM expr
          expr ::= expr * CONCAT expr
          likeop ::= * LIKE_KW|MATCH
          likeop ::= * NOT LIKE_KW|MATCH
          expr ::= expr * likeop expr
          expr ::= expr * likeop expr ESCAPE expr
          expr ::= expr * ISNULL|NOTNULL
          expr ::= expr * NOT NULL
          expr ::= expr * IS expr
          expr ::= expr * IS NOT expr
          expr ::= expr * IS NOT DISTINCT FROM expr
          expr ::= expr * IS DISTINCT FROM expr
          expr ::= expr * PTR expr
          between_op ::= * BETWEEN
          between_op ::= * NOT BETWEEN
          expr ::= expr * between_op expr AND expr
          in_op ::= * IN
          in_op ::= * NOT IN
          expr ::= expr * in_op LP exprlist RP
          expr ::= expr * in_op LP select RP
          expr ::= expr * in_op nm dbnm paren_exprlist
    (229) case_exprlist ::= case_exprlist WHEN expr THEN expr *

                           NOT shift        415    
                            OR shift        138    
                           AND shift        139    
                            IS shift        92     
                         MATCH shift-reduce 383    likeop ::= LIKE_KW|MATCH
                       LIKE_KW shift-reduce 383    likeop ::= LIKE_KW|MATCH
                       BETWEEN shift-reduce 218    between_op ::= BETWEEN
                            IN shift-reduce 221    in_op ::= IN
                        ISNULL shift-reduce 208    expr ::= expr ISNULL|NOTNULL
                       NOTNULL shift-reduce 208    expr ::= expr ISNULL|NOTNULL
                            NE shift        136    
                            EQ shift        136    
                            GT shift        137    
                            LE shift        137    
                            LT shift        137    
                            GE shift        137    
                        BITAND shift        135    
                         BITOR shift        135    
                        LSHIFT shift        135    
                        RSHIFT shift        135    
                          PLUS shift        134    
                         MINUS shift        134    
                          STAR shift        133    
                         SLASH shift        133    
                           REM shift        133    
                        CONCAT shift        132    
                           PTR shift        129    
                       COLLATE shift        453    
                        likeop shift        131    
                    between_op shift        128    
                         in_op shift        236    
                     {default} reduce       229    case_exprlist ::= case_exprlist WHEN expr THEN expr

State 82:
          expr ::= expr * COLLATE ID|STRING
          expr ::= expr * AND expr
          expr ::= expr * OR expr
          expr ::= expr * LT|GT|GE|LE expr
          expr ::= expr * EQ|NE expr
          expr ::= expr * BITAND|BITOR|LSHIFT|RSHIFT expr
          expr ::= expr * PLUS|MINUS expr
          expr ::= expr * STAR|SLASH|REM expr
          expr ::= expr * CONCAT expr
          likeop ::= * LIKE_KW|MATCH
          likeop ::= * NOT LIKE_KW|MATCH
          expr ::= expr * likeop expr
          expr ::= expr * likeop expr ESCAPE expr
          expr ::= expr * ISNULL|NOTNULL
          expr ::= expr * NOT NULL
          expr ::= expr * IS expr
          expr ::= expr * IS NOT expr
          expr ::= expr * IS NOT DISTINCT FROM expr
          expr ::= expr * IS DISTINCT FROM expr
          expr ::= expr * PTR expr
          between_op ::= * BETWEEN
          between_op ::= * NOT BETWEEN
          expr ::= expr * between_op expr AND expr
          in_op ::= * IN
          in_op ::= * NOT IN
          expr ::= expr * in_op LP exprlist RP
          expr ::= expr * in_op LP select RP
          expr ::= expr * in_op nm dbnm paren_exprlist
    (384) case_operand ::= expr *

                           NOT shift        415    
                            OR shift        138    
                           AND shift        139    
                            IS shift        92     
                         MATCH shift-reduce 383    likeop ::= LIKE_KW|MATCH
                       LIKE_KW shift-reduce 383    likeop ::= LIKE_KW|MATCH
                       BETWEEN shift-reduce 218    between_op ::= BETWEEN
                            IN shift-reduce 221    in_op ::= IN
                        ISNULL shift-reduce 208    expr ::= expr ISNULL|NOTNULL
                       NOTNULL shift-reduce 208    expr ::= expr ISNULL|NOTNULL
                            NE shift        136    
                            EQ shift        136    
                            GT shift        137    
                            LE shift        137    
                            LT shift        137    
                            GE shift        137    
                        BITAND shift        135    
                         BITOR shift        135    
                        LSHIFT shift        135    
                        RSHIFT shift        135    
                          PLUS shift        134    
                         MINUS shift        134    
                          STAR shift        133    
                         SLASH shift        133    
                           REM shift        133    
                        CONCAT shift        132    
                           PTR shift        129    
                       COLLATE shift        453    
                        likeop shift        131    
                    between_op shift        128    
                         in_op shift        236    
                     {default} reduce       384    case_operand ::= expr

State 83:
          expr ::= expr * COLLATE ID|STRING
          expr ::= expr * AND expr
          expr ::= expr * OR expr
          expr ::= expr * LT|GT|GE|LE expr
          expr ::= expr * EQ|NE expr
          expr ::= expr * BITAND|BITOR|LSHIFT|RSHIFT expr
          expr ::= expr * PLUS|MINUS expr
          expr ::= expr * STAR|SLASH|REM expr
          expr ::= expr * CONCAT expr
          likeop ::= * LIKE_KW|MATCH
          likeop ::= * NOT LIKE_KW|MATCH
          expr ::= expr * likeop expr
          expr ::= expr * likeop expr ESCAPE expr
          expr ::= expr * ISNULL|NOTNULL
          expr ::= expr * NOT NULL
          expr ::= expr * IS expr
          expr ::= expr * IS NOT expr
          expr ::= expr * IS NOT DISTINCT FROM expr
          expr ::= expr * IS DISTINCT FROM expr
          expr ::= expr * PTR expr
          between_op ::= * BETWEEN
          between_op ::= * NOT BETWEEN
          expr ::= expr * between_op expr AND expr
          in_op ::= * IN
          in_op ::= * NOT IN
          expr ::= expr * in_op LP exprlist RP
          expr ::= expr * in_op LP select RP
          expr ::= expr * in_op nm dbnm paren_exprlist
    (236) nexprlist ::= expr *

                           NOT shift        415    
                            OR shift        138    
                           AND shift        139    
                            IS shift        92     
                         MATCH shift-reduce 383    likeop ::= LIKE_KW|MATCH
                       LIKE_KW shift-reduce 383    likeop ::= LIKE_KW|MATCH
                       BETWEEN shift-reduce 218    between_op ::= BETWEEN
                            IN shift-reduce 221    in_op ::= IN
                        ISNULL shift-reduce 208    expr ::= expr ISNULL|NOTNULL
                       NOTNULL shift-reduce 208    expr ::= expr ISNULL|NOTNULL
                            NE shift        136    
                            EQ shift        136    
                            GT shift        137    
                            LE shift        137    
                            LT shift        137    
                            GE shift        137    
                        BITAND shift        135    
                         BITOR shift        135    
                        LSHIFT shift        135    
                        RSHIFT shift        135    
                          PLUS shift        134    
                         MINUS shift        134    
                          STAR shift        133    
                         SLASH shift        133    
                           REM shift        133    
                        CONCAT shift        132    
                           PTR shift        129    
                       COLLATE shift        453    
                        likeop shift        131    
                    between_op shift        128    
                         in_op shift        236    
                     {default} reduce       236    nexprlist ::= expr

State 84:
          expr ::= expr * COLLATE ID|STRING
          expr ::= expr * AND expr
          expr ::= expr * OR expr
          expr ::= expr * LT|GT|GE|LE expr
          expr ::= expr * EQ|NE expr
          expr ::= expr * BITAND|BITOR|LSHIFT|RSHIFT expr
          expr ::= expr * PLUS|MINUS expr
          expr ::= expr * STAR|SLASH|REM expr
          expr ::= expr * CONCAT expr
          likeop ::= * LIKE_KW|MATCH
          likeop ::= * NOT LIKE_KW|MATCH
          expr ::= expr * likeop expr
          expr ::= expr * likeop expr ESCAPE expr
          expr ::= expr * ISNULL|NOTNULL
          expr ::= expr * NOT NULL
          expr ::= expr * IS expr
          expr ::= expr * IS NOT expr
          expr ::= expr * IS NOT DISTINCT FROM expr
          expr ::= expr * IS DISTINCT FROM expr
          expr ::= expr * PTR expr
          between_op ::= * BETWEEN
          between_op ::= * NOT BETWEEN
          expr ::= expr * between_op expr AND expr
          in_op ::= * IN
          in_op ::= * NOT IN
          expr ::= expr * in_op LP exprlist RP
          expr ::= expr * in_op LP select RP
          expr ::= expr * in_op nm dbnm paren_exprlist
    (235) nexprlist ::= nexprlist COMMA expr *

                           NOT shift        415    
                            OR shift        138    
                           AND shift        139    
                            IS shift        92     
                         MATCH shift-reduce 383    likeop ::= LIKE_KW|MATCH
                       LIKE_KW shift-reduce 383    likeop ::= LIKE_KW|MATCH
                       BETWEEN shift-reduce 218    between_op ::= BETWEEN
                            IN shift-reduce 221    in_op ::= IN
                        ISNULL shift-reduce 208    expr ::= expr ISNULL|NOTNULL
                       NOTNULL shift-reduce 208    expr ::= expr ISNULL|NOTNULL
                            NE shift        136    
                            EQ shift        136    
                            GT shift        137    
                            LE shift        137    
                            LT shift        137    
                            GE shift        137    
                        BITAND shift        135    
                         BITOR shift        135    
                        LSHIFT shift        135    
                        RSHIFT shift        135    
                          PLUS shift        134    
                         MINUS shift        134    
                          STAR shift        133    
                         SLASH shift        133    
                           REM shift        133    
                        CONCAT shift        132    
                           PTR shift        129    
                       COLLATE shift        453    
                        likeop shift        131    
                    between_op shift        128    
                         in_op shift        236    
                     {default} reduce       235    nexprlist ::= nexprlist COMMA expr

State 85:
          expr ::= expr * COLLATE ID|STRING
          expr ::= expr * AND expr
          expr ::= expr * OR expr
          expr ::= expr * LT|GT|GE|LE expr
          expr ::= expr * EQ|NE expr
          expr ::= expr * BITAND|BITOR|LSHIFT|RSHIFT expr
          expr ::= expr * PLUS|MINUS expr
          expr ::= expr * STAR|SLASH|REM expr
          expr ::= expr * CONCAT expr
          likeop ::= * LIKE_KW|MATCH
          likeop ::= * NOT LIKE_KW|MATCH
          expr ::= expr * likeop expr
          expr ::= expr * likeop expr ESCAPE expr
          expr ::= expr * ISNULL|NOTNULL
          expr ::= expr * NOT NULL
          expr ::= expr * IS expr
          expr ::= expr * IS NOT expr
          expr ::= expr * IS NOT DISTINCT FROM expr
          expr ::= expr * IS DISTINCT FROM expr
          expr ::= expr * PTR expr
          between_op ::= * BETWEEN
          between_op ::= * NOT BETWEEN
          expr ::= expr * between_op expr AND expr
          expr ::= expr between_op expr * AND expr
          in_op ::= * IN
          in_op ::= * NOT IN
          expr ::= expr * in_op LP exprlist RP
          expr ::= expr * in_op LP select RP
          expr ::= expr * in_op nm dbnm paren_exprlist

                           NOT shift        415    
                            OR shift        138    
                           AND shift        127    
                            IS shift        92     
                         MATCH shift-reduce 383    likeop ::= LIKE_KW|MATCH
                       LIKE_KW shift-reduce 383    likeop ::= LIKE_KW|MATCH
                       BETWEEN shift-reduce 218    between_op ::= BETWEEN
                            IN shift-reduce 221    in_op ::= IN
                        ISNULL shift-reduce 208    expr ::= expr ISNULL|NOTNULL
                       NOTNULL shift-reduce 208    expr ::= expr ISNULL|NOTNULL
                            NE shift        136    
                            EQ shift        136    
                            GT shift        137    
                            LE shift        137    
                            LT shift        137    
                            GE shift        137    
                        BITAND shift        135    
                         BITOR shift        135    
                        LSHIFT shift        135    
                        RSHIFT shift        135    
                          PLUS shift        134    
                         MINUS shift        134    
                          STAR shift        133    
                         SLASH shift        133    
                           REM shift        133    
                        CONCAT shift        132    
                           PTR shift        129    
                       COLLATE shift        453    
                        likeop shift        131    
                    between_op shift        128    
                         in_op shift        236    

State 86:
    (150) limit_opt ::= LIMIT expr OFFSET expr *
          expr ::= expr * COLLATE ID|STRING
          expr ::= expr * AND expr
          expr ::= expr * OR expr
          expr ::= expr * LT|GT|GE|LE expr
          expr ::= expr * EQ|NE expr
          expr ::= expr * BITAND|BITOR|LSHIFT|RSHIFT expr
          expr ::= expr * PLUS|MINUS expr
          expr ::= expr * STAR|SLASH|REM expr
          expr ::= expr * CONCAT expr
          likeop ::= * LIKE_KW|MATCH
          likeop ::= * NOT LIKE_KW|MATCH
          expr ::= expr * likeop expr
          expr ::= expr * likeop expr ESCAPE expr
          expr ::= expr * ISNULL|NOTNULL
          expr ::= expr * NOT NULL
          expr ::= expr * IS expr
          expr ::= expr * IS NOT expr
          expr ::= expr * IS NOT DISTINCT FROM expr
          expr ::= expr * IS DISTINCT FROM expr
          expr ::= expr * PTR expr
          between_op ::= * BETWEEN
          between_op ::= * NOT BETWEEN
          expr ::= expr * between_op expr AND expr
          in_op ::= * IN
          in_op ::= * NOT IN
          expr ::= expr * in_op LP exprlist RP
          expr ::= expr * in_op LP select RP
          expr ::= expr * in_op nm dbnm paren_exprlist

                           NOT shift        415    
                            OR shift        138    
                           AND shift        139    
                            IS shift        92     
                         MATCH shift-reduce 383    likeop ::= LIKE_KW|MATCH
                       LIKE_KW shift-reduce 383    likeop ::= LIKE_KW|MATCH
                       BETWEEN shift-reduce 218    between_op ::= BETWEEN
                            IN shift-reduce 221    in_op ::= IN
                        ISNULL shift-reduce 208    expr ::= expr ISNULL|NOTNULL
                       NOTNULL shift-reduce 208    expr ::= expr ISNULL|NOTNULL
                            NE shift        136    
                            EQ shift        136    
                            GT shift        137    
                            LE shift        137    
                            LT shift        137    
                            GE shift        137    
                        BITAND shift        135    
                         BITOR shift        135    
                        LSHIFT shift        135    
                        RSHIFT shift        135    
                          PLUS shift        134    
                         MINUS shift        134    
                          STAR shift        133    
                         SLASH shift        133    
                           REM shift        133    
                        CONCAT shift        132    
                           PTR shift        129    
                       COLLATE shift        453    
                        likeop shift        131    
                    between_op shift        128    
                         in_op shift        236    
                     {default} reduce       150    limit_opt ::= LIMIT expr OFFSET expr

State 87:
          expr ::= expr * COLLATE ID|STRING
          expr ::= expr * AND expr
          expr ::= expr * OR expr
    (198) expr ::= expr OR expr *
          expr ::= expr * LT|GT|GE|LE expr
          expr ::= expr * EQ|NE expr
          expr ::= expr * BITAND|BITOR|LSHIFT|RSHIFT expr
          expr ::= expr * PLUS|MINUS expr
          expr ::= expr * STAR|SLASH|REM expr
          expr ::= expr * CONCAT expr
          likeop ::= * LIKE_KW|MATCH
          likeop ::= * NOT LIKE_KW|MATCH
          expr ::= expr * likeop expr
          expr ::= expr * likeop expr ESCAPE expr
          expr ::= expr * ISNULL|NOTNULL
          expr ::= expr * NOT NULL
          expr ::= expr * IS expr
          expr ::= expr * IS NOT expr
          expr ::= expr * IS NOT DISTINCT FROM expr
          expr ::= expr * IS DISTINCT FROM expr
          expr ::= expr * PTR expr
          between_op ::= * BETWEEN
          between_op ::= * NOT BETWEEN
          expr ::= expr * between_op expr AND expr
          in_op ::= * IN
          in_op ::= * NOT IN
          expr ::= expr * in_op LP exprlist RP
          expr ::= expr * in_op LP select RP
          expr ::= expr * in_op nm dbnm paren_exprlist

                           NOT shift        415    
                           AND shift        139    
                            IS shift        92     
                         MATCH shift-reduce 383    likeop ::= LIKE_KW|MATCH
                       LIKE_KW shift-reduce 383    likeop ::= LIKE_KW|MATCH
                       BETWEEN shift-reduce 218    between_op ::= BETWEEN
                            IN shift-reduce 221    in_op ::= IN
                        ISNULL shift-reduce 208    expr ::= expr ISNULL|NOTNULL
                       NOTNULL shift-reduce 208    expr ::= expr ISNULL|NOTNULL
                            NE shift        136    
                            EQ shift        136    
                            GT shift        137    
                            LE shift        137    
                            LT shift        137    
                            GE shift        137    
                        BITAND shift        135    
                         BITOR shift        135    
                        LSHIFT shift        135    
                        RSHIFT shift        135    
                          PLUS shift        134    
                         MINUS shift        134    
                          STAR shift        133    
                         SLASH shift        133    
                           REM shift        133    
                        CONCAT shift        132    
                           PTR shift        129    
                       COLLATE shift        453    
                        likeop shift        131    
                    between_op shift        128    
                         in_op shift        236    
                     {default} reduce       198    expr ::= expr OR expr

State 88:
          expr ::= expr * COLLATE ID|STRING
          expr ::= expr * AND expr
          expr ::= expr * OR expr
          expr ::= expr * LT|GT|GE|LE expr
          expr ::= expr * EQ|NE expr
          expr ::= expr * BITAND|BITOR|LSHIFT|RSHIFT expr
          expr ::= expr * PLUS|MINUS expr
          expr ::= expr * STAR|SLASH|REM expr
          expr ::= expr * CONCAT expr
          likeop ::= * LIKE_KW|MATCH
          likeop ::= * NOT LIKE_KW|MATCH
          expr ::= expr * likeop expr
          expr ::= expr * likeop expr ESCAPE expr
          expr ::= expr * ISNULL|NOTNULL
          expr ::= expr * NOT NULL
          expr ::= expr * IS expr
          expr ::= expr * IS NOT expr
          expr ::= expr * IS NOT DISTINCT FROM expr
          expr ::= expr * IS DISTINCT FROM expr
    (214) expr ::= NOT expr *
          expr ::= expr * PTR expr
          between_op ::= * BETWEEN
          between_op ::= * NOT BETWEEN
          expr ::= expr * between_op expr AND expr
          in_op ::= * IN
          in_op ::= * NOT IN
          expr ::= expr * in_op LP exprlist RP
          expr ::= expr * in_op LP select RP
          expr ::= expr * in_op nm dbnm paren_exprlist

                           NOT shift        415    
                            IS shift        92     
                         MATCH shift-reduce 383    likeop ::= LIKE_KW|MATCH
                       LIKE_KW shift-reduce 383    likeop ::= LIKE_KW|MATCH
                       BETWEEN shift-reduce 218    between_op ::= BETWEEN
                            IN shift-reduce 221    in_op ::= IN
                        ISNULL shift-reduce 208    expr ::= expr ISNULL|NOTNULL
                       NOTNULL shift-reduce 208    expr ::= expr ISNULL|NOTNULL
                            NE shift        136    
                            EQ shift        136    
                            GT shift        137    
                            LE shift        137    
                            LT shift        137    
                            GE shift        137    
                        BITAND shift        135    
                         BITOR shift        135    
                        LSHIFT shift        135    
                        RSHIFT shift        135    
                          PLUS shift        134    
                         MINUS shift        134    
                          STAR shift        133    
                         SLASH shift        133    
                           REM shift        133    
                        CONCAT shift        132    
                           PTR shift        129    
                       COLLATE shift        453    
                        likeop shift        131    
                    between_op shift        128    
                         in_op shift        236    
                     {default} reduce       214    expr ::= NOT expr

State 89:
          expr ::= expr * COLLATE ID|STRING
          expr ::= expr * AND expr
    (197) expr ::= expr AND expr *
          expr ::= expr * OR expr
          expr ::= expr * LT|GT|GE|LE expr
          expr ::= expr * EQ|NE expr
          expr ::= expr * BITAND|BITOR|LSHIFT|RSHIFT expr
          expr ::= expr * PLUS|MINUS expr
          expr ::= expr * STAR|SLASH|REM expr
          expr ::= expr * CONCAT expr
          likeop ::= * LIKE_KW|MATCH
          likeop ::= * NOT LIKE_KW|MATCH
          expr ::= expr * likeop expr
          expr ::= expr * likeop expr ESCAPE expr
          expr ::= expr * ISNULL|NOTNULL
          expr ::= expr * NOT NULL
          expr ::= expr * IS expr
          expr ::= expr * IS NOT expr
          expr ::= expr * IS NOT DISTINCT FROM expr
          expr ::= expr * IS DISTINCT FROM expr
          expr ::= expr * PTR expr
          between_op ::= * BETWEEN
          between_op ::= * NOT BETWEEN
          expr ::= expr * between_op expr AND expr
          in_op ::= * IN
          in_op ::= * NOT IN
          expr ::= expr * in_op LP exprlist RP
          expr ::= expr * in_op LP select RP
          expr ::= expr * in_op nm dbnm paren_exprlist

                           NOT shift        415    
                            IS shift        92     
                         MATCH shift-reduce 383    likeop ::= LIKE_KW|MATCH
                       LIKE_KW shift-reduce 383    likeop ::= LIKE_KW|MATCH
                       BETWEEN shift-reduce 218    between_op ::= BETWEEN
                            IN shift-reduce 221    in_op ::= IN
                        ISNULL shift-reduce 208    expr ::= expr ISNULL|NOTNULL
                       NOTNULL shift-reduce 208    expr ::= expr ISNULL|NOTNULL
                            NE shift        136    
                            EQ shift        136    
                            GT shift        137    
                            LE shift        137    
                            LT shift        137    
                            GE shift        137    
                        BITAND shift        135    
                         BITOR shift        135    
                        LSHIFT shift        135    
                        RSHIFT shift        135    
                          PLUS shift        134    
                         MINUS shift        134    
                          STAR shift        133    
                         SLASH shift        133    
                           REM shift        133    
                        CONCAT shift        132    
                           PTR shift        129    
                       COLLATE shift        453    
                        likeop shift        131    
                    between_op shift        128    
                         in_op shift        236    
                     {default} reduce       197    expr ::= expr AND expr

State 90:
          nm ::= * ID|INDEXED|JOIN_KW
          nm ::= * STRING
          selcollist ::= sclp scanpt * expr scanpt as
          selcollist ::= sclp scanpt * STAR
          selcollist ::= sclp scanpt * nm DOT STAR
          expr ::= * term
          expr ::= * LP expr RP
          expr ::= * ID|INDEXED|JOIN_KW
          expr ::= * nm DOT nm
          expr ::= * nm DOT nm DOT nm
          term ::= * NULL|FLOAT|BLOB
          term ::= * STRING
          term ::= * INTEGER
          expr ::= * VARIABLE
          expr ::= * expr COLLATE ID|STRING
          expr ::= * CAST LP expr AS typetoken RP
          expr ::= * ID|INDEXED|JOIN_KW LP distinct exprlist RP
          expr ::= * ID|INDEXED|JOIN_KW LP distinct exprlist ORDER BY sortlist RP
          expr ::= * ID|INDEXED|JOIN_KW LP STAR RP
          expr ::= * ID|INDEXED|JOIN_KW LP distinct exprlist RP filter_over
          expr ::= * ID|INDEXED|JOIN_KW LP distinct exprlist ORDER BY sortlist RP filter_over
          expr ::= * ID|INDEXED|JOIN_KW LP STAR RP filter_over
          term ::= * CTIME_KW
          expr ::= * LP nexprlist COMMA expr RP
          expr ::= * expr AND expr
          expr ::= * expr OR expr
          expr ::= * expr LT|GT|GE|LE expr
          expr ::= * expr EQ|NE expr
          expr ::= * expr BITAND|BITOR|LSHIFT|RSHIFT expr
          expr ::= * expr PLUS|MINUS expr
          expr ::= * expr STAR|SLASH|REM expr
          expr ::= * expr CONCAT expr
          expr ::= * expr likeop expr
          expr ::= * expr likeop expr ESCAPE expr
          expr ::= * expr ISNULL|NOTNULL
          expr ::= * expr NOT NULL
          expr ::= * expr IS expr
          expr ::= * expr IS NOT expr
          expr ::= * expr IS NOT DISTINCT FROM expr
          expr ::= * expr IS DISTINCT FROM expr
          expr ::= * NOT expr
          expr ::= * BITNOT expr
          expr ::= * PLUS|MINUS expr
          expr ::= * expr PTR expr
          expr ::= * expr between_op expr AND expr
          expr ::= * expr in_op LP exprlist RP
          expr ::= * LP select RP
          expr ::= * expr in_op LP select RP
          expr ::= * expr in_op nm dbnm paren_exprlist
          expr ::= * EXISTS LP select RP
          expr ::= * CASE case_operand case_exprlist case_else END
          expr ::= * RAISE LP IGNORE RP
          expr ::= * RAISE LP raisetype COMMA expr RP
          term ::= * QNUMBER

                           NOT shift        124    
                        EXISTS shift        574    
                            LP shift        4      
                          CAST shift        577    
                            ID shift        454    
                         RAISE shift        571    
                      CTIME_KW shift-reduce 195    term ::= CTIME_KW
                          PLUS shift        122    
                         MINUS shift        122    
                          STAR shift-reduce 103    selcollist ::= sclp scanpt STAR
                        BITNOT shift        123    
                       INDEXED shift        454    
                        STRING shift        583    
                       JOIN_KW shift        454    
                          NULL shift-reduce 183    term ::= NULL|FLOAT|BLOB
                         FLOAT shift-reduce 183    term ::= NULL|FLOAT|BLOB
                          BLOB shift-reduce 183    term ::= NULL|FLOAT|BLOB
                       INTEGER shift-reduce 185    term ::= INTEGER
                      VARIABLE shift-reduce 186    expr ::= VARIABLE
                          CASE shift        36     
                       QNUMBER shift-reduce 343    term ::= QNUMBER
                            nm shift        535    
                          term shift        23       /* because term==expr */
                          expr shift        23     

State 91:
          nm ::= * ID|INDEXED|JOIN_KW
          nm ::= * STRING
          expr ::= * term
          expr ::= * LP expr RP
          expr ::= * ID|INDEXED|JOIN_KW
          expr ::= * nm DOT nm
          expr ::= * nm DOT nm DOT nm
          term ::= * NULL|FLOAT|BLOB
          term ::= * STRING
          term ::= * INTEGER
          expr ::= * VARIABLE
          expr ::= * expr COLLATE ID|STRING
          expr ::= * CAST LP expr AS typetoken RP
          expr ::= * ID|INDEXED|JOIN_KW LP distinct exprlist RP
          expr ::= * ID|INDEXED|JOIN_KW LP distinct exprlist ORDER BY sortlist RP
          expr ::= * ID|INDEXED|JOIN_KW LP STAR RP
          expr ::= * ID|INDEXED|JOIN_KW LP distinct exprlist RP filter_over
          expr ::= * ID|INDEXED|JOIN_KW LP distinct exprlist ORDER BY sortlist RP filter_over
          expr ::= * ID|INDEXED|JOIN_KW LP STAR RP filter_over
          term ::= * CTIME_KW
          expr ::= * LP nexprlist COMMA expr RP
          expr ::= * expr AND expr
          expr ::= * expr OR expr
          expr ::= * expr LT|GT|GE|LE expr
          expr ::= * expr EQ|NE expr
          expr ::= * expr BITAND|BITOR|LSHIFT|RSHIFT expr
          expr ::= * expr PLUS|MINUS expr
          expr ::= * expr STAR|SLASH|REM expr
          expr ::= * expr CONCAT expr
          expr ::= * expr likeop expr
          expr ::= * expr likeop expr ESCAPE expr
          expr ::= * expr ISNULL|NOTNULL
          expr ::= * expr NOT NULL
          expr ::= * expr IS expr
          expr ::= * expr IS NOT expr
          expr ::= expr IS NOT * expr
          expr ::= * expr IS NOT DISTINCT FROM expr
          expr ::= expr IS NOT * DISTINCT FROM expr
          expr ::= * expr IS DISTINCT FROM expr
          expr ::= * NOT expr
          expr ::= NOT * expr
          expr ::= * BITNOT expr
          expr ::= * PLUS|MINUS expr
          expr ::= * expr PTR expr
          expr ::= * expr between_op expr AND expr
          expr ::= * expr in_op LP exprlist RP
          expr ::= * LP select RP
          expr ::= * expr in_op LP select RP
          expr ::= * expr in_op nm dbnm paren_exprlist
          expr ::= * EXISTS LP select RP
          expr ::= * CASE case_operand case_exprlist case_else END
          expr ::= * RAISE LP IGNORE RP
          expr ::= * RAISE LP raisetype COMMA expr RP
          term ::= * QNUMBER

                           NOT shift        124    
                        EXISTS shift        574    
                            LP shift        4      
                          CAST shift        577    
                            ID shift        454    
                         RAISE shift        571    
                      CTIME_KW shift-reduce 195    term ::= CTIME_KW
                          PLUS shift        122    
                         MINUS shift        122    
                        BITNOT shift        123    
                       INDEXED shift        454    
                        STRING shift        583    
                       JOIN_KW shift        454    
                          NULL shift-reduce 183    term ::= NULL|FLOAT|BLOB
                      DISTINCT shift        561    
                         FLOAT shift-reduce 183    term ::= NULL|FLOAT|BLOB
                          BLOB shift-reduce 183    term ::= NULL|FLOAT|BLOB
                       INTEGER shift-reduce 185    term ::= INTEGER
                      VARIABLE shift-reduce 186    expr ::= VARIABLE
                          CASE shift        36     
                       QNUMBER shift-reduce 343    term ::= QNUMBER
                            nm shift        582    
                          term shift        146      /* because term==expr */
                          expr shift        146    

State 92:
          nm ::= * ID|INDEXED|JOIN_KW
          nm ::= * STRING
          expr ::= * term
          expr ::= * LP expr RP
          expr ::= * ID|INDEXED|JOIN_KW
          expr ::= * nm DOT nm
          expr ::= * nm DOT nm DOT nm
          term ::= * NULL|FLOAT|BLOB
          term ::= * STRING
          term ::= * INTEGER
          expr ::= * VARIABLE
          expr ::= * expr COLLATE ID|STRING
          expr ::= * CAST LP expr AS typetoken RP
          expr ::= * ID|INDEXED|JOIN_KW LP distinct exprlist RP
          expr ::= * ID|INDEXED|JOIN_KW LP distinct exprlist ORDER BY sortlist RP
          expr ::= * ID|INDEXED|JOIN_KW LP STAR RP
          expr ::= * ID|INDEXED|JOIN_KW LP distinct exprlist RP filter_over
          expr ::= * ID|INDEXED|JOIN_KW LP distinct exprlist ORDER BY sortlist RP filter_over
          expr ::= * ID|INDEXED|JOIN_KW LP STAR RP filter_over
          term ::= * CTIME_KW
          expr ::= * LP nexprlist COMMA expr RP
          expr ::= * expr AND expr
          expr ::= * expr OR expr
          expr ::= * expr LT|GT|GE|LE expr
          expr ::= * expr EQ|NE expr
          expr ::= * expr BITAND|BITOR|LSHIFT|RSHIFT expr
          expr ::= * expr PLUS|MINUS expr
          expr ::= * expr STAR|SLASH|REM expr
          expr ::= * expr CONCAT expr
          expr ::= * expr likeop expr
          expr ::= * expr likeop expr ESCAPE expr
          expr ::= * expr ISNULL|NOTNULL
          expr ::= * expr NOT NULL
          expr ::= * expr IS expr
          expr ::= expr IS * expr
          expr ::= * expr IS NOT expr
          expr ::= expr IS * NOT expr
          expr ::= * expr IS NOT DISTINCT FROM expr
          expr ::= expr IS * NOT DISTINCT FROM expr
          expr ::= * expr IS DISTINCT FROM expr
          expr ::= expr IS * DISTINCT FROM expr
          expr ::= * NOT expr
          expr ::= * BITNOT expr
          expr ::= * PLUS|MINUS expr
          expr ::= * expr PTR expr
          expr ::= * expr between_op expr AND expr
          expr ::= * expr in_op LP exprlist RP
          expr ::= * LP select RP
          expr ::= * expr in_op LP select RP
          expr ::= * expr in_op nm dbnm paren_exprlist
          expr ::= * EXISTS LP select RP
          expr ::= * CASE case_operand case_exprlist case_else END
          expr ::= * RAISE LP IGNORE RP
          expr ::= * RAISE LP raisetype COMMA expr RP
          term ::= * QNUMBER

                           NOT shift        91     
                        EXISTS shift        574    
                            LP shift        4      
                          CAST shift        577    
                            ID shift        454    
                         RAISE shift        571    
                      CTIME_KW shift-reduce 195    term ::= CTIME_KW
                          PLUS shift        122    
                         MINUS shift        122    
                        BITNOT shift        123    
                       INDEXED shift        454    
                        STRING shift        583    
                       JOIN_KW shift        454    
                          NULL shift-reduce 183    term ::= NULL|FLOAT|BLOB
                      DISTINCT shift        560    
                         FLOAT shift-reduce 183    term ::= NULL|FLOAT|BLOB
                          BLOB shift-reduce 183    term ::= NULL|FLOAT|BLOB
                       INTEGER shift-reduce 185    term ::= INTEGER
                      VARIABLE shift-reduce 186    expr ::= VARIABLE
                          CASE shift        36     
                       QNUMBER shift-reduce 343    term ::= QNUMBER
                            nm shift        582    
                          term shift        148      /* because term==expr */
                          expr shift        148    

State 93:
          nm ::= * ID|INDEXED|JOIN_KW
          nm ::= * STRING
          expr ::= * term
          expr ::= * LP expr RP
          expr ::= * ID|INDEXED|JOIN_KW
          expr ::= * nm DOT nm
          expr ::= * nm DOT nm DOT nm
          term ::= * NULL|FLOAT|BLOB
          term ::= * STRING
          term ::= * INTEGER
          expr ::= * VARIABLE
          expr ::= * expr COLLATE ID|STRING
          expr ::= * CAST LP expr AS typetoken RP
          expr ::= * ID|INDEXED|JOIN_KW LP distinct exprlist RP
          expr ::= * ID|INDEXED|JOIN_KW LP distinct exprlist ORDER BY sortlist RP
          expr ::= * ID|INDEXED|JOIN_KW LP STAR RP
          expr ::= * ID|INDEXED|JOIN_KW LP distinct exprlist RP filter_over
          expr ::= * ID|INDEXED|JOIN_KW LP distinct exprlist ORDER BY sortlist RP filter_over
          expr ::= * ID|INDEXED|JOIN_KW LP STAR RP filter_over
          term ::= * CTIME_KW
          expr ::= * LP nexprlist COMMA expr RP
          expr ::= * expr AND expr
          expr ::= * expr OR expr
          expr ::= * expr LT|GT|GE|LE expr
          expr ::= * expr EQ|NE expr
          expr ::= * expr BITAND|BITOR|LSHIFT|RSHIFT expr
          expr ::= * expr PLUS|MINUS expr
          expr ::= * expr STAR|SLASH|REM expr
          expr ::= * expr CONCAT expr
          expr ::= * expr likeop expr
          expr ::= * expr likeop expr ESCAPE expr
          expr ::= * expr ISNULL|NOTNULL
          expr ::= * expr NOT NULL
          expr ::= * expr IS expr
          expr ::= * expr IS NOT expr
          expr ::= * expr IS NOT DISTINCT FROM expr
          expr ::= * expr IS DISTINCT FROM expr
          expr ::= * NOT expr
          expr ::= * BITNOT expr
          expr ::= * PLUS|MINUS expr
          expr ::= * expr PTR expr
          expr ::= * expr between_op expr AND expr
          expr ::= * expr in_op LP exprlist RP
          expr ::= * LP select RP
          expr ::= * expr in_op LP select RP
          expr ::= * expr in_op nm dbnm paren_exprlist
          expr ::= * EXISTS LP select RP
          expr ::= * CASE case_operand case_exprlist case_else END
          expr ::= * RAISE LP IGNORE RP
          expr ::= * RAISE LP raisetype COMMA expr RP
          cmd ::= DETACH database_kw_opt * expr
          term ::= * QNUMBER

                           NOT shift        124    
                        EXISTS shift        574    
                            LP shift        4      
                          CAST shift        577    
                            ID shift        454    
                         RAISE shift        571    
                      CTIME_KW shift-reduce 195    term ::= CTIME_KW
                          PLUS shift        122    
                         MINUS shift        122    
                        BITNOT shift        123    
                       INDEXED shift        454    
                        STRING shift        583    
                       JOIN_KW shift        454    
                          NULL shift-reduce 183    term ::= NULL|FLOAT|BLOB
                         FLOAT shift-reduce 183    term ::= NULL|FLOAT|BLOB
                          BLOB shift-reduce 183    term ::= NULL|FLOAT|BLOB
                       INTEGER shift-reduce 185    term ::= INTEGER
                      VARIABLE shift-reduce 186    expr ::= VARIABLE
                          CASE shift        36     
                       QNUMBER shift-reduce 343    term ::= QNUMBER
                            nm shift        582    
                          term shift        67       /* because term==expr */
                          expr shift        67     

State 94:
          nm ::= * ID|INDEXED|JOIN_KW
          nm ::= * STRING
          expr ::= * term
          expr ::= * LP expr RP
          expr ::= * ID|INDEXED|JOIN_KW
          expr ::= * nm DOT nm
          expr ::= * nm DOT nm DOT nm
          term ::= * NULL|FLOAT|BLOB
          term ::= * STRING
          term ::= * INTEGER
          expr ::= * VARIABLE
          expr ::= * expr COLLATE ID|STRING
          expr ::= * CAST LP expr AS typetoken RP
          expr ::= * ID|INDEXED|JOIN_KW LP distinct exprlist RP
          expr ::= * ID|INDEXED|JOIN_KW LP distinct exprlist ORDER BY sortlist RP
          expr ::= * ID|INDEXED|JOIN_KW LP STAR RP
          expr ::= * ID|INDEXED|JOIN_KW LP distinct exprlist RP filter_over
          expr ::= * ID|INDEXED|JOIN_KW LP distinct exprlist ORDER BY sortlist RP filter_over
          expr ::= * ID|INDEXED|JOIN_KW LP STAR RP filter_over
          term ::= * CTIME_KW
          expr ::= * LP nexprlist COMMA expr RP
          expr ::= * expr AND expr
          expr ::= * expr OR expr
          expr ::= * expr LT|GT|GE|LE expr
          expr ::= * expr EQ|NE expr
          expr ::= * expr BITAND|BITOR|LSHIFT|RSHIFT expr
          expr ::= * expr PLUS|MINUS expr
          expr ::= * expr STAR|SLASH|REM expr
          expr ::= * expr CONCAT expr
          expr ::= * expr likeop expr
          expr ::= * expr likeop expr ESCAPE expr
          expr ::= * expr ISNULL|NOTNULL
          expr ::= * expr NOT NULL
          expr ::= * expr IS expr
          expr ::= * expr IS NOT expr
          expr ::= * expr IS NOT DISTINCT FROM expr
          expr ::= * expr IS DISTINCT FROM expr
          expr ::= * NOT expr
          expr ::= * BITNOT expr
          expr ::= * PLUS|MINUS expr
          expr ::= * expr PTR expr
          expr ::= * expr between_op expr AND expr
          expr ::= * expr in_op LP exprlist RP
          expr ::= * LP select RP
          expr ::= * expr in_op LP select RP
          expr ::= * expr in_op nm dbnm paren_exprlist
          expr ::= * EXISTS LP select RP
          expr ::= * CASE case_operand case_exprlist case_else END
          expr ::= * RAISE LP IGNORE RP
          expr ::= * RAISE LP raisetype COMMA expr RP
          key_opt ::= KEY * expr
          term ::= * QNUMBER

                           NOT shift        124    
                        EXISTS shift        574    
                            LP shift        4      
                          CAST shift        577    
                            ID shift        454    
                         RAISE shift        571    
                      CTIME_KW shift-reduce 195    term ::= CTIME_KW
                          PLUS shift        122    
                         MINUS shift        122    
                        BITNOT shift        123    
                       INDEXED shift        454    
                        STRING shift        583    
                       JOIN_KW shift        454    
                          NULL shift-reduce 183    term ::= NULL|FLOAT|BLOB
                         FLOAT shift-reduce 183    term ::= NULL|FLOAT|BLOB
                          BLOB shift-reduce 183    term ::= NULL|FLOAT|BLOB
                       INTEGER shift-reduce 185    term ::= INTEGER
                      VARIABLE shift-reduce 186    expr ::= VARIABLE
                          CASE shift        36     
                       QNUMBER shift-reduce 343    term ::= QNUMBER
                            nm shift        582    
                          term shift        68       /* because term==expr */
                          expr shift        68     

State 95:
          nm ::= * ID|INDEXED|JOIN_KW
          nm ::= * STRING
          expr ::= * term
          expr ::= * LP expr RP
          expr ::= * ID|INDEXED|JOIN_KW
          expr ::= * nm DOT nm
          expr ::= * nm DOT nm DOT nm
          term ::= * NULL|FLOAT|BLOB
          term ::= * STRING
          term ::= * INTEGER
          expr ::= * VARIABLE
          expr ::= * expr COLLATE ID|STRING
          expr ::= * CAST LP expr AS typetoken RP
          expr ::= * ID|INDEXED|JOIN_KW LP distinct exprlist RP
          expr ::= * ID|INDEXED|JOIN_KW LP distinct exprlist ORDER BY sortlist RP
          expr ::= * ID|INDEXED|JOIN_KW LP STAR RP
          expr ::= * ID|INDEXED|JOIN_KW LP distinct exprlist RP filter_over
          expr ::= * ID|INDEXED|JOIN_KW LP distinct exprlist ORDER BY sortlist RP filter_over
          expr ::= * ID|INDEXED|JOIN_KW LP STAR RP filter_over
          term ::= * CTIME_KW
          expr ::= * LP nexprlist COMMA expr RP
          expr ::= * expr AND expr
          expr ::= * expr OR expr
          expr ::= * expr LT|GT|GE|LE expr
          expr ::= * expr EQ|NE expr
          expr ::= * expr BITAND|BITOR|LSHIFT|RSHIFT expr
          expr ::= * expr PLUS|MINUS expr
          expr ::= * expr STAR|SLASH|REM expr
          expr ::= * expr CONCAT expr
          expr ::= * expr likeop expr
          expr ::= * expr likeop expr ESCAPE expr
          expr ::= * expr ISNULL|NOTNULL
          expr ::= * expr NOT NULL
          expr ::= * expr IS expr
          expr ::= * expr IS NOT expr
          expr ::= * expr IS NOT DISTINCT FROM expr
          expr ::= * expr IS DISTINCT FROM expr
          expr ::= * NOT expr
          expr ::= * BITNOT expr
          expr ::= * PLUS|MINUS expr
          expr ::= * expr PTR expr
          expr ::= * expr between_op expr AND expr
          expr ::= * expr in_op LP exprlist RP
          expr ::= * LP select RP
          expr ::= * expr in_op LP select RP
          expr ::= * expr in_op nm dbnm paren_exprlist
          expr ::= * EXISTS LP select RP
          expr ::= * CASE case_operand case_exprlist case_else END
          expr ::= * RAISE LP IGNORE RP
          expr ::= * RAISE LP raisetype COMMA expr RP
          cmd ::= ATTACH database_kw_opt expr AS * expr key_opt
          term ::= * QNUMBER

                           NOT shift        124    
                        EXISTS shift        574    
                            LP shift        4      
                          CAST shift        577    
                            ID shift        454    
                         RAISE shift        571    
                      CTIME_KW shift-reduce 195    term ::= CTIME_KW
                          PLUS shift        122    
                         MINUS shift        122    
                        BITNOT shift        123    
                       INDEXED shift        454    
                        STRING shift        583    
                       JOIN_KW shift        454    
                          NULL shift-reduce 183    term ::= NULL|FLOAT|BLOB
                         FLOAT shift-reduce 183    term ::= NULL|FLOAT|BLOB
                          BLOB shift-reduce 183    term ::= NULL|FLOAT|BLOB
                       INTEGER shift-reduce 185    term ::= INTEGER
                      VARIABLE shift-reduce 186    expr ::= VARIABLE
                          CASE shift        36     
                       QNUMBER shift-reduce 343    term ::= QNUMBER
                            nm shift        582    
                          term shift        22       /* because term==expr */
                          expr shift        22     

State 96:
          nm ::= * ID|INDEXED|JOIN_KW
          nm ::= * STRING
          expr ::= * term
          expr ::= * LP expr RP
          expr ::= * ID|INDEXED|JOIN_KW
          expr ::= * nm DOT nm
          expr ::= * nm DOT nm DOT nm
          term ::= * NULL|FLOAT|BLOB
          term ::= * STRING
          term ::= * INTEGER
          expr ::= * VARIABLE
          expr ::= * expr COLLATE ID|STRING
          expr ::= * CAST LP expr AS typetoken RP
          expr ::= * ID|INDEXED|JOIN_KW LP distinct exprlist RP
          expr ::= * ID|INDEXED|JOIN_KW LP distinct exprlist ORDER BY sortlist RP
          expr ::= * ID|INDEXED|JOIN_KW LP STAR RP
          expr ::= * ID|INDEXED|JOIN_KW LP distinct exprlist RP filter_over
          expr ::= * ID|INDEXED|JOIN_KW LP distinct exprlist ORDER BY sortlist RP filter_over
          expr ::= * ID|INDEXED|JOIN_KW LP STAR RP filter_over
          term ::= * CTIME_KW
          expr ::= * LP nexprlist COMMA expr RP
          expr ::= * expr AND expr
          expr ::= * expr OR expr
          expr ::= * expr LT|GT|GE|LE expr
          expr ::= * expr EQ|NE expr
          expr ::= * expr BITAND|BITOR|LSHIFT|RSHIFT expr
          expr ::= * expr PLUS|MINUS expr
          expr ::= * expr STAR|SLASH|REM expr
          expr ::= * expr CONCAT expr
          expr ::= * expr likeop expr
          expr ::= * expr likeop expr ESCAPE expr
          expr ::= * expr ISNULL|NOTNULL
          expr ::= * expr NOT NULL
          expr ::= * expr IS expr
          expr ::= * expr IS NOT expr
          expr ::= * expr IS NOT DISTINCT FROM expr
          expr ::= * expr IS DISTINCT FROM expr
          expr ::= * NOT expr
          expr ::= * BITNOT expr
          expr ::= * PLUS|MINUS expr
          expr ::= * expr PTR expr
          expr ::= * expr between_op expr AND expr
          expr ::= * expr in_op LP exprlist RP
          expr ::= * LP select RP
          expr ::= * expr in_op LP select RP
          expr ::= * expr in_op nm dbnm paren_exprlist
          expr ::= * EXISTS LP select RP
          expr ::= * CASE case_operand case_exprlist case_else END
          expr ::= * RAISE LP IGNORE RP
          expr ::= * RAISE LP raisetype COMMA expr RP
          cmd ::= ATTACH database_kw_opt * expr AS expr key_opt
          term ::= * QNUMBER

                           NOT shift        124    
                        EXISTS shift        574    
                            LP shift        4      
                          CAST shift        577    
                            ID shift        454    
                         RAISE shift        571    
                      CTIME_KW shift-reduce 195    term ::= CTIME_KW
                          PLUS shift        122    
                         MINUS shift        122    
                        BITNOT shift        123    
                       INDEXED shift        454    
                        STRING shift        583    
                       JOIN_KW shift        454    
                          NULL shift-reduce 183    term ::= NULL|FLOAT|BLOB
                         FLOAT shift-reduce 183    term ::= NULL|FLOAT|BLOB
                          BLOB shift-reduce 183    term ::= NULL|FLOAT|BLOB
                       INTEGER shift-reduce 185    term ::= INTEGER
                      VARIABLE shift-reduce 186    expr ::= VARIABLE
                          CASE shift        36     
                       QNUMBER shift-reduce 343    term ::= QNUMBER
                            nm shift        582    
                          term shift        54       /* because term==expr */
                          expr shift        54     

State 97:
          nm ::= * ID|INDEXED|JOIN_KW
          nm ::= * STRING
          expr ::= * term
          expr ::= * LP expr RP
          expr ::= * ID|INDEXED|JOIN_KW
          expr ::= * nm DOT nm
          expr ::= * nm DOT nm DOT nm
          term ::= * NULL|FLOAT|BLOB
          term ::= * STRING
          term ::= * INTEGER
          expr ::= * VARIABLE
          expr ::= * expr COLLATE ID|STRING
          expr ::= * CAST LP expr AS typetoken RP
          expr ::= * ID|INDEXED|JOIN_KW LP distinct exprlist RP
          expr ::= * ID|INDEXED|JOIN_KW LP distinct exprlist ORDER BY sortlist RP
          expr ::= * ID|INDEXED|JOIN_KW LP STAR RP
          expr ::= * ID|INDEXED|JOIN_KW LP distinct exprlist RP filter_over
          expr ::= * ID|INDEXED|JOIN_KW LP distinct exprlist ORDER BY sortlist RP filter_over
          expr ::= * ID|INDEXED|JOIN_KW LP STAR RP filter_over
          term ::= * CTIME_KW
          expr ::= * LP nexprlist COMMA expr RP
          expr ::= * expr AND expr
          expr ::= * expr OR expr
          expr ::= * expr LT|GT|GE|LE expr
          expr ::= * expr EQ|NE expr
          expr ::= * expr BITAND|BITOR|LSHIFT|RSHIFT expr
          expr ::= * expr PLUS|MINUS expr
          expr ::= * expr STAR|SLASH|REM expr
          expr ::= * expr CONCAT expr
          expr ::= * expr likeop expr
          expr ::= * expr likeop expr ESCAPE expr
          expr ::= * expr ISNULL|NOTNULL
          expr ::= * expr NOT NULL
          expr ::= * expr IS expr
          expr ::= * expr IS NOT expr
          expr ::= * expr IS NOT DISTINCT FROM expr
          expr ::= * expr IS DISTINCT FROM expr
          expr ::= * NOT expr
          expr ::= * BITNOT expr
          expr ::= * PLUS|MINUS expr
          expr ::= * expr PTR expr
          expr ::= * expr between_op expr AND expr
          expr ::= * expr in_op LP exprlist RP
          expr ::= * LP select RP
          expr ::= * expr in_op LP select RP
          expr ::= * expr in_op nm dbnm paren_exprlist
          expr ::= * EXISTS LP select RP
          expr ::= * CASE case_operand case_exprlist case_else END
          vinto ::= INTO * expr
          expr ::= * RAISE LP IGNORE RP
          expr ::= * RAISE LP raisetype COMMA expr RP
          term ::= * QNUMBER

                           NOT shift        124    
                        EXISTS shift        574    
                            LP shift        4      
                          CAST shift        577    
                            ID shift        454    
                         RAISE shift        571    
                      CTIME_KW shift-reduce 195    term ::= CTIME_KW
                          PLUS shift        122    
                         MINUS shift        122    
                        BITNOT shift        123    
                       INDEXED shift        454    
                        STRING shift        583    
                       JOIN_KW shift        454    
                          NULL shift-reduce 183    term ::= NULL|FLOAT|BLOB
                         FLOAT shift-reduce 183    term ::= NULL|FLOAT|BLOB
                          BLOB shift-reduce 183    term ::= NULL|FLOAT|BLOB
                       INTEGER shift-reduce 185    term ::= INTEGER
                      VARIABLE shift-reduce 186    expr ::= VARIABLE
                          CASE shift        36     
                       QNUMBER shift-reduce 343    term ::= QNUMBER
                            nm shift        582    
                          term shift        69       /* because term==expr */
                          expr shift        69     

State 98:
          nm ::= * ID|INDEXED|JOIN_KW
          nm ::= * STRING
          where_opt_ret ::= WHERE * expr
          where_opt_ret ::= WHERE * expr RETURNING selcollist
          expr ::= * term
          expr ::= * LP expr RP
          expr ::= * ID|INDEXED|JOIN_KW
          expr ::= * nm DOT nm
          expr ::= * nm DOT nm DOT nm
          term ::= * NULL|FLOAT|BLOB
          term ::= * STRING
          term ::= * INTEGER
          expr ::= * VARIABLE
          expr ::= * expr COLLATE ID|STRING
          expr ::= * CAST LP expr AS typetoken RP
          expr ::= * ID|INDEXED|JOIN_KW LP distinct exprlist RP
          expr ::= * ID|INDEXED|JOIN_KW LP distinct exprlist ORDER BY sortlist RP
          expr ::= * ID|INDEXED|JOIN_KW LP STAR RP
          expr ::= * ID|INDEXED|JOIN_KW LP distinct exprlist RP filter_over
          expr ::= * ID|INDEXED|JOIN_KW LP distinct exprlist ORDER BY sortlist RP filter_over
          expr ::= * ID|INDEXED|JOIN_KW LP STAR RP filter_over
          term ::= * CTIME_KW
          expr ::= * LP nexprlist COMMA expr RP
          expr ::= * expr AND expr
          expr ::= * expr OR expr
          expr ::= * expr LT|GT|GE|LE expr
          expr ::= * expr EQ|NE expr
          expr ::= * expr BITAND|BITOR|LSHIFT|RSHIFT expr
          expr ::= * expr PLUS|MINUS expr
          expr ::= * expr STAR|SLASH|REM expr
          expr ::= * expr CONCAT expr
          expr ::= * expr likeop expr
          expr ::= * expr likeop expr ESCAPE expr
          expr ::= * expr ISNULL|NOTNULL
          expr ::= * expr NOT NULL
          expr ::= * expr IS expr
          expr ::= * expr IS NOT expr
          expr ::= * expr IS NOT DISTINCT FROM expr
          expr ::= * expr IS DISTINCT FROM expr
          expr ::= * NOT expr
          expr ::= * BITNOT expr
          expr ::= * PLUS|MINUS expr
          expr ::= * expr PTR expr
          expr ::= * expr between_op expr AND expr
          expr ::= * expr in_op LP exprlist RP
          expr ::= * LP select RP
          expr ::= * expr in_op LP select RP
          expr ::= * expr in_op nm dbnm paren_exprlist
          expr ::= * EXISTS LP select RP
          expr ::= * CASE case_operand case_exprlist case_else END
          expr ::= * RAISE LP IGNORE RP
          expr ::= * RAISE LP raisetype COMMA expr RP
          term ::= * QNUMBER

                           NOT shift        124    
                        EXISTS shift        574    
                            LP shift        4      
                          CAST shift        577    
                            ID shift        454    
                         RAISE shift        571    
                      CTIME_KW shift-reduce 195    term ::= CTIME_KW
                          PLUS shift        122    
                         MINUS shift        122    
                        BITNOT shift        123    
                       INDEXED shift        454    
                        STRING shift        583    
                       JOIN_KW shift        454    
                          NULL shift-reduce 183    term ::= NULL|FLOAT|BLOB
                         FLOAT shift-reduce 183    term ::= NULL|FLOAT|BLOB
                          BLOB shift-reduce 183    term ::= NULL|FLOAT|BLOB
                       INTEGER shift-reduce 185    term ::= INTEGER
                      VARIABLE shift-reduce 186    expr ::= VARIABLE
                          CASE shift        36     
                       QNUMBER shift-reduce 343    term ::= QNUMBER
                            nm shift        582    
                          term shift        55       /* because term==expr */
                          expr shift        55     

State 99:
          nm ::= * ID|INDEXED|JOIN_KW
          nm ::= * STRING
          setlist ::= LP idlist RP EQ * expr
          expr ::= * term
          expr ::= * LP expr RP
          expr ::= * ID|INDEXED|JOIN_KW
          expr ::= * nm DOT nm
          expr ::= * nm DOT nm DOT nm
          term ::= * NULL|FLOAT|BLOB
          term ::= * STRING
          term ::= * INTEGER
          expr ::= * VARIABLE
          expr ::= * expr COLLATE ID|STRING
          expr ::= * CAST LP expr AS typetoken RP
          expr ::= * ID|INDEXED|JOIN_KW LP distinct exprlist RP
          expr ::= * ID|INDEXED|JOIN_KW LP distinct exprlist ORDER BY sortlist RP
          expr ::= * ID|INDEXED|JOIN_KW LP STAR RP
          expr ::= * ID|INDEXED|JOIN_KW LP distinct exprlist RP filter_over
          expr ::= * ID|INDEXED|JOIN_KW LP distinct exprlist ORDER BY sortlist RP filter_over
          expr ::= * ID|INDEXED|JOIN_KW LP STAR RP filter_over
          term ::= * CTIME_KW
          expr ::= * LP nexprlist COMMA expr RP
          expr ::= * expr AND expr
          expr ::= * expr OR expr
          expr ::= * expr LT|GT|GE|LE expr
          expr ::= * expr EQ|NE expr
          expr ::= * expr BITAND|BITOR|LSHIFT|RSHIFT expr
          expr ::= * expr PLUS|MINUS expr
          expr ::= * expr STAR|SLASH|REM expr
          expr ::= * expr CONCAT expr
          expr ::= * expr likeop expr
          expr ::= * expr likeop expr ESCAPE expr
          expr ::= * expr ISNULL|NOTNULL
          expr ::= * expr NOT NULL
          expr ::= * expr IS expr
          expr ::= * expr IS NOT expr
          expr ::= * expr IS NOT DISTINCT FROM expr
          expr ::= * expr IS DISTINCT FROM expr
          expr ::= * NOT expr
          expr ::= * BITNOT expr
          expr ::= * PLUS|MINUS expr
          expr ::= * expr PTR expr
          expr ::= * expr between_op expr AND expr
          expr ::= * expr in_op LP exprlist RP
          expr ::= * LP select RP
          expr ::= * expr in_op LP select RP
          expr ::= * expr in_op nm dbnm paren_exprlist
          expr ::= * EXISTS LP select RP
          expr ::= * CASE case_operand case_exprlist case_else END
          expr ::= * RAISE LP IGNORE RP
          expr ::= * RAISE LP raisetype COMMA expr RP
          term ::= * QNUMBER

                           NOT shift        124    
                        EXISTS shift        574    
                            LP shift        4      
                          CAST shift        577    
                            ID shift        454    
                         RAISE shift        571    
                      CTIME_KW shift-reduce 195    term ::= CTIME_KW
                          PLUS shift        122    
                         MINUS shift        122    
                        BITNOT shift        123    
                       INDEXED shift        454    
                        STRING shift        583    
                       JOIN_KW shift        454    
                          NULL shift-reduce 183    term ::= NULL|FLOAT|BLOB
                         FLOAT shift-reduce 183    term ::= NULL|FLOAT|BLOB
                          BLOB shift-reduce 183    term ::= NULL|FLOAT|BLOB
                       INTEGER shift-reduce 185    term ::= INTEGER
                      VARIABLE shift-reduce 186    expr ::= VARIABLE
                          CASE shift        36     
                       QNUMBER shift-reduce 343    term ::= QNUMBER
                            nm shift        582    
                          term shift        70       /* because term==expr */
                          expr shift        70     

State 100:
          nm ::= * ID|INDEXED|JOIN_KW
          nm ::= * STRING
          setlist ::= nm EQ * expr
          expr ::= * term
          expr ::= * LP expr RP
          expr ::= * ID|INDEXED|JOIN_KW
          expr ::= * nm DOT nm
          expr ::= * nm DOT nm DOT nm
          term ::= * NULL|FLOAT|BLOB
          term ::= * STRING
          term ::= * INTEGER
          expr ::= * VARIABLE
          expr ::= * expr COLLATE ID|STRING
          expr ::= * CAST LP expr AS typetoken RP
          expr ::= * ID|INDEXED|JOIN_KW LP distinct exprlist RP
          expr ::= * ID|INDEXED|JOIN_KW LP distinct exprlist ORDER BY sortlist RP
          expr ::= * ID|INDEXED|JOIN_KW LP STAR RP
          expr ::= * ID|INDEXED|JOIN_KW LP distinct exprlist RP filter_over
          expr ::= * ID|INDEXED|JOIN_KW LP distinct exprlist ORDER BY sortlist RP filter_over
          expr ::= * ID|INDEXED|JOIN_KW LP STAR RP filter_over
          term ::= * CTIME_KW
          expr ::= * LP nexprlist COMMA expr RP
          expr ::= * expr AND expr
          expr ::= * expr OR expr
          expr ::= * expr LT|GT|GE|LE expr
          expr ::= * expr EQ|NE expr
          expr ::= * expr BITAND|BITOR|LSHIFT|RSHIFT expr
          expr ::= * expr PLUS|MINUS expr
          expr ::= * expr STAR|SLASH|REM expr
          expr ::= * expr CONCAT expr
          expr ::= * expr likeop expr
          expr ::= * expr likeop expr ESCAPE expr
          expr ::= * expr ISNULL|NOTNULL
          expr ::= * expr NOT NULL
          expr ::= * expr IS expr
          expr ::= * expr IS NOT expr
          expr ::= * expr IS NOT DISTINCT FROM expr
          expr ::= * expr IS DISTINCT FROM expr
          expr ::= * NOT expr
          expr ::= * BITNOT expr
          expr ::= * PLUS|MINUS expr
          expr ::= * expr PTR expr
          expr ::= * expr between_op expr AND expr
          expr ::= * expr in_op LP exprlist RP
          expr ::= * LP select RP
          expr ::= * expr in_op LP select RP
          expr ::= * expr in_op nm dbnm paren_exprlist
          expr ::= * EXISTS LP select RP
          expr ::= * CASE case_operand case_exprlist case_else END
          expr ::= * RAISE LP IGNORE RP
          expr ::= * RAISE LP raisetype COMMA expr RP
          term ::= * QNUMBER

                           NOT shift        124    
                        EXISTS shift        574    
                            LP shift        4      
                          CAST shift        577    
                            ID shift        454    
                         RAISE shift        571    
                      CTIME_KW shift-reduce 195    term ::= CTIME_KW
                          PLUS shift        122    
                         MINUS shift        122    
                        BITNOT shift        123    
                       INDEXED shift        454    
                        STRING shift        583    
                       JOIN_KW shift        454    
                          NULL shift-reduce 183    term ::= NULL|FLOAT|BLOB
                         FLOAT shift-reduce 183    term ::= NULL|FLOAT|BLOB
                          BLOB shift-reduce 183    term ::= NULL|FLOAT|BLOB
                       INTEGER shift-reduce 185    term ::= INTEGER
                      VARIABLE shift-reduce 186    expr ::= VARIABLE
                          CASE shift        36     
                       QNUMBER shift-reduce 343    term ::= QNUMBER
                            nm shift        582    
                          term shift        71       /* because term==expr */
                          expr shift        71     

State 101:
          nm ::= * ID|INDEXED|JOIN_KW
          nm ::= * STRING
          setlist ::= setlist COMMA LP idlist RP EQ * expr
          expr ::= * term
          expr ::= * LP expr RP
          expr ::= * ID|INDEXED|JOIN_KW
          expr ::= * nm DOT nm
          expr ::= * nm DOT nm DOT nm
          term ::= * NULL|FLOAT|BLOB
          term ::= * STRING
          term ::= * INTEGER
          expr ::= * VARIABLE
          expr ::= * expr COLLATE ID|STRING
          expr ::= * CAST LP expr AS typetoken RP
          expr ::= * ID|INDEXED|JOIN_KW LP distinct exprlist RP
          expr ::= * ID|INDEXED|JOIN_KW LP distinct exprlist ORDER BY sortlist RP
          expr ::= * ID|INDEXED|JOIN_KW LP STAR RP
          expr ::= * ID|INDEXED|JOIN_KW LP distinct exprlist RP filter_over
          expr ::= * ID|INDEXED|JOIN_KW LP distinct exprlist ORDER BY sortlist RP filter_over
          expr ::= * ID|INDEXED|JOIN_KW LP STAR RP filter_over
          term ::= * CTIME_KW
          expr ::= * LP nexprlist COMMA expr RP
          expr ::= * expr AND expr
          expr ::= * expr OR expr
          expr ::= * expr LT|GT|GE|LE expr
          expr ::= * expr EQ|NE expr
          expr ::= * expr BITAND|BITOR|LSHIFT|RSHIFT expr
          expr ::= * expr PLUS|MINUS expr
          expr ::= * expr STAR|SLASH|REM expr
          expr ::= * expr CONCAT expr
          expr ::= * expr likeop expr
          expr ::= * expr likeop expr ESCAPE expr
          expr ::= * expr ISNULL|NOTNULL
          expr ::= * expr NOT NULL
          expr ::= * expr IS expr
          expr ::= * expr IS NOT expr
          expr ::= * expr IS NOT DISTINCT FROM expr
          expr ::= * expr IS DISTINCT FROM expr
          expr ::= * NOT expr
          expr ::= * BITNOT expr
          expr ::= * PLUS|MINUS expr
          expr ::= * expr PTR expr
          expr ::= * expr between_op expr AND expr
          expr ::= * expr in_op LP exprlist RP
          expr ::= * LP select RP
          expr ::= * expr in_op LP select RP
          expr ::= * expr in_op nm dbnm paren_exprlist
          expr ::= * EXISTS LP select RP
          expr ::= * CASE case_operand case_exprlist case_else END
          expr ::= * RAISE LP IGNORE RP
          expr ::= * RAISE LP raisetype COMMA expr RP
          term ::= * QNUMBER

                           NOT shift        124    
                        EXISTS shift        574    
                            LP shift        4      
                          CAST shift        577    
                            ID shift        454    
                         RAISE shift        571    
                      CTIME_KW shift-reduce 195    term ::= CTIME_KW
                          PLUS shift        122    
                         MINUS shift        122    
                        BITNOT shift        123    
                       INDEXED shift        454    
                        STRING shift        583    
                       JOIN_KW shift        454    
                          NULL shift-reduce 183    term ::= NULL|FLOAT|BLOB
                         FLOAT shift-reduce 183    term ::= NULL|FLOAT|BLOB
                          BLOB shift-reduce 183    term ::= NULL|FLOAT|BLOB
                       INTEGER shift-reduce 185    term ::= INTEGER
                      VARIABLE shift-reduce 186    expr ::= VARIABLE
                          CASE shift        36     
                       QNUMBER shift-reduce 343    term ::= QNUMBER
                            nm shift        582    
                          term shift        72       /* because term==expr */
                          expr shift        72     

State 102:
          nm ::= * ID|INDEXED|JOIN_KW
          nm ::= * STRING
          setlist ::= setlist COMMA nm EQ * expr
          expr ::= * term
          expr ::= * LP expr RP
          expr ::= * ID|INDEXED|JOIN_KW
          expr ::= * nm DOT nm
          expr ::= * nm DOT nm DOT nm
          term ::= * NULL|FLOAT|BLOB
          term ::= * STRING
          term ::= * INTEGER
          expr ::= * VARIABLE
          expr ::= * expr COLLATE ID|STRING
          expr ::= * CAST LP expr AS typetoken RP
          expr ::= * ID|INDEXED|JOIN_KW LP distinct exprlist RP
          expr ::= * ID|INDEXED|JOIN_KW LP distinct exprlist ORDER BY sortlist RP
          expr ::= * ID|INDEXED|JOIN_KW LP STAR RP
          expr ::= * ID|INDEXED|JOIN_KW LP distinct exprlist RP filter_over
          expr ::= * ID|INDEXED|JOIN_KW LP distinct exprlist ORDER BY sortlist RP filter_over
          expr ::= * ID|INDEXED|JOIN_KW LP STAR RP filter_over
          term ::= * CTIME_KW
          expr ::= * LP nexprlist COMMA expr RP
          expr ::= * expr AND expr
          expr ::= * expr OR expr
          expr ::= * expr LT|GT|GE|LE expr
          expr ::= * expr EQ|NE expr
          expr ::= * expr BITAND|BITOR|LSHIFT|RSHIFT expr
          expr ::= * expr PLUS|MINUS expr
          expr ::= * expr STAR|SLASH|REM expr
          expr ::= * expr CONCAT expr
          expr ::= * expr likeop expr
          expr ::= * expr likeop expr ESCAPE expr
          expr ::= * expr ISNULL|NOTNULL
          expr ::= * expr NOT NULL
          expr ::= * expr IS expr
          expr ::= * expr IS NOT expr
          expr ::= * expr IS NOT DISTINCT FROM expr
          expr ::= * expr IS DISTINCT FROM expr
          expr ::= * NOT expr
          expr ::= * BITNOT expr
          expr ::= * PLUS|MINUS expr
          expr ::= * expr PTR expr
          expr ::= * expr between_op expr AND expr
          expr ::= * expr in_op LP exprlist RP
          expr ::= * LP select RP
          expr ::= * expr in_op LP select RP
          expr ::= * expr in_op nm dbnm paren_exprlist
          expr ::= * EXISTS LP select RP
          expr ::= * CASE case_operand case_exprlist case_else END
          expr ::= * RAISE LP IGNORE RP
          expr ::= * RAISE LP raisetype COMMA expr RP
          term ::= * QNUMBER

                           NOT shift        124    
                        EXISTS shift        574    
                            LP shift        4      
                          CAST shift        577    
                            ID shift        454    
                         RAISE shift        571    
                      CTIME_KW shift-reduce 195    term ::= CTIME_KW
                          PLUS shift        122    
                         MINUS shift        122    
                        BITNOT shift        123    
                       INDEXED shift        454    
                        STRING shift        583    
                       JOIN_KW shift        454    
                          NULL shift-reduce 183    term ::= NULL|FLOAT|BLOB
                         FLOAT shift-reduce 183    term ::= NULL|FLOAT|BLOB
                          BLOB shift-reduce 183    term ::= NULL|FLOAT|BLOB
                       INTEGER shift-reduce 185    term ::= INTEGER
                      VARIABLE shift-reduce 186    expr ::= VARIABLE
                          CASE shift        36     
                       QNUMBER shift-reduce 343    term ::= QNUMBER
                            nm shift        582    
                          term shift        73       /* because term==expr */
                          expr shift        73     

State 103:
          nm ::= * ID|INDEXED|JOIN_KW
          nm ::= * STRING
          expr ::= * term
          expr ::= * LP expr RP
          expr ::= * ID|INDEXED|JOIN_KW
          expr ::= * nm DOT nm
          expr ::= * nm DOT nm DOT nm
          term ::= * NULL|FLOAT|BLOB
          term ::= * STRING
          term ::= * INTEGER
          expr ::= * VARIABLE
          expr ::= * expr COLLATE ID|STRING
          expr ::= * CAST LP expr AS typetoken RP
          expr ::= * ID|INDEXED|JOIN_KW LP distinct exprlist RP
          expr ::= * ID|INDEXED|JOIN_KW LP distinct exprlist ORDER BY sortlist RP
          expr ::= * ID|INDEXED|JOIN_KW LP STAR RP
          expr ::= * ID|INDEXED|JOIN_KW LP distinct exprlist RP filter_over
          expr ::= * ID|INDEXED|JOIN_KW LP distinct exprlist ORDER BY sortlist RP filter_over
          expr ::= * ID|INDEXED|JOIN_KW LP STAR RP filter_over
          term ::= * CTIME_KW
          expr ::= * LP nexprlist COMMA expr RP
          expr ::= * expr AND expr
          expr ::= * expr OR expr
          expr ::= * expr LT|GT|GE|LE expr
          expr ::= * expr EQ|NE expr
          expr ::= * expr BITAND|BITOR|LSHIFT|RSHIFT expr
          expr ::= * expr PLUS|MINUS expr
          expr ::= * expr STAR|SLASH|REM expr
          expr ::= * expr CONCAT expr
          expr ::= * expr likeop expr
          expr ::= * expr likeop expr ESCAPE expr
          expr ::= * expr ISNULL|NOTNULL
          expr ::= * expr NOT NULL
          expr ::= * expr IS expr
          expr ::= * expr IS NOT expr
          expr ::= * expr IS NOT DISTINCT FROM expr
          expr ::= * expr IS DISTINCT FROM expr
          expr ::= * NOT expr
          expr ::= * BITNOT expr
          expr ::= * PLUS|MINUS expr
          expr ::= * expr PTR expr
          expr ::= * expr between_op expr AND expr
          expr ::= * expr in_op LP exprlist RP
          expr ::= * LP select RP
          expr ::= * expr in_op LP select RP
          expr ::= * expr in_op nm dbnm paren_exprlist
          expr ::= * EXISTS LP select RP
          expr ::= * CASE case_operand case_exprlist case_else END
          when_clause ::= WHEN * expr
          expr ::= * RAISE LP IGNORE RP
          expr ::= * RAISE LP raisetype COMMA expr RP
          term ::= * QNUMBER

                           NOT shift        124    
                        EXISTS shift        574    
                            LP shift        4      
                          CAST shift        577    
                            ID shift        454    
                         RAISE shift        571    
                      CTIME_KW shift-reduce 195    term ::= CTIME_KW
                          PLUS shift        122    
                         MINUS shift        122    
                        BITNOT shift        123    
                       INDEXED shift        454    
                        STRING shift        583    
                       JOIN_KW shift        454    
                          NULL shift-reduce 183    term ::= NULL|FLOAT|BLOB
                         FLOAT shift-reduce 183    term ::= NULL|FLOAT|BLOB
                          BLOB shift-reduce 183    term ::= NULL|FLOAT|BLOB
                       INTEGER shift-reduce 185    term ::= INTEGER
                      VARIABLE shift-reduce 186    expr ::= VARIABLE
                          CASE shift        36     
                       QNUMBER shift-reduce 343    term ::= QNUMBER
                            nm shift        582    
                          term shift        74       /* because term==expr */
                          expr shift        74     

State 104:
          nm ::= * ID|INDEXED|JOIN_KW
          nm ::= * STRING
          tcons ::= CHECK LP * expr RP onconf
          expr ::= * term
          expr ::= * LP expr RP
          expr ::= * ID|INDEXED|JOIN_KW
          expr ::= * nm DOT nm
          expr ::= * nm DOT nm DOT nm
          term ::= * NULL|FLOAT|BLOB
          term ::= * STRING
          term ::= * INTEGER
          expr ::= * VARIABLE
          expr ::= * expr COLLATE ID|STRING
          expr ::= * CAST LP expr AS typetoken RP
          expr ::= * ID|INDEXED|JOIN_KW LP distinct exprlist RP
          expr ::= * ID|INDEXED|JOIN_KW LP distinct exprlist ORDER BY sortlist RP
          expr ::= * ID|INDEXED|JOIN_KW LP STAR RP
          expr ::= * ID|INDEXED|JOIN_KW LP distinct exprlist RP filter_over
          expr ::= * ID|INDEXED|JOIN_KW LP distinct exprlist ORDER BY sortlist RP filter_over
          expr ::= * ID|INDEXED|JOIN_KW LP STAR RP filter_over
          term ::= * CTIME_KW
          expr ::= * LP nexprlist COMMA expr RP
          expr ::= * expr AND expr
          expr ::= * expr OR expr
          expr ::= * expr LT|GT|GE|LE expr
          expr ::= * expr EQ|NE expr
          expr ::= * expr BITAND|BITOR|LSHIFT|RSHIFT expr
          expr ::= * expr PLUS|MINUS expr
          expr ::= * expr STAR|SLASH|REM expr
          expr ::= * expr CONCAT expr
          expr ::= * expr likeop expr
          expr ::= * expr likeop expr ESCAPE expr
          expr ::= * expr ISNULL|NOTNULL
          expr ::= * expr NOT NULL
          expr ::= * expr IS expr
          expr ::= * expr IS NOT expr
          expr ::= * expr IS NOT DISTINCT FROM expr
          expr ::= * expr IS DISTINCT FROM expr
          expr ::= * NOT expr
          expr ::= * BITNOT expr
          expr ::= * PLUS|MINUS expr
          expr ::= * expr PTR expr
          expr ::= * expr between_op expr AND expr
          expr ::= * expr in_op LP exprlist RP
          expr ::= * LP select RP
          expr ::= * expr in_op LP select RP
          expr ::= * expr in_op nm dbnm paren_exprlist
          expr ::= * EXISTS LP select RP
          expr ::= * CASE case_operand case_exprlist case_else END
          expr ::= * RAISE LP IGNORE RP
          expr ::= * RAISE LP raisetype COMMA expr RP
          term ::= * QNUMBER

                           NOT shift        124    
                        EXISTS shift        574    
                            LP shift        4      
                          CAST shift        577    
                            ID shift        454    
                         RAISE shift        571    
                      CTIME_KW shift-reduce 195    term ::= CTIME_KW
                          PLUS shift        122    
                         MINUS shift        122    
                        BITNOT shift        123    
                       INDEXED shift        454    
                        STRING shift        583    
                       JOIN_KW shift        454    
                          NULL shift-reduce 183    term ::= NULL|FLOAT|BLOB
                         FLOAT shift-reduce 183    term ::= NULL|FLOAT|BLOB
                          BLOB shift-reduce 183    term ::= NULL|FLOAT|BLOB
                       INTEGER shift-reduce 185    term ::= INTEGER
                      VARIABLE shift-reduce 186    expr ::= VARIABLE
                          CASE shift        36     
                       QNUMBER shift-reduce 343    term ::= QNUMBER
                            nm shift        582    
                          term shift        56       /* because term==expr */
                          expr shift        56     

State 105:
          nm ::= * ID|INDEXED|JOIN_KW
          nm ::= * STRING
          generated ::= LP * expr RP
          generated ::= LP * expr RP ID
          expr ::= * term
          expr ::= * LP expr RP
          expr ::= * ID|INDEXED|JOIN_KW
          expr ::= * nm DOT nm
          expr ::= * nm DOT nm DOT nm
          term ::= * NULL|FLOAT|BLOB
          term ::= * STRING
          term ::= * INTEGER
          expr ::= * VARIABLE
          expr ::= * expr COLLATE ID|STRING
          expr ::= * CAST LP expr AS typetoken RP
          expr ::= * ID|INDEXED|JOIN_KW LP distinct exprlist RP
          expr ::= * ID|INDEXED|JOIN_KW LP distinct exprlist ORDER BY sortlist RP
          expr ::= * ID|INDEXED|JOIN_KW LP STAR RP
          expr ::= * ID|INDEXED|JOIN_KW LP distinct exprlist RP filter_over
          expr ::= * ID|INDEXED|JOIN_KW LP distinct exprlist ORDER BY sortlist RP filter_over
          expr ::= * ID|INDEXED|JOIN_KW LP STAR RP filter_over
          term ::= * CTIME_KW
          expr ::= * LP nexprlist COMMA expr RP
          expr ::= * expr AND expr
          expr ::= * expr OR expr
          expr ::= * expr LT|GT|GE|LE expr
          expr ::= * expr EQ|NE expr
          expr ::= * expr BITAND|BITOR|LSHIFT|RSHIFT expr
          expr ::= * expr PLUS|MINUS expr
          expr ::= * expr STAR|SLASH|REM expr
          expr ::= * expr CONCAT expr
          expr ::= * expr likeop expr
          expr ::= * expr likeop expr ESCAPE expr
          expr ::= * expr ISNULL|NOTNULL
          expr ::= * expr NOT NULL
          expr ::= * expr IS expr
          expr ::= * expr IS NOT expr
          expr ::= * expr IS NOT DISTINCT FROM expr
          expr ::= * expr IS DISTINCT FROM expr
          expr ::= * NOT expr
          expr ::= * BITNOT expr
          expr ::= * PLUS|MINUS expr
          expr ::= * expr PTR expr
          expr ::= * expr between_op expr AND expr
          expr ::= * expr in_op LP exprlist RP
          expr ::= * LP select RP
          expr ::= * expr in_op LP select RP
          expr ::= * expr in_op nm dbnm paren_exprlist
          expr ::= * EXISTS LP select RP
          expr ::= * CASE case_operand case_exprlist case_else END
          expr ::= * RAISE LP IGNORE RP
          expr ::= * RAISE LP raisetype COMMA expr RP
          term ::= * QNUMBER

                           NOT shift        124    
                        EXISTS shift        574    
                            LP shift        4      
                          CAST shift        577    
                            ID shift        454    
                         RAISE shift        571    
                      CTIME_KW shift-reduce 195    term ::= CTIME_KW
                          PLUS shift        122    
                         MINUS shift        122    
                        BITNOT shift        123    
                       INDEXED shift        454    
                        STRING shift        583    
                       JOIN_KW shift        454    
                          NULL shift-reduce 183    term ::= NULL|FLOAT|BLOB
                         FLOAT shift-reduce 183    term ::= NULL|FLOAT|BLOB
                          BLOB shift-reduce 183    term ::= NULL|FLOAT|BLOB
                       INTEGER shift-reduce 185    term ::= INTEGER
                      VARIABLE shift-reduce 186    expr ::= VARIABLE
                          CASE shift        36     
                       QNUMBER shift-reduce 343    term ::= QNUMBER
                            nm shift        582    
                          term shift        57       /* because term==expr */
                          expr shift        57     

State 106:
          nm ::= * ID|INDEXED|JOIN_KW
          nm ::= * STRING
          ccons ::= CHECK LP * expr RP
          expr ::= * term
          expr ::= * LP expr RP
          expr ::= * ID|INDEXED|JOIN_KW
          expr ::= * nm DOT nm
          expr ::= * nm DOT nm DOT nm
          term ::= * NULL|FLOAT|BLOB
          term ::= * STRING
          term ::= * INTEGER
          expr ::= * VARIABLE
          expr ::= * expr COLLATE ID|STRING
          expr ::= * CAST LP expr AS typetoken RP
          expr ::= * ID|INDEXED|JOIN_KW LP distinct exprlist RP
          expr ::= * ID|INDEXED|JOIN_KW LP distinct exprlist ORDER BY sortlist RP
          expr ::= * ID|INDEXED|JOIN_KW LP STAR RP
          expr ::= * ID|INDEXED|JOIN_KW LP distinct exprlist RP filter_over
          expr ::= * ID|INDEXED|JOIN_KW LP distinct exprlist ORDER BY sortlist RP filter_over
          expr ::= * ID|INDEXED|JOIN_KW LP STAR RP filter_over
          term ::= * CTIME_KW
          expr ::= * LP nexprlist COMMA expr RP
          expr ::= * expr AND expr
          expr ::= * expr OR expr
          expr ::= * expr LT|GT|GE|LE expr
          expr ::= * expr EQ|NE expr
          expr ::= * expr BITAND|BITOR|LSHIFT|RSHIFT expr
          expr ::= * expr PLUS|MINUS expr
          expr ::= * expr STAR|SLASH|REM expr
          expr ::= * expr CONCAT expr
          expr ::= * expr likeop expr
          expr ::= * expr likeop expr ESCAPE expr
          expr ::= * expr ISNULL|NOTNULL
          expr ::= * expr NOT NULL
          expr ::= * expr IS expr
          expr ::= * expr IS NOT expr
          expr ::= * expr IS NOT DISTINCT FROM expr
          expr ::= * expr IS DISTINCT FROM expr
          expr ::= * NOT expr
          expr ::= * BITNOT expr
          expr ::= * PLUS|MINUS expr
          expr ::= * expr PTR expr
          expr ::= * expr between_op expr AND expr
          expr ::= * expr in_op LP exprlist RP
          expr ::= * LP select RP
          expr ::= * expr in_op LP select RP
          expr ::= * expr in_op nm dbnm paren_exprlist
          expr ::= * EXISTS LP select RP
          expr ::= * CASE case_operand case_exprlist case_else END
          expr ::= * RAISE LP IGNORE RP
          expr ::= * RAISE LP raisetype COMMA expr RP
          term ::= * QNUMBER

                           NOT shift        124    
                        EXISTS shift        574    
                            LP shift        4      
                          CAST shift        577    
                            ID shift        454    
                         RAISE shift        571    
                      CTIME_KW shift-reduce 195    term ::= CTIME_KW
                          PLUS shift        122    
                         MINUS shift        122    
                        BITNOT shift        123    
                       INDEXED shift        454    
                        STRING shift        583    
                       JOIN_KW shift        454    
                          NULL shift-reduce 183    term ::= NULL|FLOAT|BLOB
                         FLOAT shift-reduce 183    term ::= NULL|FLOAT|BLOB
                          BLOB shift-reduce 183    term ::= NULL|FLOAT|BLOB
                       INTEGER shift-reduce 185    term ::= INTEGER
                      VARIABLE shift-reduce 186    expr ::= VARIABLE
                          CASE shift        36     
                       QNUMBER shift-reduce 343    term ::= QNUMBER
                            nm shift        582    
                          term shift        58       /* because term==expr */
                          expr shift        58     

State 107:
          nm ::= * ID|INDEXED|JOIN_KW
          nm ::= * STRING
          expr ::= * term
          expr ::= * LP expr RP
          expr ::= * ID|INDEXED|JOIN_KW
          expr ::= * nm DOT nm
          expr ::= * nm DOT nm DOT nm
          term ::= * NULL|FLOAT|BLOB
          term ::= * STRING
          term ::= * INTEGER
          expr ::= * VARIABLE
          expr ::= * expr COLLATE ID|STRING
          expr ::= * CAST LP expr AS typetoken RP
          expr ::= * ID|INDEXED|JOIN_KW LP distinct exprlist RP
          expr ::= * ID|INDEXED|JOIN_KW LP distinct exprlist ORDER BY sortlist RP
          expr ::= * ID|INDEXED|JOIN_KW LP STAR RP
          expr ::= * ID|INDEXED|JOIN_KW LP distinct exprlist RP filter_over
          expr ::= * ID|INDEXED|JOIN_KW LP distinct exprlist ORDER BY sortlist RP filter_over
          expr ::= * ID|INDEXED|JOIN_KW LP STAR RP filter_over
          term ::= * CTIME_KW
          expr ::= * LP nexprlist COMMA expr RP
          expr ::= * expr AND expr
          expr ::= * expr OR expr
          expr ::= * expr LT|GT|GE|LE expr
          expr ::= * expr EQ|NE expr
          expr ::= * expr BITAND|BITOR|LSHIFT|RSHIFT expr
          expr ::= * expr PLUS|MINUS expr
          expr ::= * expr STAR|SLASH|REM expr
          expr ::= * expr CONCAT expr
          expr ::= * expr likeop expr
          expr ::= * expr likeop expr ESCAPE expr
          expr ::= * expr ISNULL|NOTNULL
          expr ::= * expr NOT NULL
          expr ::= * expr IS expr
          expr ::= * expr IS NOT expr
          expr ::= * expr IS NOT DISTINCT FROM expr
          expr ::= * expr IS DISTINCT FROM expr
          expr ::= * NOT expr
          expr ::= * BITNOT expr
          expr ::= * PLUS|MINUS expr
          expr ::= * expr PTR expr
          expr ::= * expr between_op expr AND expr
          expr ::= * expr in_op LP exprlist RP
          expr ::= * LP select RP
          expr ::= * expr in_op LP select RP
          expr ::= * expr in_op nm dbnm paren_exprlist
          expr ::= * EXISTS LP select RP
          expr ::= * CASE case_operand case_exprlist case_else END
          expr ::= * RAISE LP IGNORE RP
          expr ::= * RAISE LP raisetype COMMA expr RP
          filter_clause ::= FILTER LP WHERE * expr RP
          term ::= * QNUMBER

                           NOT shift        124    
                        EXISTS shift        574    
                            LP shift        4      
                          CAST shift        577    
                            ID shift        454    
                         RAISE shift        571    
                      CTIME_KW shift-reduce 195    term ::= CTIME_KW
                          PLUS shift        122    
                         MINUS shift        122    
                        BITNOT shift        123    
                       INDEXED shift        454    
                        STRING shift        583    
                       JOIN_KW shift        454    
                          NULL shift-reduce 183    term ::= NULL|FLOAT|BLOB
                         FLOAT shift-reduce 183    term ::= NULL|FLOAT|BLOB
                          BLOB shift-reduce 183    term ::= NULL|FLOAT|BLOB
                       INTEGER shift-reduce 185    term ::= INTEGER
                      VARIABLE shift-reduce 186    expr ::= VARIABLE
                          CASE shift        36     
                       QNUMBER shift-reduce 343    term ::= QNUMBER
                            nm shift        582    
                          term shift        60       /* because term==expr */
                          expr shift        60     

State 108:
          nm ::= * ID|INDEXED|JOIN_KW
          nm ::= * STRING
          expr ::= * term
          expr ::= * LP expr RP
          expr ::= * ID|INDEXED|JOIN_KW
          expr ::= * nm DOT nm
          expr ::= * nm DOT nm DOT nm
          term ::= * NULL|FLOAT|BLOB
          term ::= * STRING
          term ::= * INTEGER
          expr ::= * VARIABLE
          expr ::= * expr COLLATE ID|STRING
          expr ::= * CAST LP expr AS typetoken RP
          expr ::= * ID|INDEXED|JOIN_KW LP distinct exprlist RP
          expr ::= * ID|INDEXED|JOIN_KW LP distinct exprlist ORDER BY sortlist RP
          expr ::= * ID|INDEXED|JOIN_KW LP STAR RP
          expr ::= * ID|INDEXED|JOIN_KW LP distinct exprlist RP filter_over
          expr ::= * ID|INDEXED|JOIN_KW LP distinct exprlist ORDER BY sortlist RP filter_over
          expr ::= * ID|INDEXED|JOIN_KW LP STAR RP filter_over
          term ::= * CTIME_KW
          expr ::= * LP nexprlist COMMA expr RP
          expr ::= LP nexprlist COMMA * expr RP
          expr ::= * expr AND expr
          expr ::= * expr OR expr
          expr ::= * expr LT|GT|GE|LE expr
          expr ::= * expr EQ|NE expr
          expr ::= * expr BITAND|BITOR|LSHIFT|RSHIFT expr
          expr ::= * expr PLUS|MINUS expr
          expr ::= * expr STAR|SLASH|REM expr
          expr ::= * expr CONCAT expr
          expr ::= * expr likeop expr
          expr ::= * expr likeop expr ESCAPE expr
          expr ::= * expr ISNULL|NOTNULL
          expr ::= * expr NOT NULL
          expr ::= * expr IS expr
          expr ::= * expr IS NOT expr
          expr ::= * expr IS NOT DISTINCT FROM expr
          expr ::= * expr IS DISTINCT FROM expr
          expr ::= * NOT expr
          expr ::= * BITNOT expr
          expr ::= * PLUS|MINUS expr
          expr ::= * expr PTR expr
          expr ::= * expr between_op expr AND expr
          expr ::= * expr in_op LP exprlist RP
          expr ::= * LP select RP
          expr ::= * expr in_op LP select RP
          expr ::= * expr in_op nm dbnm paren_exprlist
          expr ::= * EXISTS LP select RP
          expr ::= * CASE case_operand case_exprlist case_else END
          nexprlist ::= nexprlist COMMA * expr
          expr ::= * RAISE LP IGNORE RP
          expr ::= * RAISE LP raisetype COMMA expr RP
          term ::= * QNUMBER

                           NOT shift        124    
                        EXISTS shift        574    
                            LP shift        4      
                          CAST shift        577    
                            ID shift        454    
                         RAISE shift        571    
                      CTIME_KW shift-reduce 195    term ::= CTIME_KW
                          PLUS shift        122    
                         MINUS shift        122    
                        BITNOT shift        123    
                       INDEXED shift        454    
                        STRING shift        583    
                       JOIN_KW shift        454    
                          NULL shift-reduce 183    term ::= NULL|FLOAT|BLOB
                         FLOAT shift-reduce 183    term ::= NULL|FLOAT|BLOB
                          BLOB shift-reduce 183    term ::= NULL|FLOAT|BLOB
                       INTEGER shift-reduce 185    term ::= INTEGER
                      VARIABLE shift-reduce 186    expr ::= VARIABLE
                          CASE shift        36     
                       QNUMBER shift-reduce 343    term ::= QNUMBER
                            nm shift        582    
                          term shift        61       /* because term==expr */
                          expr shift        61     

State 109:
          nm ::= * ID|INDEXED|JOIN_KW
          nm ::= * STRING
          on_using ::= ON * expr
          expr ::= * term
          expr ::= * LP expr RP
          expr ::= * ID|INDEXED|JOIN_KW
          expr ::= * nm DOT nm
          expr ::= * nm DOT nm DOT nm
          term ::= * NULL|FLOAT|BLOB
          term ::= * STRING
          term ::= * INTEGER
          expr ::= * VARIABLE
          expr ::= * expr COLLATE ID|STRING
          expr ::= * CAST LP expr AS typetoken RP
          expr ::= * ID|INDEXED|JOIN_KW LP distinct exprlist RP
          expr ::= * ID|INDEXED|JOIN_KW LP distinct exprlist ORDER BY sortlist RP
          expr ::= * ID|INDEXED|JOIN_KW LP STAR RP
          expr ::= * ID|INDEXED|JOIN_KW LP distinct exprlist RP filter_over
          expr ::= * ID|INDEXED|JOIN_KW LP distinct exprlist ORDER BY sortlist RP filter_over
          expr ::= * ID|INDEXED|JOIN_KW LP STAR RP filter_over
          term ::= * CTIME_KW
          expr ::= * LP nexprlist COMMA expr RP
          expr ::= * expr AND expr
          expr ::= * expr OR expr
          expr ::= * expr LT|GT|GE|LE expr
          expr ::= * expr EQ|NE expr
          expr ::= * expr BITAND|BITOR|LSHIFT|RSHIFT expr
          expr ::= * expr PLUS|MINUS expr
          expr ::= * expr STAR|SLASH|REM expr
          expr ::= * expr CONCAT expr
          expr ::= * expr likeop expr
          expr ::= * expr likeop expr ESCAPE expr
          expr ::= * expr ISNULL|NOTNULL
          expr ::= * expr NOT NULL
          expr ::= * expr IS expr
          expr ::= * expr IS NOT expr
          expr ::= * expr IS NOT DISTINCT FROM expr
          expr ::= * expr IS DISTINCT FROM expr
          expr ::= * NOT expr
          expr ::= * BITNOT expr
          expr ::= * PLUS|MINUS expr
          expr ::= * expr PTR expr
          expr ::= * expr between_op expr AND expr
          expr ::= * expr in_op LP exprlist RP
          expr ::= * LP select RP
          expr ::= * expr in_op LP select RP
          expr ::= * expr in_op nm dbnm paren_exprlist
          expr ::= * EXISTS LP select RP
          expr ::= * CASE case_operand case_exprlist case_else END
          expr ::= * RAISE LP IGNORE RP
          expr ::= * RAISE LP raisetype COMMA expr RP
          term ::= * QNUMBER

                           NOT shift        124    
                        EXISTS shift        574    
                            LP shift        4      
                          CAST shift        577    
                            ID shift        454    
                         RAISE shift        571    
                      CTIME_KW shift-reduce 195    term ::= CTIME_KW
                          PLUS shift        122    
                         MINUS shift        122    
                        BITNOT shift        123    
                       INDEXED shift        454    
                        STRING shift        583    
                       JOIN_KW shift        454    
                          NULL shift-reduce 183    term ::= NULL|FLOAT|BLOB
                         FLOAT shift-reduce 183    term ::= NULL|FLOAT|BLOB
                          BLOB shift-reduce 183    term ::= NULL|FLOAT|BLOB
                       INTEGER shift-reduce 185    term ::= INTEGER
                      VARIABLE shift-reduce 186    expr ::= VARIABLE
                          CASE shift        36     
                       QNUMBER shift-reduce 343    term ::= QNUMBER
                            nm shift        582    
                          term shift        75       /* because term==expr */
                          expr shift        75     

State 110:
          nm ::= * ID|INDEXED|JOIN_KW
          nm ::= * STRING
          where_opt ::= WHERE * expr
          expr ::= * term
          expr ::= * LP expr RP
          expr ::= * ID|INDEXED|JOIN_KW
          expr ::= * nm DOT nm
          expr ::= * nm DOT nm DOT nm
          term ::= * NULL|FLOAT|BLOB
          term ::= * STRING
          term ::= * INTEGER
          expr ::= * VARIABLE
          expr ::= * expr COLLATE ID|STRING
          expr ::= * CAST LP expr AS typetoken RP
          expr ::= * ID|INDEXED|JOIN_KW LP distinct exprlist RP
          expr ::= * ID|INDEXED|JOIN_KW LP distinct exprlist ORDER BY sortlist RP
          expr ::= * ID|INDEXED|JOIN_KW LP STAR RP
          expr ::= * ID|INDEXED|JOIN_KW LP distinct exprlist RP filter_over
          expr ::= * ID|INDEXED|JOIN_KW LP distinct exprlist ORDER BY sortlist RP filter_over
          expr ::= * ID|INDEXED|JOIN_KW LP STAR RP filter_over
          term ::= * CTIME_KW
          expr ::= * LP nexprlist COMMA expr RP
          expr ::= * expr AND expr
          expr ::= * expr OR expr
          expr ::= * expr LT|GT|GE|LE expr
          expr ::= * expr EQ|NE expr
          expr ::= * expr BITAND|BITOR|LSHIFT|RSHIFT expr
          expr ::= * expr PLUS|MINUS expr
          expr ::= * expr STAR|SLASH|REM expr
          expr ::= * expr CONCAT expr
          expr ::= * expr likeop expr
          expr ::= * expr likeop expr ESCAPE expr
          expr ::= * expr ISNULL|NOTNULL
          expr ::= * expr NOT NULL
          expr ::= * expr IS expr
          expr ::= * expr IS NOT expr
          expr ::= * expr IS NOT DISTINCT FROM expr
          expr ::= * expr IS DISTINCT FROM expr
          expr ::= * NOT expr
          expr ::= * BITNOT expr
          expr ::= * PLUS|MINUS expr
          expr ::= * expr PTR expr
          expr ::= * expr between_op expr AND expr
          expr ::= * expr in_op LP exprlist RP
          expr ::= * LP select RP
          expr ::= * expr in_op LP select RP
          expr ::= * expr in_op nm dbnm paren_exprlist
          expr ::= * EXISTS LP select RP
          expr ::= * CASE case_operand case_exprlist case_else END
          expr ::= * RAISE LP IGNORE RP
          expr ::= * RAISE LP raisetype COMMA expr RP
          term ::= * QNUMBER

                           NOT shift        124    
                        EXISTS shift        574    
                            LP shift        4      
                          CAST shift        577    
                            ID shift        454    
                         RAISE shift        571    
                      CTIME_KW shift-reduce 195    term ::= CTIME_KW
                          PLUS shift        122    
                         MINUS shift        122    
                        BITNOT shift        123    
                       INDEXED shift        454    
                        STRING shift        583    
                       JOIN_KW shift        454    
                          NULL shift-reduce 183    term ::= NULL|FLOAT|BLOB
                         FLOAT shift-reduce 183    term ::= NULL|FLOAT|BLOB
                          BLOB shift-reduce 183    term ::= NULL|FLOAT|BLOB
                       INTEGER shift-reduce 185    term ::= INTEGER
                      VARIABLE shift-reduce 186    expr ::= VARIABLE
                          CASE shift        36     
                       QNUMBER shift-reduce 343    term ::= QNUMBER
                            nm shift        582    
                          term shift        76       /* because term==expr */
                          expr shift        76     

State 111:
          nm ::= * ID|INDEXED|JOIN_KW
          nm ::= * STRING
          having_opt ::= HAVING * expr
          expr ::= * term
          expr ::= * LP expr RP
          expr ::= * ID|INDEXED|JOIN_KW
          expr ::= * nm DOT nm
          expr ::= * nm DOT nm DOT nm
          term ::= * NULL|FLOAT|BLOB
          term ::= * STRING
          term ::= * INTEGER
          expr ::= * VARIABLE
          expr ::= * expr COLLATE ID|STRING
          expr ::= * CAST LP expr AS typetoken RP
          expr ::= * ID|INDEXED|JOIN_KW LP distinct exprlist RP
          expr ::= * ID|INDEXED|JOIN_KW LP distinct exprlist ORDER BY sortlist RP
          expr ::= * ID|INDEXED|JOIN_KW LP STAR RP
          expr ::= * ID|INDEXED|JOIN_KW LP distinct exprlist RP filter_over
          expr ::= * ID|INDEXED|JOIN_KW LP distinct exprlist ORDER BY sortlist RP filter_over
          expr ::= * ID|INDEXED|JOIN_KW LP STAR RP filter_over
          term ::= * CTIME_KW
          expr ::= * LP nexprlist COMMA expr RP
          expr ::= * expr AND expr
          expr ::= * expr OR expr
          expr ::= * expr LT|GT|GE|LE expr
          expr ::= * expr EQ|NE expr
          expr ::= * expr BITAND|BITOR|LSHIFT|RSHIFT expr
          expr ::= * expr PLUS|MINUS expr
          expr ::= * expr STAR|SLASH|REM expr
          expr ::= * expr CONCAT expr
          expr ::= * expr likeop expr
          expr ::= * expr likeop expr ESCAPE expr
          expr ::= * expr ISNULL|NOTNULL
          expr ::= * expr NOT NULL
          expr ::= * expr IS expr
          expr ::= * expr IS NOT expr
          expr ::= * expr IS NOT DISTINCT FROM expr
          expr ::= * expr IS DISTINCT FROM expr
          expr ::= * NOT expr
          expr ::= * BITNOT expr
          expr ::= * PLUS|MINUS expr
          expr ::= * expr PTR expr
          expr ::= * expr between_op expr AND expr
          expr ::= * expr in_op LP exprlist RP
          expr ::= * LP select RP
          expr ::= * expr in_op LP select RP
          expr ::= * expr in_op nm dbnm paren_exprlist
          expr ::= * EXISTS LP select RP
          expr ::= * CASE case_operand case_exprlist case_else END
          expr ::= * RAISE LP IGNORE RP
          expr ::= * RAISE LP raisetype COMMA expr RP
          term ::= * QNUMBER

                           NOT shift        124    
                        EXISTS shift        574    
                            LP shift        4      
                          CAST shift        577    
                            ID shift        454    
                         RAISE shift        571    
                      CTIME_KW shift-reduce 195    term ::= CTIME_KW
                          PLUS shift        122    
                         MINUS shift        122    
                        BITNOT shift        123    
                       INDEXED shift        454    
                        STRING shift        583    
                       JOIN_KW shift        454    
                          NULL shift-reduce 183    term ::= NULL|FLOAT|BLOB
                         FLOAT shift-reduce 183    term ::= NULL|FLOAT|BLOB
                          BLOB shift-reduce 183    term ::= NULL|FLOAT|BLOB
                       INTEGER shift-reduce 185    term ::= INTEGER
                      VARIABLE shift-reduce 186    expr ::= VARIABLE
                          CASE shift        36     
                       QNUMBER shift-reduce 343    term ::= QNUMBER
                            nm shift        582    
                          term shift        77       /* because term==expr */
                          expr shift        77     

State 112:
          nm ::= * ID|INDEXED|JOIN_KW
          nm ::= * STRING
          sortlist ::= sortlist COMMA * expr sortorder nulls
          expr ::= * term
          expr ::= * LP expr RP
          expr ::= * ID|INDEXED|JOIN_KW
          expr ::= * nm DOT nm
          expr ::= * nm DOT nm DOT nm
          term ::= * NULL|FLOAT|BLOB
          term ::= * STRING
          term ::= * INTEGER
          expr ::= * VARIABLE
          expr ::= * expr COLLATE ID|STRING
          expr ::= * CAST LP expr AS typetoken RP
          expr ::= * ID|INDEXED|JOIN_KW LP distinct exprlist RP
          expr ::= * ID|INDEXED|JOIN_KW LP distinct exprlist ORDER BY sortlist RP
          expr ::= * ID|INDEXED|JOIN_KW LP STAR RP
          expr ::= * ID|INDEXED|JOIN_KW LP distinct exprlist RP filter_over
          expr ::= * ID|INDEXED|JOIN_KW LP distinct exprlist ORDER BY sortlist RP filter_over
          expr ::= * ID|INDEXED|JOIN_KW LP STAR RP filter_over
          term ::= * CTIME_KW
          expr ::= * LP nexprlist COMMA expr RP
          expr ::= * expr AND expr
          expr ::= * expr OR expr
          expr ::= * expr LT|GT|GE|LE expr
          expr ::= * expr EQ|NE expr
          expr ::= * expr BITAND|BITOR|LSHIFT|RSHIFT expr
          expr ::= * expr PLUS|MINUS expr
          expr ::= * expr STAR|SLASH|REM expr
          expr ::= * expr CONCAT expr
          expr ::= * expr likeop expr
          expr ::= * expr likeop expr ESCAPE expr
          expr ::= * expr ISNULL|NOTNULL
          expr ::= * expr NOT NULL
          expr ::= * expr IS expr
          expr ::= * expr IS NOT expr
          expr ::= * expr IS NOT DISTINCT FROM expr
          expr ::= * expr IS DISTINCT FROM expr
          expr ::= * NOT expr
          expr ::= * BITNOT expr
          expr ::= * PLUS|MINUS expr
          expr ::= * expr PTR expr
          expr ::= * expr between_op expr AND expr
          expr ::= * expr in_op LP exprlist RP
          expr ::= * LP select RP
          expr ::= * expr in_op LP select RP
          expr ::= * expr in_op nm dbnm paren_exprlist
          expr ::= * EXISTS LP select RP
          expr ::= * CASE case_operand case_exprlist case_else END
          expr ::= * RAISE LP IGNORE RP
          expr ::= * RAISE LP raisetype COMMA expr RP
          term ::= * QNUMBER

                           NOT shift        124    
                        EXISTS shift        574    
                            LP shift        4      
                          CAST shift        577    
                            ID shift        454    
                         RAISE shift        571    
                      CTIME_KW shift-reduce 195    term ::= CTIME_KW
                          PLUS shift        122    
                         MINUS shift        122    
                        BITNOT shift        123    
                       INDEXED shift        454    
                        STRING shift        583    
                       JOIN_KW shift        454    
                          NULL shift-reduce 183    term ::= NULL|FLOAT|BLOB
                         FLOAT shift-reduce 183    term ::= NULL|FLOAT|BLOB
                          BLOB shift-reduce 183    term ::= NULL|FLOAT|BLOB
                       INTEGER shift-reduce 185    term ::= INTEGER
                      VARIABLE shift-reduce 186    expr ::= VARIABLE
                          CASE shift        36     
                       QNUMBER shift-reduce 343    term ::= QNUMBER
                            nm shift        582    
                          term shift        21       /* because term==expr */
                          expr shift        21     

State 113:
          nm ::= * ID|INDEXED|JOIN_KW
          nm ::= * STRING
          limit_opt ::= LIMIT expr COMMA * expr
          expr ::= * term
          expr ::= * LP expr RP
          expr ::= * ID|INDEXED|JOIN_KW
          expr ::= * nm DOT nm
          expr ::= * nm DOT nm DOT nm
          term ::= * NULL|FLOAT|BLOB
          term ::= * STRING
          term ::= * INTEGER
          expr ::= * VARIABLE
          expr ::= * expr COLLATE ID|STRING
          expr ::= * CAST LP expr AS typetoken RP
          expr ::= * ID|INDEXED|JOIN_KW LP distinct exprlist RP
          expr ::= * ID|INDEXED|JOIN_KW LP distinct exprlist ORDER BY sortlist RP
          expr ::= * ID|INDEXED|JOIN_KW LP STAR RP
          expr ::= * ID|INDEXED|JOIN_KW LP distinct exprlist RP filter_over
          expr ::= * ID|INDEXED|JOIN_KW LP distinct exprlist ORDER BY sortlist RP filter_over
          expr ::= * ID|INDEXED|JOIN_KW LP STAR RP filter_over
          term ::= * CTIME_KW
          expr ::= * LP nexprlist COMMA expr RP
          expr ::= * expr AND expr
          expr ::= * expr OR expr
          expr ::= * expr LT|GT|GE|LE expr
          expr ::= * expr EQ|NE expr
          expr ::= * expr BITAND|BITOR|LSHIFT|RSHIFT expr
          expr ::= * expr PLUS|MINUS expr
          expr ::= * expr STAR|SLASH|REM expr
          expr ::= * expr CONCAT expr
          expr ::= * expr likeop expr
          expr ::= * expr likeop expr ESCAPE expr
          expr ::= * expr ISNULL|NOTNULL
          expr ::= * expr NOT NULL
          expr ::= * expr IS expr
          expr ::= * expr IS NOT expr
          expr ::= * expr IS NOT DISTINCT FROM expr
          expr ::= * expr IS DISTINCT FROM expr
          expr ::= * NOT expr
          expr ::= * BITNOT expr
          expr ::= * PLUS|MINUS expr
          expr ::= * expr PTR expr
          expr ::= * expr between_op expr AND expr
          expr ::= * expr in_op LP exprlist RP
          expr ::= * LP select RP
          expr ::= * expr in_op LP select RP
          expr ::= * expr in_op nm dbnm paren_exprlist
          expr ::= * EXISTS LP select RP
          expr ::= * CASE case_operand case_exprlist case_else END
          expr ::= * RAISE LP IGNORE RP
          expr ::= * RAISE LP raisetype COMMA expr RP
          term ::= * QNUMBER

                           NOT shift        124    
                        EXISTS shift        574    
                            LP shift        4      
                          CAST shift        577    
                            ID shift        454    
                         RAISE shift        571    
                      CTIME_KW shift-reduce 195    term ::= CTIME_KW
                          PLUS shift        122    
                         MINUS shift        122    
                        BITNOT shift        123    
                       INDEXED shift        454    
                        STRING shift        583    
                       JOIN_KW shift        454    
                          NULL shift-reduce 183    term ::= NULL|FLOAT|BLOB
                         FLOAT shift-reduce 183    term ::= NULL|FLOAT|BLOB
                          BLOB shift-reduce 183    term ::= NULL|FLOAT|BLOB
                       INTEGER shift-reduce 185    term ::= INTEGER
                      VARIABLE shift-reduce 186    expr ::= VARIABLE
                          CASE shift        36     
                       QNUMBER shift-reduce 343    term ::= QNUMBER
                            nm shift        582    
                          term shift        78       /* because term==expr */
                          expr shift        78     

State 114:
          nm ::= * ID|INDEXED|JOIN_KW
          nm ::= * STRING
          expr ::= * term
          expr ::= * LP expr RP
          expr ::= * ID|INDEXED|JOIN_KW
          expr ::= * nm DOT nm
          expr ::= * nm DOT nm DOT nm
          term ::= * NULL|FLOAT|BLOB
          term ::= * STRING
          term ::= * INTEGER
          expr ::= * VARIABLE
          expr ::= * expr COLLATE ID|STRING
          expr ::= * CAST LP expr AS typetoken RP
          expr ::= * ID|INDEXED|JOIN_KW LP distinct exprlist RP
          expr ::= * ID|INDEXED|JOIN_KW LP distinct exprlist ORDER BY sortlist RP
          expr ::= * ID|INDEXED|JOIN_KW LP STAR RP
          expr ::= * ID|INDEXED|JOIN_KW LP distinct exprlist RP filter_over
          expr ::= * ID|INDEXED|JOIN_KW LP distinct exprlist ORDER BY sortlist RP filter_over
          expr ::= * ID|INDEXED|JOIN_KW LP STAR RP filter_over
          term ::= * CTIME_KW
          expr ::= * LP nexprlist COMMA expr RP
          expr ::= * expr AND expr
          expr ::= * expr OR expr
          expr ::= * expr LT|GT|GE|LE expr
          expr ::= * expr EQ|NE expr
          expr ::= * expr BITAND|BITOR|LSHIFT|RSHIFT expr
          expr ::= * expr PLUS|MINUS expr
          expr ::= * expr STAR|SLASH|REM expr
          expr ::= * expr CONCAT expr
          expr ::= * expr likeop expr
          expr ::= * expr likeop expr ESCAPE expr
          expr ::= * expr ISNULL|NOTNULL
          expr ::= * expr NOT NULL
          expr ::= * expr IS expr
          expr ::= * expr IS NOT expr
          expr ::= * expr IS NOT DISTINCT FROM expr
          expr ::= * expr IS DISTINCT FROM expr
          expr ::= expr IS DISTINCT FROM * expr
          expr ::= * NOT expr
          expr ::= * BITNOT expr
          expr ::= * PLUS|MINUS expr
          expr ::= * expr PTR expr
          expr ::= * expr between_op expr AND expr
          expr ::= * expr in_op LP exprlist RP
          expr ::= * LP select RP
          expr ::= * expr in_op LP select RP
          expr ::= * expr in_op nm dbnm paren_exprlist
          expr ::= * EXISTS LP select RP
          expr ::= * CASE case_operand case_exprlist case_else END
          expr ::= * RAISE LP IGNORE RP
          expr ::= * RAISE LP raisetype COMMA expr RP
          term ::= * QNUMBER

                           NOT shift        124    
                        EXISTS shift        574    
                            LP shift        4      
                          CAST shift        577    
                            ID shift        454    
                         RAISE shift        571    
                      CTIME_KW shift-reduce 195    term ::= CTIME_KW
                          PLUS shift        122    
                         MINUS shift        122    
                        BITNOT shift        123    
                       INDEXED shift        454    
                        STRING shift        583    
                       JOIN_KW shift        454    
                          NULL shift-reduce 183    term ::= NULL|FLOAT|BLOB
                         FLOAT shift-reduce 183    term ::= NULL|FLOAT|BLOB
                          BLOB shift-reduce 183    term ::= NULL|FLOAT|BLOB
                       INTEGER shift-reduce 185    term ::= INTEGER
                      VARIABLE shift-reduce 186    expr ::= VARIABLE
                          CASE shift        36     
                       QNUMBER shift-reduce 343    term ::= QNUMBER
                            nm shift        582    
                          term shift        144      /* because term==expr */
                          expr shift        144    

State 115:
          nm ::= * ID|INDEXED|JOIN_KW
          nm ::= * STRING
          expr ::= * term
          expr ::= * LP expr RP
          expr ::= * ID|INDEXED|JOIN_KW
          expr ::= * nm DOT nm
          expr ::= * nm DOT nm DOT nm
          term ::= * NULL|FLOAT|BLOB
          term ::= * STRING
          term ::= * INTEGER
          expr ::= * VARIABLE
          expr ::= * expr COLLATE ID|STRING
          expr ::= * CAST LP expr AS typetoken RP
          expr ::= * ID|INDEXED|JOIN_KW LP distinct exprlist RP
          expr ::= * ID|INDEXED|JOIN_KW LP distinct exprlist ORDER BY sortlist RP
          expr ::= * ID|INDEXED|JOIN_KW LP STAR RP
          expr ::= * ID|INDEXED|JOIN_KW LP distinct exprlist RP filter_over
          expr ::= * ID|INDEXED|JOIN_KW LP distinct exprlist ORDER BY sortlist RP filter_over
          expr ::= * ID|INDEXED|JOIN_KW LP STAR RP filter_over
          term ::= * CTIME_KW
          expr ::= * LP nexprlist COMMA expr RP
          expr ::= * expr AND expr
          expr ::= * expr OR expr
          expr ::= * expr LT|GT|GE|LE expr
          expr ::= * expr EQ|NE expr
          expr ::= * expr BITAND|BITOR|LSHIFT|RSHIFT expr
          expr ::= * expr PLUS|MINUS expr
          expr ::= * expr STAR|SLASH|REM expr
          expr ::= * expr CONCAT expr
          expr ::= * expr likeop expr
          expr ::= * expr likeop expr ESCAPE expr
          expr ::= * expr ISNULL|NOTNULL
          expr ::= * expr NOT NULL
          expr ::= * expr IS expr
          expr ::= * expr IS NOT expr
          expr ::= * expr IS NOT DISTINCT FROM expr
          expr ::= expr IS NOT DISTINCT FROM * expr
          expr ::= * expr IS DISTINCT FROM expr
          expr ::= * NOT expr
          expr ::= * BITNOT expr
          expr ::= * PLUS|MINUS expr
          expr ::= * expr PTR expr
          expr ::= * expr between_op expr AND expr
          expr ::= * expr in_op LP exprlist RP
          expr ::= * LP select RP
          expr ::= * expr in_op LP select RP
          expr ::= * expr in_op nm dbnm paren_exprlist
          expr ::= * EXISTS LP select RP
          expr ::= * CASE case_operand case_exprlist case_else END
          expr ::= * RAISE LP IGNORE RP
          expr ::= * RAISE LP raisetype COMMA expr RP
          term ::= * QNUMBER

                           NOT shift        124    
                        EXISTS shift        574    
                            LP shift        4      
                          CAST shift        577    
                            ID shift        454    
                         RAISE shift        571    
                      CTIME_KW shift-reduce 195    term ::= CTIME_KW
                          PLUS shift        122    
                         MINUS shift        122    
                        BITNOT shift        123    
                       INDEXED shift        454    
                        STRING shift        583    
                       JOIN_KW shift        454    
                          NULL shift-reduce 183    term ::= NULL|FLOAT|BLOB
                         FLOAT shift-reduce 183    term ::= NULL|FLOAT|BLOB
                          BLOB shift-reduce 183    term ::= NULL|FLOAT|BLOB
                       INTEGER shift-reduce 185    term ::= INTEGER
                      VARIABLE shift-reduce 186    expr ::= VARIABLE
                          CASE shift        36     
                       QNUMBER shift-reduce 343    term ::= QNUMBER
                            nm shift        582    
                          term shift        145      /* because term==expr */
                          expr shift        145    

State 116:
          nm ::= * ID|INDEXED|JOIN_KW
          nm ::= * STRING
          expr ::= * term
          expr ::= * LP expr RP
          expr ::= * ID|INDEXED|JOIN_KW
          expr ::= * nm DOT nm
          expr ::= * nm DOT nm DOT nm
          term ::= * NULL|FLOAT|BLOB
          term ::= * STRING
          term ::= * INTEGER
          expr ::= * VARIABLE
          expr ::= * expr COLLATE ID|STRING
          expr ::= * CAST LP expr AS typetoken RP
          expr ::= * ID|INDEXED|JOIN_KW LP distinct exprlist RP
          expr ::= * ID|INDEXED|JOIN_KW LP distinct exprlist ORDER BY sortlist RP
          expr ::= * ID|INDEXED|JOIN_KW LP STAR RP
          expr ::= * ID|INDEXED|JOIN_KW LP distinct exprlist RP filter_over
          expr ::= * ID|INDEXED|JOIN_KW LP distinct exprlist ORDER BY sortlist RP filter_over
          expr ::= * ID|INDEXED|JOIN_KW LP STAR RP filter_over
          term ::= * CTIME_KW
          expr ::= * LP nexprlist COMMA expr RP
          expr ::= * expr AND expr
          expr ::= * expr OR expr
          expr ::= * expr LT|GT|GE|LE expr
          expr ::= * expr EQ|NE expr
          expr ::= * expr BITAND|BITOR|LSHIFT|RSHIFT expr
          expr ::= * expr PLUS|MINUS expr
          expr ::= * expr STAR|SLASH|REM expr
          expr ::= * expr CONCAT expr
          expr ::= * expr likeop expr
          expr ::= * expr likeop expr ESCAPE expr
          expr ::= * expr ISNULL|NOTNULL
          expr ::= * expr NOT NULL
          expr ::= * expr IS expr
          expr ::= * expr IS NOT expr
          expr ::= * expr IS NOT DISTINCT FROM expr
          expr ::= * expr IS DISTINCT FROM expr
          expr ::= * NOT expr
          expr ::= * BITNOT expr
          expr ::= * PLUS|MINUS expr
          expr ::= * expr PTR expr
          expr ::= * expr between_op expr AND expr
          expr ::= * expr in_op LP exprlist RP
          expr ::= * LP select RP
          expr ::= * expr in_op LP select RP
          expr ::= * expr in_op nm dbnm paren_exprlist
          expr ::= * EXISTS LP select RP
          expr ::= * CASE case_operand case_exprlist case_else END
          case_exprlist ::= WHEN expr THEN * expr
          expr ::= * RAISE LP IGNORE RP
          expr ::= * RAISE LP raisetype COMMA expr RP
          term ::= * QNUMBER

                           NOT shift        124    
                        EXISTS shift        574    
                            LP shift        4      
                          CAST shift        577    
                            ID shift        454    
                         RAISE shift        571    
                      CTIME_KW shift-reduce 195    term ::= CTIME_KW
                          PLUS shift        122    
                         MINUS shift        122    
                        BITNOT shift        123    
                       INDEXED shift        454    
                        STRING shift        583    
                       JOIN_KW shift        454    
                          NULL shift-reduce 183    term ::= NULL|FLOAT|BLOB
                         FLOAT shift-reduce 183    term ::= NULL|FLOAT|BLOB
                          BLOB shift-reduce 183    term ::= NULL|FLOAT|BLOB
                       INTEGER shift-reduce 185    term ::= INTEGER
                      VARIABLE shift-reduce 186    expr ::= VARIABLE
                          CASE shift        36     
                       QNUMBER shift-reduce 343    term ::= QNUMBER
                            nm shift        582    
                          term shift        79       /* because term==expr */
                          expr shift        79     

State 117:
          nm ::= * ID|INDEXED|JOIN_KW
          nm ::= * STRING
          expr ::= * term
          expr ::= * LP expr RP
          expr ::= * ID|INDEXED|JOIN_KW
          expr ::= * nm DOT nm
          expr ::= * nm DOT nm DOT nm
          term ::= * NULL|FLOAT|BLOB
          term ::= * STRING
          term ::= * INTEGER
          expr ::= * VARIABLE
          expr ::= * expr COLLATE ID|STRING
          expr ::= * CAST LP expr AS typetoken RP
          expr ::= * ID|INDEXED|JOIN_KW LP distinct exprlist RP
          expr ::= * ID|INDEXED|JOIN_KW LP distinct exprlist ORDER BY sortlist RP
          expr ::= * ID|INDEXED|JOIN_KW LP STAR RP
          expr ::= * ID|INDEXED|JOIN_KW LP distinct exprlist RP filter_over
          expr ::= * ID|INDEXED|JOIN_KW LP distinct exprlist ORDER BY sortlist RP filter_over
          expr ::= * ID|INDEXED|JOIN_KW LP STAR RP filter_over
          term ::= * CTIME_KW
          expr ::= * LP nexprlist COMMA expr RP
          expr ::= * expr AND expr
          expr ::= * expr OR expr
          expr ::= * expr LT|GT|GE|LE expr
          expr ::= * expr EQ|NE expr
          expr ::= * expr BITAND|BITOR|LSHIFT|RSHIFT expr
          expr ::= * expr PLUS|MINUS expr
          expr ::= * expr STAR|SLASH|REM expr
          expr ::= * expr CONCAT expr
          expr ::= * expr likeop expr
          expr ::= * expr likeop expr ESCAPE expr
          expr ::= * expr ISNULL|NOTNULL
          expr ::= * expr NOT NULL
          expr ::= * expr IS expr
          expr ::= * expr IS NOT expr
          expr ::= * expr IS NOT DISTINCT FROM expr
          expr ::= * expr IS DISTINCT FROM expr
          expr ::= * NOT expr
          expr ::= * BITNOT expr
          expr ::= * PLUS|MINUS expr
          expr ::= * expr PTR expr
          expr ::= * expr between_op expr AND expr
          expr ::= * expr in_op LP exprlist RP
          expr ::= * LP select RP
          expr ::= * expr in_op LP select RP
          expr ::= * expr in_op nm dbnm paren_exprlist
          expr ::= * EXISTS LP select RP
          expr ::= * CASE case_operand case_exprlist case_else END
          case_exprlist ::= WHEN * expr THEN expr
          expr ::= * RAISE LP IGNORE RP
          expr ::= * RAISE LP raisetype COMMA expr RP
          term ::= * QNUMBER

                           NOT shift        124    
                        EXISTS shift        574    
                            LP shift        4      
                          CAST shift        577    
                            ID shift        454    
                         RAISE shift        571    
                      CTIME_KW shift-reduce 195    term ::= CTIME_KW
                          PLUS shift        122    
                         MINUS shift        122    
                        BITNOT shift        123    
                       INDEXED shift        454    
                        STRING shift        583    
                       JOIN_KW shift        454    
                          NULL shift-reduce 183    term ::= NULL|FLOAT|BLOB
                         FLOAT shift-reduce 183    term ::= NULL|FLOAT|BLOB
                          BLOB shift-reduce 183    term ::= NULL|FLOAT|BLOB
                       INTEGER shift-reduce 185    term ::= INTEGER
                      VARIABLE shift-reduce 186    expr ::= VARIABLE
                          CASE shift        36     
                       QNUMBER shift-reduce 343    term ::= QNUMBER
                            nm shift        582    
                          term shift        63       /* because term==expr */
                          expr shift        63     

State 118:
          nm ::= * ID|INDEXED|JOIN_KW
          nm ::= * STRING
          expr ::= * term
          expr ::= * LP expr RP
          expr ::= * ID|INDEXED|JOIN_KW
          expr ::= * nm DOT nm
          expr ::= * nm DOT nm DOT nm
          term ::= * NULL|FLOAT|BLOB
          term ::= * STRING
          term ::= * INTEGER
          expr ::= * VARIABLE
          expr ::= * expr COLLATE ID|STRING
          expr ::= * CAST LP expr AS typetoken RP
          expr ::= * ID|INDEXED|JOIN_KW LP distinct exprlist RP
          expr ::= * ID|INDEXED|JOIN_KW LP distinct exprlist ORDER BY sortlist RP
          expr ::= * ID|INDEXED|JOIN_KW LP STAR RP
          expr ::= * ID|INDEXED|JOIN_KW LP distinct exprlist RP filter_over
          expr ::= * ID|INDEXED|JOIN_KW LP distinct exprlist ORDER BY sortlist RP filter_over
          expr ::= * ID|INDEXED|JOIN_KW LP STAR RP filter_over
          term ::= * CTIME_KW
          expr ::= * LP nexprlist COMMA expr RP
          expr ::= * expr AND expr
          expr ::= * expr OR expr
          expr ::= * expr LT|GT|GE|LE expr
          expr ::= * expr EQ|NE expr
          expr ::= * expr BITAND|BITOR|LSHIFT|RSHIFT expr
          expr ::= * expr PLUS|MINUS expr
          expr ::= * expr STAR|SLASH|REM expr
          expr ::= * expr CONCAT expr
          expr ::= * expr likeop expr
          expr ::= * expr likeop expr ESCAPE expr
          expr ::= * expr ISNULL|NOTNULL
          expr ::= * expr NOT NULL
          expr ::= * expr IS expr
          expr ::= * expr IS NOT expr
          expr ::= * expr IS NOT DISTINCT FROM expr
          expr ::= * expr IS DISTINCT FROM expr
          expr ::= * NOT expr
          expr ::= * BITNOT expr
          expr ::= * PLUS|MINUS expr
          expr ::= * expr PTR expr
          expr ::= * expr between_op expr AND expr
          expr ::= * expr in_op LP exprlist RP
          expr ::= * LP select RP
          expr ::= * expr in_op LP select RP
          expr ::= * expr in_op nm dbnm paren_exprlist
          expr ::= * EXISTS LP select RP
          expr ::= * CASE case_operand case_exprlist case_else END
          case_else ::= ELSE * expr
          expr ::= * RAISE LP IGNORE RP
          expr ::= * RAISE LP raisetype COMMA expr RP
          term ::= * QNUMBER

                           NOT shift        124    
                        EXISTS shift        574    
                            LP shift        4      
                          CAST shift        577    
                            ID shift        454    
                         RAISE shift        571    
                      CTIME_KW shift-reduce 195    term ::= CTIME_KW
                          PLUS shift        122    
                         MINUS shift        122    
                        BITNOT shift        123    
                       INDEXED shift        454    
                        STRING shift        583    
                       JOIN_KW shift        454    
                          NULL shift-reduce 183    term ::= NULL|FLOAT|BLOB
                         FLOAT shift-reduce 183    term ::= NULL|FLOAT|BLOB
                          BLOB shift-reduce 183    term ::= NULL|FLOAT|BLOB
                       INTEGER shift-reduce 185    term ::= INTEGER
                      VARIABLE shift-reduce 186    expr ::= VARIABLE
                          CASE shift        36     
                       QNUMBER shift-reduce 343    term ::= QNUMBER
                            nm shift        582    
                          term shift        80       /* because term==expr */
                          expr shift        80     

State 119:
          nm ::= * ID|INDEXED|JOIN_KW
          nm ::= * STRING
          expr ::= * term
          expr ::= * LP expr RP
          expr ::= * ID|INDEXED|JOIN_KW
          expr ::= * nm DOT nm
          expr ::= * nm DOT nm DOT nm
          term ::= * NULL|FLOAT|BLOB
          term ::= * STRING
          term ::= * INTEGER
          expr ::= * VARIABLE
          expr ::= * expr COLLATE ID|STRING
          expr ::= * CAST LP expr AS typetoken RP
          expr ::= * ID|INDEXED|JOIN_KW LP distinct exprlist RP
          expr ::= * ID|INDEXED|JOIN_KW LP distinct exprlist ORDER BY sortlist RP
          expr ::= * ID|INDEXED|JOIN_KW LP STAR RP
          expr ::= * ID|INDEXED|JOIN_KW LP distinct exprlist RP filter_over
          expr ::= * ID|INDEXED|JOIN_KW LP distinct exprlist ORDER BY sortlist RP filter_over
          expr ::= * ID|INDEXED|JOIN_KW LP STAR RP filter_over
          term ::= * CTIME_KW
          expr ::= * LP nexprlist COMMA expr RP
          expr ::= * expr AND expr
          expr ::= * expr OR expr
          expr ::= * expr LT|GT|GE|LE expr
          expr ::= * expr EQ|NE expr
          expr ::= * expr BITAND|BITOR|LSHIFT|RSHIFT expr
          expr ::= * expr PLUS|MINUS expr
          expr ::= * expr STAR|SLASH|REM expr
          expr ::= * expr CONCAT expr
          expr ::= * expr likeop expr
          expr ::= * expr likeop expr ESCAPE expr
          expr ::= * expr ISNULL|NOTNULL
          expr ::= * expr NOT NULL
          expr ::= * expr IS expr
          expr ::= * expr IS NOT expr
          expr ::= * expr IS NOT DISTINCT FROM expr
          expr ::= * expr IS DISTINCT FROM expr
          expr ::= * NOT expr
          expr ::= * BITNOT expr
          expr ::= * PLUS|MINUS expr
          expr ::= * expr PTR expr
          expr ::= * expr between_op expr AND expr
          expr ::= * expr in_op LP exprlist RP
          expr ::= * LP select RP
          expr ::= * expr in_op LP select RP
          expr ::= * expr in_op nm dbnm paren_exprlist
          expr ::= * EXISTS LP select RP
          expr ::= * CASE case_operand case_exprlist case_else END
          expr ::= * RAISE LP IGNORE RP
          expr ::= * RAISE LP raisetype COMMA expr RP
          expr ::= RAISE LP raisetype COMMA * expr RP
          term ::= * QNUMBER

                           NOT shift        124    
                        EXISTS shift        574    
                            LP shift        4      
                          CAST shift        577    
                            ID shift        454    
                         RAISE shift        571    
                      CTIME_KW shift-reduce 195    term ::= CTIME_KW
                          PLUS shift        122    
                         MINUS shift        122    
                        BITNOT shift        123    
                       INDEXED shift        454    
                        STRING shift        583    
                       JOIN_KW shift        454    
                          NULL shift-reduce 183    term ::= NULL|FLOAT|BLOB
                         FLOAT shift-reduce 183    term ::= NULL|FLOAT|BLOB
                          BLOB shift-reduce 183    term ::= NULL|FLOAT|BLOB
                       INTEGER shift-reduce 185    term ::= INTEGER
                      VARIABLE shift-reduce 186    expr ::= VARIABLE
                          CASE shift        36     
                       QNUMBER shift-reduce 343    term ::= QNUMBER
                            nm shift        582    
                          term shift        64       /* because term==expr */
                          expr shift        64     

State 120:
          nm ::= * ID|INDEXED|JOIN_KW
          nm ::= * STRING
          expr ::= * term
          expr ::= * LP expr RP
          expr ::= * ID|INDEXED|JOIN_KW
          expr ::= * nm DOT nm
          expr ::= * nm DOT nm DOT nm
          term ::= * NULL|FLOAT|BLOB
          term ::= * STRING
          term ::= * INTEGER
          expr ::= * VARIABLE
          expr ::= * expr COLLATE ID|STRING
          expr ::= * CAST LP expr AS typetoken RP
          expr ::= * ID|INDEXED|JOIN_KW LP distinct exprlist RP
          expr ::= * ID|INDEXED|JOIN_KW LP distinct exprlist ORDER BY sortlist RP
          expr ::= * ID|INDEXED|JOIN_KW LP STAR RP
          expr ::= * ID|INDEXED|JOIN_KW LP distinct exprlist RP filter_over
          expr ::= * ID|INDEXED|JOIN_KW LP distinct exprlist ORDER BY sortlist RP filter_over
          expr ::= * ID|INDEXED|JOIN_KW LP STAR RP filter_over
          term ::= * CTIME_KW
          expr ::= * LP nexprlist COMMA expr RP
          expr ::= * expr AND expr
          expr ::= * expr OR expr
          expr ::= * expr LT|GT|GE|LE expr
          expr ::= * expr EQ|NE expr
          expr ::= * expr BITAND|BITOR|LSHIFT|RSHIFT expr
          expr ::= * expr PLUS|MINUS expr
          expr ::= * expr STAR|SLASH|REM expr
          expr ::= * expr CONCAT expr
          expr ::= * expr likeop expr
          expr ::= * expr likeop expr ESCAPE expr
          expr ::= * expr ISNULL|NOTNULL
          expr ::= * expr NOT NULL
          expr ::= * expr IS expr
          expr ::= * expr IS NOT expr
          expr ::= * expr IS NOT DISTINCT FROM expr
          expr ::= * expr IS DISTINCT FROM expr
          expr ::= * NOT expr
          expr ::= * BITNOT expr
          expr ::= * PLUS|MINUS expr
          expr ::= * expr PTR expr
          expr ::= * expr between_op expr AND expr
          expr ::= * expr in_op LP exprlist RP
          expr ::= * LP select RP
          expr ::= * expr in_op LP select RP
          expr ::= * expr in_op nm dbnm paren_exprlist
          expr ::= * EXISTS LP select RP
          expr ::= * CASE case_operand case_exprlist case_else END
          case_exprlist ::= case_exprlist WHEN expr THEN * expr
          expr ::= * RAISE LP IGNORE RP
          expr ::= * RAISE LP raisetype COMMA expr RP
          term ::= * QNUMBER

                           NOT shift        124    
                        EXISTS shift        574    
                            LP shift        4      
                          CAST shift        577    
                            ID shift        454    
                         RAISE shift        571    
                      CTIME_KW shift-reduce 195    term ::= CTIME_KW
                          PLUS shift        122    
                         MINUS shift        122    
                        BITNOT shift        123    
                       INDEXED shift        454    
                        STRING shift        583    
                       JOIN_KW shift        454    
                          NULL shift-reduce 183    term ::= NULL|FLOAT|BLOB
                         FLOAT shift-reduce 183    term ::= NULL|FLOAT|BLOB
                          BLOB shift-reduce 183    term ::= NULL|FLOAT|BLOB
                       INTEGER shift-reduce 185    term ::= INTEGER
                      VARIABLE shift-reduce 186    expr ::= VARIABLE
                          CASE shift        36     
                       QNUMBER shift-reduce 343    term ::= QNUMBER
                            nm shift        582    
                          term shift        81       /* because term==expr */
                          expr shift        81     

State 121:
          nm ::= * ID|INDEXED|JOIN_KW
          nm ::= * STRING
          expr ::= * term
          expr ::= * LP expr RP
          expr ::= * ID|INDEXED|JOIN_KW
          expr ::= * nm DOT nm
          expr ::= * nm DOT nm DOT nm
          term ::= * NULL|FLOAT|BLOB
          term ::= * STRING
          term ::= * INTEGER
          expr ::= * VARIABLE
          expr ::= * expr COLLATE ID|STRING
          expr ::= * CAST LP expr AS typetoken RP
          expr ::= * ID|INDEXED|JOIN_KW LP distinct exprlist RP
          expr ::= * ID|INDEXED|JOIN_KW LP distinct exprlist ORDER BY sortlist RP
          expr ::= * ID|INDEXED|JOIN_KW LP STAR RP
          expr ::= * ID|INDEXED|JOIN_KW LP distinct exprlist RP filter_over
          expr ::= * ID|INDEXED|JOIN_KW LP distinct exprlist ORDER BY sortlist RP filter_over
          expr ::= * ID|INDEXED|JOIN_KW LP STAR RP filter_over
          term ::= * CTIME_KW
          expr ::= * LP nexprlist COMMA expr RP
          expr ::= * expr AND expr
          expr ::= * expr OR expr
          expr ::= * expr LT|GT|GE|LE expr
          expr ::= * expr EQ|NE expr
          expr ::= * expr BITAND|BITOR|LSHIFT|RSHIFT expr
          expr ::= * expr PLUS|MINUS expr
          expr ::= * expr STAR|SLASH|REM expr
          expr ::= * expr CONCAT expr
          expr ::= * expr likeop expr
          expr ::= * expr likeop expr ESCAPE expr
          expr ::= * expr ISNULL|NOTNULL
          expr ::= * expr NOT NULL
          expr ::= * expr IS expr
          expr ::= * expr IS NOT expr
          expr ::= * expr IS NOT DISTINCT FROM expr
          expr ::= * expr IS DISTINCT FROM expr
          expr ::= * NOT expr
          expr ::= * BITNOT expr
          expr ::= * PLUS|MINUS expr
          expr ::= * expr PTR expr
          expr ::= * expr between_op expr AND expr
          expr ::= * expr in_op LP exprlist RP
          expr ::= * LP select RP
          expr ::= * expr in_op LP select RP
          expr ::= * expr in_op nm dbnm paren_exprlist
          expr ::= * EXISTS LP select RP
          expr ::= * CASE case_operand case_exprlist case_else END
          case_exprlist ::= case_exprlist WHEN * expr THEN expr
          expr ::= * RAISE LP IGNORE RP
          expr ::= * RAISE LP raisetype COMMA expr RP
          term ::= * QNUMBER

                           NOT shift        124    
                        EXISTS shift        574    
                            LP shift        4      
                          CAST shift        577    
                            ID shift        454    
                         RAISE shift        571    
                      CTIME_KW shift-reduce 195    term ::= CTIME_KW
                          PLUS shift        122    
                         MINUS shift        122    
                        BITNOT shift        123    
                       INDEXED shift        454    
                        STRING shift        583    
                       JOIN_KW shift        454    
                          NULL shift-reduce 183    term ::= NULL|FLOAT|BLOB
                         FLOAT shift-reduce 183    term ::= NULL|FLOAT|BLOB
                          BLOB shift-reduce 183    term ::= NULL|FLOAT|BLOB
                       INTEGER shift-reduce 185    term ::= INTEGER
                      VARIABLE shift-reduce 186    expr ::= VARIABLE
                          CASE shift        36     
                       QNUMBER shift-reduce 343    term ::= QNUMBER
                            nm shift        582    
                          term shift        65       /* because term==expr */
                          expr shift        65     

State 122:
          nm ::= * ID|INDEXED|JOIN_KW
          nm ::= * STRING
          expr ::= * term
          expr ::= * LP expr RP
          expr ::= * ID|INDEXED|JOIN_KW
          expr ::= * nm DOT nm
          expr ::= * nm DOT nm DOT nm
          term ::= * NULL|FLOAT|BLOB
          term ::= * STRING
          term ::= * INTEGER
          expr ::= * VARIABLE
          expr ::= * expr COLLATE ID|STRING
          expr ::= * CAST LP expr AS typetoken RP
          expr ::= * ID|INDEXED|JOIN_KW LP distinct exprlist RP
          expr ::= * ID|INDEXED|JOIN_KW LP distinct exprlist ORDER BY sortlist RP
          expr ::= * ID|INDEXED|JOIN_KW LP STAR RP
          expr ::= * ID|INDEXED|JOIN_KW LP distinct exprlist RP filter_over
          expr ::= * ID|INDEXED|JOIN_KW LP distinct exprlist ORDER BY sortlist RP filter_over
          expr ::= * ID|INDEXED|JOIN_KW LP STAR RP filter_over
          term ::= * CTIME_KW
          expr ::= * LP nexprlist COMMA expr RP
          expr ::= * expr AND expr
          expr ::= * expr OR expr
          expr ::= * expr LT|GT|GE|LE expr
          expr ::= * expr EQ|NE expr
          expr ::= * expr BITAND|BITOR|LSHIFT|RSHIFT expr
          expr ::= * expr PLUS|MINUS expr
          expr ::= * expr STAR|SLASH|REM expr
          expr ::= * expr CONCAT expr
          expr ::= * expr likeop expr
          expr ::= * expr likeop expr ESCAPE expr
          expr ::= * expr ISNULL|NOTNULL
          expr ::= * expr NOT NULL
          expr ::= * expr IS expr
          expr ::= * expr IS NOT expr
          expr ::= * expr IS NOT DISTINCT FROM expr
          expr ::= * expr IS DISTINCT FROM expr
          expr ::= * NOT expr
          expr ::= * BITNOT expr
          expr ::= * PLUS|MINUS expr
          expr ::= PLUS|MINUS * expr
          expr ::= * expr PTR expr
          expr ::= * expr between_op expr AND expr
          expr ::= * expr in_op LP exprlist RP
          expr ::= * LP select RP
          expr ::= * expr in_op LP select RP
          expr ::= * expr in_op nm dbnm paren_exprlist
          expr ::= * EXISTS LP select RP
          expr ::= * CASE case_operand case_exprlist case_else END
          expr ::= * RAISE LP IGNORE RP
          expr ::= * RAISE LP raisetype COMMA expr RP
          term ::= * QNUMBER

                           NOT shift        124    
                        EXISTS shift        574    
                            LP shift        4      
                          CAST shift        577    
                            ID shift        454    
                         RAISE shift        571    
                      CTIME_KW shift-reduce 195    term ::= CTIME_KW
                          PLUS shift        122    
                         MINUS shift        122    
                        BITNOT shift        123    
                       INDEXED shift        454    
                        STRING shift        583    
                       JOIN_KW shift        454    
                          NULL shift-reduce 183    term ::= NULL|FLOAT|BLOB
                         FLOAT shift-reduce 183    term ::= NULL|FLOAT|BLOB
                          BLOB shift-reduce 183    term ::= NULL|FLOAT|BLOB
                       INTEGER shift-reduce 185    term ::= INTEGER
                      VARIABLE shift-reduce 186    expr ::= VARIABLE
                          CASE shift        36     
                       QNUMBER shift-reduce 343    term ::= QNUMBER
                            nm shift        582    
                          term shift        171      /* because term==expr */
                          expr shift        171    

State 123:
          nm ::= * ID|INDEXED|JOIN_KW
          nm ::= * STRING
          expr ::= * term
          expr ::= * LP expr RP
          expr ::= * ID|INDEXED|JOIN_KW
          expr ::= * nm DOT nm
          expr ::= * nm DOT nm DOT nm
          term ::= * NULL|FLOAT|BLOB
          term ::= * STRING
          term ::= * INTEGER
          expr ::= * VARIABLE
          expr ::= * expr COLLATE ID|STRING
          expr ::= * CAST LP expr AS typetoken RP
          expr ::= * ID|INDEXED|JOIN_KW LP distinct exprlist RP
          expr ::= * ID|INDEXED|JOIN_KW LP distinct exprlist ORDER BY sortlist RP
          expr ::= * ID|INDEXED|JOIN_KW LP STAR RP
          expr ::= * ID|INDEXED|JOIN_KW LP distinct exprlist RP filter_over
          expr ::= * ID|INDEXED|JOIN_KW LP distinct exprlist ORDER BY sortlist RP filter_over
          expr ::= * ID|INDEXED|JOIN_KW LP STAR RP filter_over
          term ::= * CTIME_KW
          expr ::= * LP nexprlist COMMA expr RP
          expr ::= * expr AND expr
          expr ::= * expr OR expr
          expr ::= * expr LT|GT|GE|LE expr
          expr ::= * expr EQ|NE expr
          expr ::= * expr BITAND|BITOR|LSHIFT|RSHIFT expr
          expr ::= * expr PLUS|MINUS expr
          expr ::= * expr STAR|SLASH|REM expr
          expr ::= * expr CONCAT expr
          expr ::= * expr likeop expr
          expr ::= * expr likeop expr ESCAPE expr
          expr ::= * expr ISNULL|NOTNULL
          expr ::= * expr NOT NULL
          expr ::= * expr IS expr
          expr ::= * expr IS NOT expr
          expr ::= * expr IS NOT DISTINCT FROM expr
          expr ::= * expr IS DISTINCT FROM expr
          expr ::= * NOT expr
          expr ::= * BITNOT expr
          expr ::= BITNOT * expr
          expr ::= * PLUS|MINUS expr
          expr ::= * expr PTR expr
          expr ::= * expr between_op expr AND expr
          expr ::= * expr in_op LP exprlist RP
          expr ::= * LP select RP
          expr ::= * expr in_op LP select RP
          expr ::= * expr in_op nm dbnm paren_exprlist
          expr ::= * EXISTS LP select RP
          expr ::= * CASE case_operand case_exprlist case_else END
          expr ::= * RAISE LP IGNORE RP
          expr ::= * RAISE LP raisetype COMMA expr RP
          term ::= * QNUMBER

                           NOT shift        124    
                        EXISTS shift        574    
                            LP shift        4      
                          CAST shift        577    
                            ID shift        454    
                         RAISE shift        571    
                      CTIME_KW shift-reduce 195    term ::= CTIME_KW
                          PLUS shift        122    
                         MINUS shift        122    
                        BITNOT shift        123    
                       INDEXED shift        454    
                        STRING shift        583    
                       JOIN_KW shift        454    
                          NULL shift-reduce 183    term ::= NULL|FLOAT|BLOB
                         FLOAT shift-reduce 183    term ::= NULL|FLOAT|BLOB
                          BLOB shift-reduce 183    term ::= NULL|FLOAT|BLOB
                       INTEGER shift-reduce 185    term ::= INTEGER
                      VARIABLE shift-reduce 186    expr ::= VARIABLE
                          CASE shift        36     
                       QNUMBER shift-reduce 343    term ::= QNUMBER
                            nm shift        582    
                          term shift        172      /* because term==expr */
                          expr shift        172    

State 124:
          nm ::= * ID|INDEXED|JOIN_KW
          nm ::= * STRING
          expr ::= * term
          expr ::= * LP expr RP
          expr ::= * ID|INDEXED|JOIN_KW
          expr ::= * nm DOT nm
          expr ::= * nm DOT nm DOT nm
          term ::= * NULL|FLOAT|BLOB
          term ::= * STRING
          term ::= * INTEGER
          expr ::= * VARIABLE
          expr ::= * expr COLLATE ID|STRING
          expr ::= * CAST LP expr AS typetoken RP
          expr ::= * ID|INDEXED|JOIN_KW LP distinct exprlist RP
          expr ::= * ID|INDEXED|JOIN_KW LP distinct exprlist ORDER BY sortlist RP
          expr ::= * ID|INDEXED|JOIN_KW LP STAR RP
          expr ::= * ID|INDEXED|JOIN_KW LP distinct exprlist RP filter_over
          expr ::= * ID|INDEXED|JOIN_KW LP distinct exprlist ORDER BY sortlist RP filter_over
          expr ::= * ID|INDEXED|JOIN_KW LP STAR RP filter_over
          term ::= * CTIME_KW
          expr ::= * LP nexprlist COMMA expr RP
          expr ::= * expr AND expr
          expr ::= * expr OR expr
          expr ::= * expr LT|GT|GE|LE expr
          expr ::= * expr EQ|NE expr
          expr ::= * expr BITAND|BITOR|LSHIFT|RSHIFT expr
          expr ::= * expr PLUS|MINUS expr
          expr ::= * expr STAR|SLASH|REM expr
          expr ::= * expr CONCAT expr
          expr ::= * expr likeop expr
          expr ::= * expr likeop expr ESCAPE expr
          expr ::= * expr ISNULL|NOTNULL
          expr ::= * expr NOT NULL
          expr ::= * expr IS expr
          expr ::= * expr IS NOT expr
          expr ::= * expr IS NOT DISTINCT FROM expr
          expr ::= * expr IS DISTINCT FROM expr
          expr ::= * NOT expr
          expr ::= NOT * expr
          expr ::= * BITNOT expr
          expr ::= * PLUS|MINUS expr
          expr ::= * expr PTR expr
          expr ::= * expr between_op expr AND expr
          expr ::= * expr in_op LP exprlist RP
          expr ::= * LP select RP
          expr ::= * expr in_op LP select RP
          expr ::= * expr in_op nm dbnm paren_exprlist
          expr ::= * EXISTS LP select RP
          expr ::= * CASE case_operand case_exprlist case_else END
          expr ::= * RAISE LP IGNORE RP
          expr ::= * RAISE LP raisetype COMMA expr RP
          term ::= * QNUMBER

                           NOT shift        124    
                        EXISTS shift        574    
                            LP shift        4      
                          CAST shift        577    
                            ID shift        454    
                         RAISE shift        571    
                      CTIME_KW shift-reduce 195    term ::= CTIME_KW
                          PLUS shift        122    
                         MINUS shift        122    
                        BITNOT shift        123    
                       INDEXED shift        454    
                        STRING shift        583    
                       JOIN_KW shift        454    
                          NULL shift-reduce 183    term ::= NULL|FLOAT|BLOB
                         FLOAT shift-reduce 183    term ::= NULL|FLOAT|BLOB
                          BLOB shift-reduce 183    term ::= NULL|FLOAT|BLOB
                       INTEGER shift-reduce 185    term ::= INTEGER
                      VARIABLE shift-reduce 186    expr ::= VARIABLE
                          CASE shift        36     
                       QNUMBER shift-reduce 343    term ::= QNUMBER
                            nm shift        582    
                          term shift        88       /* because term==expr */
                          expr shift        88     

State 125:
          nm ::= * ID|INDEXED|JOIN_KW
          nm ::= * STRING
          expr ::= * term
          expr ::= * LP expr RP
          expr ::= * ID|INDEXED|JOIN_KW
          expr ::= * nm DOT nm
          expr ::= * nm DOT nm DOT nm
          term ::= * NULL|FLOAT|BLOB
          term ::= * STRING
          term ::= * INTEGER
          expr ::= * VARIABLE
          expr ::= * expr COLLATE ID|STRING
          expr ::= * CAST LP expr AS typetoken RP
          expr ::= CAST LP * expr AS typetoken RP
          expr ::= * ID|INDEXED|JOIN_KW LP distinct exprlist RP
          expr ::= * ID|INDEXED|JOIN_KW LP distinct exprlist ORDER BY sortlist RP
          expr ::= * ID|INDEXED|JOIN_KW LP STAR RP
          expr ::= * ID|INDEXED|JOIN_KW LP distinct exprlist RP filter_over
          expr ::= * ID|INDEXED|JOIN_KW LP distinct exprlist ORDER BY sortlist RP filter_over
          expr ::= * ID|INDEXED|JOIN_KW LP STAR RP filter_over
          term ::= * CTIME_KW
          expr ::= * LP nexprlist COMMA expr RP
          expr ::= * expr AND expr
          expr ::= * expr OR expr
          expr ::= * expr LT|GT|GE|LE expr
          expr ::= * expr EQ|NE expr
          expr ::= * expr BITAND|BITOR|LSHIFT|RSHIFT expr
          expr ::= * expr PLUS|MINUS expr
          expr ::= * expr STAR|SLASH|REM expr
          expr ::= * expr CONCAT expr
          expr ::= * expr likeop expr
          expr ::= * expr likeop expr ESCAPE expr
          expr ::= * expr ISNULL|NOTNULL
          expr ::= * expr NOT NULL
          expr ::= * expr IS expr
          expr ::= * expr IS NOT expr
          expr ::= * expr IS NOT DISTINCT FROM expr
          expr ::= * expr IS DISTINCT FROM expr
          expr ::= * NOT expr
          expr ::= * BITNOT expr
          expr ::= * PLUS|MINUS expr
          expr ::= * expr PTR expr
          expr ::= * expr between_op expr AND expr
          expr ::= * expr in_op LP exprlist RP
          expr ::= * LP select RP
          expr ::= * expr in_op LP select RP
          expr ::= * expr in_op nm dbnm paren_exprlist
          expr ::= * EXISTS LP select RP
          expr ::= * CASE case_operand case_exprlist case_else END
          expr ::= * RAISE LP IGNORE RP
          expr ::= * RAISE LP raisetype COMMA expr RP
          term ::= * QNUMBER

                           NOT shift        124    
                        EXISTS shift        574    
                            LP shift        4      
                          CAST shift        577    
                            ID shift        454    
                         RAISE shift        571    
                      CTIME_KW shift-reduce 195    term ::= CTIME_KW
                          PLUS shift        122    
                         MINUS shift        122    
                        BITNOT shift        123    
                       INDEXED shift        454    
                        STRING shift        583    
                       JOIN_KW shift        454    
                          NULL shift-reduce 183    term ::= NULL|FLOAT|BLOB
                         FLOAT shift-reduce 183    term ::= NULL|FLOAT|BLOB
                          BLOB shift-reduce 183    term ::= NULL|FLOAT|BLOB
                       INTEGER shift-reduce 185    term ::= INTEGER
                      VARIABLE shift-reduce 186    expr ::= VARIABLE
                          CASE shift        36     
                       QNUMBER shift-reduce 343    term ::= QNUMBER
                            nm shift        582    
                          term shift        66       /* because term==expr */
                          expr shift        66     

State 126:
          nm ::= * ID|INDEXED|JOIN_KW
          nm ::= * STRING
          expr ::= * term
          expr ::= * LP expr RP
          expr ::= * ID|INDEXED|JOIN_KW
          expr ::= * nm DOT nm
          expr ::= * nm DOT nm DOT nm
          term ::= * NULL|FLOAT|BLOB
          term ::= * STRING
          term ::= * INTEGER
          expr ::= * VARIABLE
          expr ::= * expr COLLATE ID|STRING
          expr ::= * CAST LP expr AS typetoken RP
          expr ::= * ID|INDEXED|JOIN_KW LP distinct exprlist RP
          expr ::= * ID|INDEXED|JOIN_KW LP distinct exprlist ORDER BY sortlist RP
          expr ::= * ID|INDEXED|JOIN_KW LP STAR RP
          expr ::= * ID|INDEXED|JOIN_KW LP distinct exprlist RP filter_over
          expr ::= * ID|INDEXED|JOIN_KW LP distinct exprlist ORDER BY sortlist RP filter_over
          expr ::= * ID|INDEXED|JOIN_KW LP STAR RP filter_over
          term ::= * CTIME_KW
          expr ::= * LP nexprlist COMMA expr RP
          expr ::= * expr AND expr
          expr ::= * expr OR expr
          expr ::= * expr LT|GT|GE|LE expr
          expr ::= * expr EQ|NE expr
          expr ::= * expr BITAND|BITOR|LSHIFT|RSHIFT expr
          expr ::= * expr PLUS|MINUS expr
          expr ::= * expr STAR|SLASH|REM expr
          expr ::= * expr CONCAT expr
          expr ::= * expr likeop expr
          expr ::= * expr likeop expr ESCAPE expr
          expr ::= * expr ISNULL|NOTNULL
          expr ::= * expr NOT NULL
          expr ::= * expr IS expr
          expr ::= * expr IS NOT expr
          expr ::= * expr IS NOT DISTINCT FROM expr
          expr ::= * expr IS DISTINCT FROM expr
          expr ::= * NOT expr
          expr ::= * BITNOT expr
          expr ::= * PLUS|MINUS expr
          expr ::= * expr PTR expr
          expr ::= * expr between_op expr AND expr
          expr ::= * expr in_op LP exprlist RP
          expr ::= * LP select RP
          expr ::= * expr in_op LP select RP
          expr ::= * expr in_op nm dbnm paren_exprlist
          expr ::= * EXISTS LP select RP
          expr ::= * CASE case_operand case_exprlist case_else END
          nexprlist ::= nexprlist COMMA * expr
          expr ::= * RAISE LP IGNORE RP
          expr ::= * RAISE LP raisetype COMMA expr RP
          term ::= * QNUMBER

                           NOT shift        124    
                        EXISTS shift        574    
                            LP shift        4      
                          CAST shift        577    
                            ID shift        454    
                         RAISE shift        571    
                      CTIME_KW shift-reduce 195    term ::= CTIME_KW
                          PLUS shift        122    
                         MINUS shift        122    
                        BITNOT shift        123    
                       INDEXED shift        454    
                        STRING shift        583    
                       JOIN_KW shift        454    
                          NULL shift-reduce 183    term ::= NULL|FLOAT|BLOB
                         FLOAT shift-reduce 183    term ::= NULL|FLOAT|BLOB
                          BLOB shift-reduce 183    term ::= NULL|FLOAT|BLOB
                       INTEGER shift-reduce 185    term ::= INTEGER
                      VARIABLE shift-reduce 186    expr ::= VARIABLE
                          CASE shift        36     
                       QNUMBER shift-reduce 343    term ::= QNUMBER
                            nm shift        582    
                          term shift        84       /* because term==expr */
                          expr shift        84     

State 127:
          nm ::= * ID|INDEXED|JOIN_KW
          nm ::= * STRING
          expr ::= * term
          expr ::= * LP expr RP
          expr ::= * ID|INDEXED|JOIN_KW
          expr ::= * nm DOT nm
          expr ::= * nm DOT nm DOT nm
          term ::= * NULL|FLOAT|BLOB
          term ::= * STRING
          term ::= * INTEGER
          expr ::= * VARIABLE
          expr ::= * expr COLLATE ID|STRING
          expr ::= * CAST LP expr AS typetoken RP
          expr ::= * ID|INDEXED|JOIN_KW LP distinct exprlist RP
          expr ::= * ID|INDEXED|JOIN_KW LP distinct exprlist ORDER BY sortlist RP
          expr ::= * ID|INDEXED|JOIN_KW LP STAR RP
          expr ::= * ID|INDEXED|JOIN_KW LP distinct exprlist RP filter_over
          expr ::= * ID|INDEXED|JOIN_KW LP distinct exprlist ORDER BY sortlist RP filter_over
          expr ::= * ID|INDEXED|JOIN_KW LP STAR RP filter_over
          term ::= * CTIME_KW
          expr ::= * LP nexprlist COMMA expr RP
          expr ::= * expr AND expr
          expr ::= expr AND * expr
          expr ::= * expr OR expr
          expr ::= * expr LT|GT|GE|LE expr
          expr ::= * expr EQ|NE expr
          expr ::= * expr BITAND|BITOR|LSHIFT|RSHIFT expr
          expr ::= * expr PLUS|MINUS expr
          expr ::= * expr STAR|SLASH|REM expr
          expr ::= * expr CONCAT expr
          expr ::= * expr likeop expr
          expr ::= * expr likeop expr ESCAPE expr
          expr ::= * expr ISNULL|NOTNULL
          expr ::= * expr NOT NULL
          expr ::= * expr IS expr
          expr ::= * expr IS NOT expr
          expr ::= * expr IS NOT DISTINCT FROM expr
          expr ::= * expr IS DISTINCT FROM expr
          expr ::= * NOT expr
          expr ::= * BITNOT expr
          expr ::= * PLUS|MINUS expr
          expr ::= * expr PTR expr
          expr ::= * expr between_op expr AND expr
          expr ::= expr between_op expr AND * expr
          expr ::= * expr in_op LP exprlist RP
          expr ::= * LP select RP
          expr ::= * expr in_op LP select RP
          expr ::= * expr in_op nm dbnm paren_exprlist
          expr ::= * EXISTS LP select RP
          expr ::= * CASE case_operand case_exprlist case_else END
          expr ::= * RAISE LP IGNORE RP
          expr ::= * RAISE LP raisetype COMMA expr RP
          term ::= * QNUMBER

                           NOT shift        124    
                        EXISTS shift        574    
                            LP shift        4      
                          CAST shift        577    
                            ID shift        454    
                         RAISE shift        571    
                      CTIME_KW shift-reduce 195    term ::= CTIME_KW
                          PLUS shift        122    
                         MINUS shift        122    
                        BITNOT shift        123    
                       INDEXED shift        454    
                        STRING shift        583    
                       JOIN_KW shift        454    
                          NULL shift-reduce 183    term ::= NULL|FLOAT|BLOB
                         FLOAT shift-reduce 183    term ::= NULL|FLOAT|BLOB
                          BLOB shift-reduce 183    term ::= NULL|FLOAT|BLOB
                       INTEGER shift-reduce 185    term ::= INTEGER
                      VARIABLE shift-reduce 186    expr ::= VARIABLE
                          CASE shift        36     
                       QNUMBER shift-reduce 343    term ::= QNUMBER
                            nm shift        582    
                          term shift        147      /* because term==expr */
                          expr shift        147    

State 128:
          nm ::= * ID|INDEXED|JOIN_KW
          nm ::= * STRING
          expr ::= * term
          expr ::= * LP expr RP
          expr ::= * ID|INDEXED|JOIN_KW
          expr ::= * nm DOT nm
          expr ::= * nm DOT nm DOT nm
          term ::= * NULL|FLOAT|BLOB
          term ::= * STRING
          term ::= * INTEGER
          expr ::= * VARIABLE
          expr ::= * expr COLLATE ID|STRING
          expr ::= * CAST LP expr AS typetoken RP
          expr ::= * ID|INDEXED|JOIN_KW LP distinct exprlist RP
          expr ::= * ID|INDEXED|JOIN_KW LP distinct exprlist ORDER BY sortlist RP
          expr ::= * ID|INDEXED|JOIN_KW LP STAR RP
          expr ::= * ID|INDEXED|JOIN_KW LP distinct exprlist RP filter_over
          expr ::= * ID|INDEXED|JOIN_KW LP distinct exprlist ORDER BY sortlist RP filter_over
          expr ::= * ID|INDEXED|JOIN_KW LP STAR RP filter_over
          term ::= * CTIME_KW
          expr ::= * LP nexprlist COMMA expr RP
          expr ::= * expr AND expr
          expr ::= * expr OR expr
          expr ::= * expr LT|GT|GE|LE expr
          expr ::= * expr EQ|NE expr
          expr ::= * expr BITAND|BITOR|LSHIFT|RSHIFT expr
          expr ::= * expr PLUS|MINUS expr
          expr ::= * expr STAR|SLASH|REM expr
          expr ::= * expr CONCAT expr
          expr ::= * expr likeop expr
          expr ::= * expr likeop expr ESCAPE expr
          expr ::= * expr ISNULL|NOTNULL
          expr ::= * expr NOT NULL
          expr ::= * expr IS expr
          expr ::= * expr IS NOT expr
          expr ::= * expr IS NOT DISTINCT FROM expr
          expr ::= * expr IS DISTINCT FROM expr
          expr ::= * NOT expr
          expr ::= * BITNOT expr
          expr ::= * PLUS|MINUS expr
          expr ::= * expr PTR expr
          expr ::= * expr between_op expr AND expr
          expr ::= expr between_op * expr AND expr
          expr ::= * expr in_op LP exprlist RP
          expr ::= * LP select RP
          expr ::= * expr in_op LP select RP
          expr ::= * expr in_op nm dbnm paren_exprlist
          expr ::= * EXISTS LP select RP
          expr ::= * CASE case_operand case_exprlist case_else END
          expr ::= * RAISE LP IGNORE RP
          expr ::= * RAISE LP raisetype COMMA expr RP
          term ::= * QNUMBER

                           NOT shift        124    
                        EXISTS shift        574    
                            LP shift        4      
                          CAST shift        577    
                            ID shift        454    
                         RAISE shift        571    
                      CTIME_KW shift-reduce 195    term ::= CTIME_KW
                          PLUS shift        122    
                         MINUS shift        122    
                        BITNOT shift        123    
                       INDEXED shift        454    
                        STRING shift        583    
                       JOIN_KW shift        454    
                          NULL shift-reduce 183    term ::= NULL|FLOAT|BLOB
                         FLOAT shift-reduce 183    term ::= NULL|FLOAT|BLOB
                          BLOB shift-reduce 183    term ::= NULL|FLOAT|BLOB
                       INTEGER shift-reduce 185    term ::= INTEGER
                      VARIABLE shift-reduce 186    expr ::= VARIABLE
                          CASE shift        36     
                       QNUMBER shift-reduce 343    term ::= QNUMBER
                            nm shift        582    
                          term shift        85       /* because term==expr */
                          expr shift        85     

State 129:
          nm ::= * ID|INDEXED|JOIN_KW
          nm ::= * STRING
          expr ::= * term
          expr ::= * LP expr RP
          expr ::= * ID|INDEXED|JOIN_KW
          expr ::= * nm DOT nm
          expr ::= * nm DOT nm DOT nm
          term ::= * NULL|FLOAT|BLOB
          term ::= * STRING
          term ::= * INTEGER
          expr ::= * VARIABLE
          expr ::= * expr COLLATE ID|STRING
          expr ::= * CAST LP expr AS typetoken RP
          expr ::= * ID|INDEXED|JOIN_KW LP distinct exprlist RP
          expr ::= * ID|INDEXED|JOIN_KW LP distinct exprlist ORDER BY sortlist RP
          expr ::= * ID|INDEXED|JOIN_KW LP STAR RP
          expr ::= * ID|INDEXED|JOIN_KW LP distinct exprlist RP filter_over
          expr ::= * ID|INDEXED|JOIN_KW LP distinct exprlist ORDER BY sortlist RP filter_over
          expr ::= * ID|INDEXED|JOIN_KW LP STAR RP filter_over
          term ::= * CTIME_KW
          expr ::= * LP nexprlist COMMA expr RP
          expr ::= * expr AND expr
          expr ::= * expr OR expr
          expr ::= * expr LT|GT|GE|LE expr
          expr ::= * expr EQ|NE expr
          expr ::= * expr BITAND|BITOR|LSHIFT|RSHIFT expr
          expr ::= * expr PLUS|MINUS expr
          expr ::= * expr STAR|SLASH|REM expr
          expr ::= * expr CONCAT expr
          expr ::= * expr likeop expr
          expr ::= * expr likeop expr ESCAPE expr
          expr ::= * expr ISNULL|NOTNULL
          expr ::= * expr NOT NULL
          expr ::= * expr IS expr
          expr ::= * expr IS NOT expr
          expr ::= * expr IS NOT DISTINCT FROM expr
          expr ::= * expr IS DISTINCT FROM expr
          expr ::= * NOT expr
          expr ::= * BITNOT expr
          expr ::= * PLUS|MINUS expr
          expr ::= * expr PTR expr
          expr ::= expr PTR * expr
          expr ::= * expr between_op expr AND expr
          expr ::= * expr in_op LP exprlist RP
          expr ::= * LP select RP
          expr ::= * expr in_op LP select RP
          expr ::= * expr in_op nm dbnm paren_exprlist
          expr ::= * EXISTS LP select RP
          expr ::= * CASE case_operand case_exprlist case_else END
          expr ::= * RAISE LP IGNORE RP
          expr ::= * RAISE LP raisetype COMMA expr RP
          term ::= * QNUMBER

                           NOT shift        124    
                        EXISTS shift        574    
                            LP shift        4      
                          CAST shift        577    
                            ID shift        454    
                         RAISE shift        571    
                      CTIME_KW shift-reduce 195    term ::= CTIME_KW
                          PLUS shift        122    
                         MINUS shift        122    
                        BITNOT shift        123    
                       INDEXED shift        454    
                        STRING shift        583    
                       JOIN_KW shift        454    
                          NULL shift-reduce 183    term ::= NULL|FLOAT|BLOB
                         FLOAT shift-reduce 183    term ::= NULL|FLOAT|BLOB
                          BLOB shift-reduce 183    term ::= NULL|FLOAT|BLOB
                       INTEGER shift-reduce 185    term ::= INTEGER
                      VARIABLE shift-reduce 186    expr ::= VARIABLE
                          CASE shift        36     
                       QNUMBER shift-reduce 343    term ::= QNUMBER
                            nm shift        582    
                          term shift        169      /* because term==expr */
                          expr shift        169    

State 130:
          nm ::= * ID|INDEXED|JOIN_KW
          nm ::= * STRING
          expr ::= * term
          expr ::= * LP expr RP
          expr ::= * ID|INDEXED|JOIN_KW
          expr ::= * nm DOT nm
          expr ::= * nm DOT nm DOT nm
          term ::= * NULL|FLOAT|BLOB
          term ::= * STRING
          term ::= * INTEGER
          expr ::= * VARIABLE
          expr ::= * expr COLLATE ID|STRING
          expr ::= * CAST LP expr AS typetoken RP
          expr ::= * ID|INDEXED|JOIN_KW LP distinct exprlist RP
          expr ::= * ID|INDEXED|JOIN_KW LP distinct exprlist ORDER BY sortlist RP
          expr ::= * ID|INDEXED|JOIN_KW LP STAR RP
          expr ::= * ID|INDEXED|JOIN_KW LP distinct exprlist RP filter_over
          expr ::= * ID|INDEXED|JOIN_KW LP distinct exprlist ORDER BY sortlist RP filter_over
          expr ::= * ID|INDEXED|JOIN_KW LP STAR RP filter_over
          term ::= * CTIME_KW
          expr ::= * LP nexprlist COMMA expr RP
          expr ::= * expr AND expr
          expr ::= * expr OR expr
          expr ::= * expr LT|GT|GE|LE expr
          expr ::= * expr EQ|NE expr
          expr ::= * expr BITAND|BITOR|LSHIFT|RSHIFT expr
          expr ::= * expr PLUS|MINUS expr
          expr ::= * expr STAR|SLASH|REM expr
          expr ::= * expr CONCAT expr
          expr ::= * expr likeop expr
          expr ::= * expr likeop expr ESCAPE expr
          expr ::= expr likeop expr ESCAPE * expr
          expr ::= * expr ISNULL|NOTNULL
          expr ::= * expr NOT NULL
          expr ::= * expr IS expr
          expr ::= * expr IS NOT expr
          expr ::= * expr IS NOT DISTINCT FROM expr
          expr ::= * expr IS DISTINCT FROM expr
          expr ::= * NOT expr
          expr ::= * BITNOT expr
          expr ::= * PLUS|MINUS expr
          expr ::= * expr PTR expr
          expr ::= * expr between_op expr AND expr
          expr ::= * expr in_op LP exprlist RP
          expr ::= * LP select RP
          expr ::= * expr in_op LP select RP
          expr ::= * expr in_op nm dbnm paren_exprlist
          expr ::= * EXISTS LP select RP
          expr ::= * CASE case_operand case_exprlist case_else END
          expr ::= * RAISE LP IGNORE RP
          expr ::= * RAISE LP raisetype COMMA expr RP
          term ::= * QNUMBER

                           NOT shift        124    
                        EXISTS shift        574    
                            LP shift        4      
                          CAST shift        577    
                            ID shift        454    
                         RAISE shift        571    
                      CTIME_KW shift-reduce 195    term ::= CTIME_KW
                          PLUS shift        122    
                         MINUS shift        122    
                        BITNOT shift        123    
                       INDEXED shift        454    
                        STRING shift        583    
                       JOIN_KW shift        454    
                          NULL shift-reduce 183    term ::= NULL|FLOAT|BLOB
                         FLOAT shift-reduce 183    term ::= NULL|FLOAT|BLOB
                          BLOB shift-reduce 183    term ::= NULL|FLOAT|BLOB
                       INTEGER shift-reduce 185    term ::= INTEGER
                      VARIABLE shift-reduce 186    expr ::= VARIABLE
                          CASE shift        36     
                       QNUMBER shift-reduce 343    term ::= QNUMBER
                            nm shift        582    
                          term shift        149      /* because term==expr */
                          expr shift        149    

State 131:
          nm ::= * ID|INDEXED|JOIN_KW
          nm ::= * STRING
          expr ::= * term
          expr ::= * LP expr RP
          expr ::= * ID|INDEXED|JOIN_KW
          expr ::= * nm DOT nm
          expr ::= * nm DOT nm DOT nm
          term ::= * NULL|FLOAT|BLOB
          term ::= * STRING
          term ::= * INTEGER
          expr ::= * VARIABLE
          expr ::= * expr COLLATE ID|STRING
          expr ::= * CAST LP expr AS typetoken RP
          expr ::= * ID|INDEXED|JOIN_KW LP distinct exprlist RP
          expr ::= * ID|INDEXED|JOIN_KW LP distinct exprlist ORDER BY sortlist RP
          expr ::= * ID|INDEXED|JOIN_KW LP STAR RP
          expr ::= * ID|INDEXED|JOIN_KW LP distinct exprlist RP filter_over
          expr ::= * ID|INDEXED|JOIN_KW LP distinct exprlist ORDER BY sortlist RP filter_over
          expr ::= * ID|INDEXED|JOIN_KW LP STAR RP filter_over
          term ::= * CTIME_KW
          expr ::= * LP nexprlist COMMA expr RP
          expr ::= * expr AND expr
          expr ::= * expr OR expr
          expr ::= * expr LT|GT|GE|LE expr
          expr ::= * expr EQ|NE expr
          expr ::= * expr BITAND|BITOR|LSHIFT|RSHIFT expr
          expr ::= * expr PLUS|MINUS expr
          expr ::= * expr STAR|SLASH|REM expr
          expr ::= * expr CONCAT expr
          expr ::= * expr likeop expr
          expr ::= expr likeop * expr
          expr ::= * expr likeop expr ESCAPE expr
          expr ::= expr likeop * expr ESCAPE expr
          expr ::= * expr ISNULL|NOTNULL
          expr ::= * expr NOT NULL
          expr ::= * expr IS expr
          expr ::= * expr IS NOT expr
          expr ::= * expr IS NOT DISTINCT FROM expr
          expr ::= * expr IS DISTINCT FROM expr
          expr ::= * NOT expr
          expr ::= * BITNOT expr
          expr ::= * PLUS|MINUS expr
          expr ::= * expr PTR expr
          expr ::= * expr between_op expr AND expr
          expr ::= * expr in_op LP exprlist RP
          expr ::= * LP select RP
          expr ::= * expr in_op LP select RP
          expr ::= * expr in_op nm dbnm paren_exprlist
          expr ::= * EXISTS LP select RP
          expr ::= * CASE case_operand case_exprlist case_else END
          expr ::= * RAISE LP IGNORE RP
          expr ::= * RAISE LP raisetype COMMA expr RP
          term ::= * QNUMBER

                           NOT shift        124    
                        EXISTS shift        574    
                            LP shift        4      
                          CAST shift        577    
                            ID shift        454    
                         RAISE shift        571    
                      CTIME_KW shift-reduce 195    term ::= CTIME_KW
                          PLUS shift        122    
                         MINUS shift        122    
                        BITNOT shift        123    
                       INDEXED shift        454    
                        STRING shift        583    
                       JOIN_KW shift        454    
                          NULL shift-reduce 183    term ::= NULL|FLOAT|BLOB
                         FLOAT shift-reduce 183    term ::= NULL|FLOAT|BLOB
                          BLOB shift-reduce 183    term ::= NULL|FLOAT|BLOB
                       INTEGER shift-reduce 185    term ::= INTEGER
                      VARIABLE shift-reduce 186    expr ::= VARIABLE
                          CASE shift        36     
                       QNUMBER shift-reduce 343    term ::= QNUMBER
                            nm shift        582    
                          term shift        143      /* because term==expr */
                          expr shift        143    

State 132:
          nm ::= * ID|INDEXED|JOIN_KW
          nm ::= * STRING
          expr ::= * term
          expr ::= * LP expr RP
          expr ::= * ID|INDEXED|JOIN_KW
          expr ::= * nm DOT nm
          expr ::= * nm DOT nm DOT nm
          term ::= * NULL|FLOAT|BLOB
          term ::= * STRING
          term ::= * INTEGER
          expr ::= * VARIABLE
          expr ::= * expr COLLATE ID|STRING
          expr ::= * CAST LP expr AS typetoken RP
          expr ::= * ID|INDEXED|JOIN_KW LP distinct exprlist RP
          expr ::= * ID|INDEXED|JOIN_KW LP distinct exprlist ORDER BY sortlist RP
          expr ::= * ID|INDEXED|JOIN_KW LP STAR RP
          expr ::= * ID|INDEXED|JOIN_KW LP distinct exprlist RP filter_over
          expr ::= * ID|INDEXED|JOIN_KW LP distinct exprlist ORDER BY sortlist RP filter_over
          expr ::= * ID|INDEXED|JOIN_KW LP STAR RP filter_over
          term ::= * CTIME_KW
          expr ::= * LP nexprlist COMMA expr RP
          expr ::= * expr AND expr
          expr ::= * expr OR expr
          expr ::= * expr LT|GT|GE|LE expr
          expr ::= * expr EQ|NE expr
          expr ::= * expr BITAND|BITOR|LSHIFT|RSHIFT expr
          expr ::= * expr PLUS|MINUS expr
          expr ::= * expr STAR|SLASH|REM expr
          expr ::= * expr CONCAT expr
          expr ::= expr CONCAT * expr
          expr ::= * expr likeop expr
          expr ::= * expr likeop expr ESCAPE expr
          expr ::= * expr ISNULL|NOTNULL
          expr ::= * expr NOT NULL
          expr ::= * expr IS expr
          expr ::= * expr IS NOT expr
          expr ::= * expr IS NOT DISTINCT FROM expr
          expr ::= * expr IS DISTINCT FROM expr
          expr ::= * NOT expr
          expr ::= * BITNOT expr
          expr ::= * PLUS|MINUS expr
          expr ::= * expr PTR expr
          expr ::= * expr between_op expr AND expr
          expr ::= * expr in_op LP exprlist RP
          expr ::= * LP select RP
          expr ::= * expr in_op LP select RP
          expr ::= * expr in_op nm dbnm paren_exprlist
          expr ::= * EXISTS LP select RP
          expr ::= * CASE case_operand case_exprlist case_else END
          expr ::= * RAISE LP IGNORE RP
          expr ::= * RAISE LP raisetype COMMA expr RP
          term ::= * QNUMBER

                           NOT shift        124    
                        EXISTS shift        574    
                            LP shift        4      
                          CAST shift        577    
                            ID shift        454    
                         RAISE shift        571    
                      CTIME_KW shift-reduce 195    term ::= CTIME_KW
                          PLUS shift        122    
                         MINUS shift        122    
                        BITNOT shift        123    
                       INDEXED shift        454    
                        STRING shift        583    
                       JOIN_KW shift        454    
                          NULL shift-reduce 183    term ::= NULL|FLOAT|BLOB
                         FLOAT shift-reduce 183    term ::= NULL|FLOAT|BLOB
                          BLOB shift-reduce 183    term ::= NULL|FLOAT|BLOB
                       INTEGER shift-reduce 185    term ::= INTEGER
                      VARIABLE shift-reduce 186    expr ::= VARIABLE
                          CASE shift        36     
                       QNUMBER shift-reduce 343    term ::= QNUMBER
                            nm shift        582    
                          term shift        170      /* because term==expr */
                          expr shift        170    

State 133:
          nm ::= * ID|INDEXED|JOIN_KW
          nm ::= * STRING
          expr ::= * term
          expr ::= * LP expr RP
          expr ::= * ID|INDEXED|JOIN_KW
          expr ::= * nm DOT nm
          expr ::= * nm DOT nm DOT nm
          term ::= * NULL|FLOAT|BLOB
          term ::= * STRING
          term ::= * INTEGER
          expr ::= * VARIABLE
          expr ::= * expr COLLATE ID|STRING
          expr ::= * CAST LP expr AS typetoken RP
          expr ::= * ID|INDEXED|JOIN_KW LP distinct exprlist RP
          expr ::= * ID|INDEXED|JOIN_KW LP distinct exprlist ORDER BY sortlist RP
          expr ::= * ID|INDEXED|JOIN_KW LP STAR RP
          expr ::= * ID|INDEXED|JOIN_KW LP distinct exprlist RP filter_over
          expr ::= * ID|INDEXED|JOIN_KW LP distinct exprlist ORDER BY sortlist RP filter_over
          expr ::= * ID|INDEXED|JOIN_KW LP STAR RP filter_over
          term ::= * CTIME_KW
          expr ::= * LP nexprlist COMMA expr RP
          expr ::= * expr AND expr
          expr ::= * expr OR expr
          expr ::= * expr LT|GT|GE|LE expr
          expr ::= * expr EQ|NE expr
          expr ::= * expr BITAND|BITOR|LSHIFT|RSHIFT expr
          expr ::= * expr PLUS|MINUS expr
          expr ::= * expr STAR|SLASH|REM expr
          expr ::= expr STAR|SLASH|REM * expr
          expr ::= * expr CONCAT expr
          expr ::= * expr likeop expr
          expr ::= * expr likeop expr ESCAPE expr
          expr ::= * expr ISNULL|NOTNULL
          expr ::= * expr NOT NULL
          expr ::= * expr IS expr
          expr ::= * expr IS NOT expr
          expr ::= * expr IS NOT DISTINCT FROM expr
          expr ::= * expr IS DISTINCT FROM expr
          expr ::= * NOT expr
          expr ::= * BITNOT expr
          expr ::= * PLUS|MINUS expr
          expr ::= * expr PTR expr
          expr ::= * expr between_op expr AND expr
          expr ::= * expr in_op LP exprlist RP
          expr ::= * LP select RP
          expr ::= * expr in_op LP select RP
          expr ::= * expr in_op nm dbnm paren_exprlist
          expr ::= * EXISTS LP select RP
          expr ::= * CASE case_operand case_exprlist case_else END
          expr ::= * RAISE LP IGNORE RP
          expr ::= * RAISE LP raisetype COMMA expr RP
          term ::= * QNUMBER

                           NOT shift        124    
                        EXISTS shift        574    
                            LP shift        4      
                          CAST shift        577    
                            ID shift        454    
                         RAISE shift        571    
                      CTIME_KW shift-reduce 195    term ::= CTIME_KW
                          PLUS shift        122    
                         MINUS shift        122    
                        BITNOT shift        123    
                       INDEXED shift        454    
                        STRING shift        583    
                       JOIN_KW shift        454    
                          NULL shift-reduce 183    term ::= NULL|FLOAT|BLOB
                         FLOAT shift-reduce 183    term ::= NULL|FLOAT|BLOB
                          BLOB shift-reduce 183    term ::= NULL|FLOAT|BLOB
                       INTEGER shift-reduce 185    term ::= INTEGER
                      VARIABLE shift-reduce 186    expr ::= VARIABLE
                          CASE shift        36     
                       QNUMBER shift-reduce 343    term ::= QNUMBER
                            nm shift        582    
                          term shift        163      /* because term==expr */
                          expr shift        163    

State 134:
          nm ::= * ID|INDEXED|JOIN_KW
          nm ::= * STRING
          expr ::= * term
          expr ::= * LP expr RP
          expr ::= * ID|INDEXED|JOIN_KW
          expr ::= * nm DOT nm
          expr ::= * nm DOT nm DOT nm
          term ::= * NULL|FLOAT|BLOB
          term ::= * STRING
          term ::= * INTEGER
          expr ::= * VARIABLE
          expr ::= * expr COLLATE ID|STRING
          expr ::= * CAST LP expr AS typetoken RP
          expr ::= * ID|INDEXED|JOIN_KW LP distinct exprlist RP
          expr ::= * ID|INDEXED|JOIN_KW LP distinct exprlist ORDER BY sortlist RP
          expr ::= * ID|INDEXED|JOIN_KW LP STAR RP
          expr ::= * ID|INDEXED|JOIN_KW LP distinct exprlist RP filter_over
          expr ::= * ID|INDEXED|JOIN_KW LP distinct exprlist ORDER BY sortlist RP filter_over
          expr ::= * ID|INDEXED|JOIN_KW LP STAR RP filter_over
          term ::= * CTIME_KW
          expr ::= * LP nexprlist COMMA expr RP
          expr ::= * expr AND expr
          expr ::= * expr OR expr
          expr ::= * expr LT|GT|GE|LE expr
          expr ::= * expr EQ|NE expr
          expr ::= * expr BITAND|BITOR|LSHIFT|RSHIFT expr
          expr ::= * expr PLUS|MINUS expr
          expr ::= expr PLUS|MINUS * expr
          expr ::= * expr STAR|SLASH|REM expr
          expr ::= * expr CONCAT expr
          expr ::= * expr likeop expr
          expr ::= * expr likeop expr ESCAPE expr
          expr ::= * expr ISNULL|NOTNULL
          expr ::= * expr NOT NULL
          expr ::= * expr IS expr
          expr ::= * expr IS NOT expr
          expr ::= * expr IS NOT DISTINCT FROM expr
          expr ::= * expr IS DISTINCT FROM expr
          expr ::= * NOT expr
          expr ::= * BITNOT expr
          expr ::= * PLUS|MINUS expr
          expr ::= * expr PTR expr
          expr ::= * expr between_op expr AND expr
          expr ::= * expr in_op LP exprlist RP
          expr ::= * LP select RP
          expr ::= * expr in_op LP select RP
          expr ::= * expr in_op nm dbnm paren_exprlist
          expr ::= * EXISTS LP select RP
          expr ::= * CASE case_operand case_exprlist case_else END
          expr ::= * RAISE LP IGNORE RP
          expr ::= * RAISE LP raisetype COMMA expr RP
          term ::= * QNUMBER

                           NOT shift        124    
                        EXISTS shift        574    
                            LP shift        4      
                          CAST shift        577    
                            ID shift        454    
                         RAISE shift        571    
                      CTIME_KW shift-reduce 195    term ::= CTIME_KW
                          PLUS shift        122    
                         MINUS shift        122    
                        BITNOT shift        123    
                       INDEXED shift        454    
                        STRING shift        583    
                       JOIN_KW shift        454    
                          NULL shift-reduce 183    term ::= NULL|FLOAT|BLOB
                         FLOAT shift-reduce 183    term ::= NULL|FLOAT|BLOB
                          BLOB shift-reduce 183    term ::= NULL|FLOAT|BLOB
                       INTEGER shift-reduce 185    term ::= INTEGER
                      VARIABLE shift-reduce 186    expr ::= VARIABLE
                          CASE shift        36     
                       QNUMBER shift-reduce 343    term ::= QNUMBER
                            nm shift        582    
                          term shift        153      /* because term==expr */
                          expr shift        153    

State 135:
          nm ::= * ID|INDEXED|JOIN_KW
          nm ::= * STRING
          expr ::= * term
          expr ::= * LP expr RP
          expr ::= * ID|INDEXED|JOIN_KW
          expr ::= * nm DOT nm
          expr ::= * nm DOT nm DOT nm
          term ::= * NULL|FLOAT|BLOB
          term ::= * STRING
          term ::= * INTEGER
          expr ::= * VARIABLE
          expr ::= * expr COLLATE ID|STRING
          expr ::= * CAST LP expr AS typetoken RP
          expr ::= * ID|INDEXED|JOIN_KW LP distinct exprlist RP
          expr ::= * ID|INDEXED|JOIN_KW LP distinct exprlist ORDER BY sortlist RP
          expr ::= * ID|INDEXED|JOIN_KW LP STAR RP
          expr ::= * ID|INDEXED|JOIN_KW LP distinct exprlist RP filter_over
          expr ::= * ID|INDEXED|JOIN_KW LP distinct exprlist ORDER BY sortlist RP filter_over
          expr ::= * ID|INDEXED|JOIN_KW LP STAR RP filter_over
          term ::= * CTIME_KW
          expr ::= * LP nexprlist COMMA expr RP
          expr ::= * expr AND expr
          expr ::= * expr OR expr
          expr ::= * expr LT|GT|GE|LE expr
          expr ::= * expr EQ|NE expr
          expr ::= * expr BITAND|BITOR|LSHIFT|RSHIFT expr
          expr ::= expr BITAND|BITOR|LSHIFT|RSHIFT * expr
          expr ::= * expr PLUS|MINUS expr
          expr ::= * expr STAR|SLASH|REM expr
          expr ::= * expr CONCAT expr
          expr ::= * expr likeop expr
          expr ::= * expr likeop expr ESCAPE expr
          expr ::= * expr ISNULL|NOTNULL
          expr ::= * expr NOT NULL
          expr ::= * expr IS expr
          expr ::= * expr IS NOT expr
          expr ::= * expr IS NOT DISTINCT FROM expr
          expr ::= * expr IS DISTINCT FROM expr
          expr ::= * NOT expr
          expr ::= * BITNOT expr
          expr ::= * PLUS|MINUS expr
          expr ::= * expr PTR expr
          expr ::= * expr between_op expr AND expr
          expr ::= * expr in_op LP exprlist RP
          expr ::= * LP select RP
          expr ::= * expr in_op LP select RP
          expr ::= * expr in_op nm dbnm paren_exprlist
          expr ::= * EXISTS LP select RP
          expr ::= * CASE case_operand case_exprlist case_else END
          expr ::= * RAISE LP IGNORE RP
          expr ::= * RAISE LP raisetype COMMA expr RP
          term ::= * QNUMBER

                           NOT shift        124    
                        EXISTS shift        574    
                            LP shift        4      
                          CAST shift        577    
                            ID shift        454    
                         RAISE shift        571    
                      CTIME_KW shift-reduce 195    term ::= CTIME_KW
                          PLUS shift        122    
                         MINUS shift        122    
                        BITNOT shift        123    
                       INDEXED shift        454    
                        STRING shift        583    
                       JOIN_KW shift        454    
                          NULL shift-reduce 183    term ::= NULL|FLOAT|BLOB
                         FLOAT shift-reduce 183    term ::= NULL|FLOAT|BLOB
                          BLOB shift-reduce 183    term ::= NULL|FLOAT|BLOB
                       INTEGER shift-reduce 185    term ::= INTEGER
                      VARIABLE shift-reduce 186    expr ::= VARIABLE
                          CASE shift        36     
                       QNUMBER shift-reduce 343    term ::= QNUMBER
                            nm shift        582    
                          term shift        152      /* because term==expr */
                          expr shift        152    

State 136:
          nm ::= * ID|INDEXED|JOIN_KW
          nm ::= * STRING
          expr ::= * term
          expr ::= * LP expr RP
          expr ::= * ID|INDEXED|JOIN_KW
          expr ::= * nm DOT nm
          expr ::= * nm DOT nm DOT nm
          term ::= * NULL|FLOAT|BLOB
          term ::= * STRING
          term ::= * INTEGER
          expr ::= * VARIABLE
          expr ::= * expr COLLATE ID|STRING
          expr ::= * CAST LP expr AS typetoken RP
          expr ::= * ID|INDEXED|JOIN_KW LP distinct exprlist RP
          expr ::= * ID|INDEXED|JOIN_KW LP distinct exprlist ORDER BY sortlist RP
          expr ::= * ID|INDEXED|JOIN_KW LP STAR RP
          expr ::= * ID|INDEXED|JOIN_KW LP distinct exprlist RP filter_over
          expr ::= * ID|INDEXED|JOIN_KW LP distinct exprlist ORDER BY sortlist RP filter_over
          expr ::= * ID|INDEXED|JOIN_KW LP STAR RP filter_over
          term ::= * CTIME_KW
          expr ::= * LP nexprlist COMMA expr RP
          expr ::= * expr AND expr
          expr ::= * expr OR expr
          expr ::= * expr LT|GT|GE|LE expr
          expr ::= * expr EQ|NE expr
          expr ::= expr EQ|NE * expr
          expr ::= * expr BITAND|BITOR|LSHIFT|RSHIFT expr
          expr ::= * expr PLUS|MINUS expr
          expr ::= * expr STAR|SLASH|REM expr
          expr ::= * expr CONCAT expr
          expr ::= * expr likeop expr
          expr ::= * expr likeop expr ESCAPE expr
          expr ::= * expr ISNULL|NOTNULL
          expr ::= * expr NOT NULL
          expr ::= * expr IS expr
          expr ::= * expr IS NOT expr
          expr ::= * expr IS NOT DISTINCT FROM expr
          expr ::= * expr IS DISTINCT FROM expr
          expr ::= * NOT expr
          expr ::= * BITNOT expr
          expr ::= * PLUS|MINUS expr
          expr ::= * expr PTR expr
          expr ::= * expr between_op expr AND expr
          expr ::= * expr in_op LP exprlist RP
          expr ::= * LP select RP
          expr ::= * expr in_op LP select RP
          expr ::= * expr in_op nm dbnm paren_exprlist
          expr ::= * EXISTS LP select RP
          expr ::= * CASE case_operand case_exprlist case_else END
          expr ::= * RAISE LP IGNORE RP
          expr ::= * RAISE LP raisetype COMMA expr RP
          term ::= * QNUMBER

                           NOT shift        124    
                        EXISTS shift        574    
                            LP shift        4      
                          CAST shift        577    
                            ID shift        454    
                         RAISE shift        571    
                      CTIME_KW shift-reduce 195    term ::= CTIME_KW
                          PLUS shift        122    
                         MINUS shift        122    
                        BITNOT shift        123    
                       INDEXED shift        454    
                        STRING shift        583    
                       JOIN_KW shift        454    
                          NULL shift-reduce 183    term ::= NULL|FLOAT|BLOB
                         FLOAT shift-reduce 183    term ::= NULL|FLOAT|BLOB
                          BLOB shift-reduce 183    term ::= NULL|FLOAT|BLOB
                       INTEGER shift-reduce 185    term ::= INTEGER
                      VARIABLE shift-reduce 186    expr ::= VARIABLE
                          CASE shift        36     
                       QNUMBER shift-reduce 343    term ::= QNUMBER
                            nm shift        582    
                          term shift        150      /* because term==expr */
                          expr shift        150    

State 137:
          nm ::= * ID|INDEXED|JOIN_KW
          nm ::= * STRING
          expr ::= * term
          expr ::= * LP expr RP
          expr ::= * ID|INDEXED|JOIN_KW
          expr ::= * nm DOT nm
          expr ::= * nm DOT nm DOT nm
          term ::= * NULL|FLOAT|BLOB
          term ::= * STRING
          term ::= * INTEGER
          expr ::= * VARIABLE
          expr ::= * expr COLLATE ID|STRING
          expr ::= * CAST LP expr AS typetoken RP
          expr ::= * ID|INDEXED|JOIN_KW LP distinct exprlist RP
          expr ::= * ID|INDEXED|JOIN_KW LP distinct exprlist ORDER BY sortlist RP
          expr ::= * ID|INDEXED|JOIN_KW LP STAR RP
          expr ::= * ID|INDEXED|JOIN_KW LP distinct exprlist RP filter_over
          expr ::= * ID|INDEXED|JOIN_KW LP distinct exprlist ORDER BY sortlist RP filter_over
          expr ::= * ID|INDEXED|JOIN_KW LP STAR RP filter_over
          term ::= * CTIME_KW
          expr ::= * LP nexprlist COMMA expr RP
          expr ::= * expr AND expr
          expr ::= * expr OR expr
          expr ::= * expr LT|GT|GE|LE expr
          expr ::= expr LT|GT|GE|LE * expr
          expr ::= * expr EQ|NE expr
          expr ::= * expr BITAND|BITOR|LSHIFT|RSHIFT expr
          expr ::= * expr PLUS|MINUS expr
          expr ::= * expr STAR|SLASH|REM expr
          expr ::= * expr CONCAT expr
          expr ::= * expr likeop expr
          expr ::= * expr likeop expr ESCAPE expr
          expr ::= * expr ISNULL|NOTNULL
          expr ::= * expr NOT NULL
          expr ::= * expr IS expr
          expr ::= * expr IS NOT expr
          expr ::= * expr IS NOT DISTINCT FROM expr
          expr ::= * expr IS DISTINCT FROM expr
          expr ::= * NOT expr
          expr ::= * BITNOT expr
          expr ::= * PLUS|MINUS expr
          expr ::= * expr PTR expr
          expr ::= * expr between_op expr AND expr
          expr ::= * expr in_op LP exprlist RP
          expr ::= * LP select RP
          expr ::= * expr in_op LP select RP
          expr ::= * expr in_op nm dbnm paren_exprlist
          expr ::= * EXISTS LP select RP
          expr ::= * CASE case_operand case_exprlist case_else END
          expr ::= * RAISE LP IGNORE RP
          expr ::= * RAISE LP raisetype COMMA expr RP
          term ::= * QNUMBER

                           NOT shift        124    
                        EXISTS shift        574    
                            LP shift        4      
                          CAST shift        577    
                            ID shift        454    
                         RAISE shift        571    
                      CTIME_KW shift-reduce 195    term ::= CTIME_KW
                          PLUS shift        122    
                         MINUS shift        122    
                        BITNOT shift        123    
                       INDEXED shift        454    
                        STRING shift        583    
                       JOIN_KW shift        454    
                          NULL shift-reduce 183    term ::= NULL|FLOAT|BLOB
                         FLOAT shift-reduce 183    term ::= NULL|FLOAT|BLOB
                          BLOB shift-reduce 183    term ::= NULL|FLOAT|BLOB
                       INTEGER shift-reduce 185    term ::= INTEGER
                      VARIABLE shift-reduce 186    expr ::= VARIABLE
                          CASE shift        36     
                       QNUMBER shift-reduce 343    term ::= QNUMBER
                            nm shift        582    
                          term shift        151      /* because term==expr */
                          expr shift        151    

State 138:
          nm ::= * ID|INDEXED|JOIN_KW
          nm ::= * STRING
          expr ::= * term
          expr ::= * LP expr RP
          expr ::= * ID|INDEXED|JOIN_KW
          expr ::= * nm DOT nm
          expr ::= * nm DOT nm DOT nm
          term ::= * NULL|FLOAT|BLOB
          term ::= * STRING
          term ::= * INTEGER
          expr ::= * VARIABLE
          expr ::= * expr COLLATE ID|STRING
          expr ::= * CAST LP expr AS typetoken RP
          expr ::= * ID|INDEXED|JOIN_KW LP distinct exprlist RP
          expr ::= * ID|INDEXED|JOIN_KW LP distinct exprlist ORDER BY sortlist RP
          expr ::= * ID|INDEXED|JOIN_KW LP STAR RP
          expr ::= * ID|INDEXED|JOIN_KW LP distinct exprlist RP filter_over
          expr ::= * ID|INDEXED|JOIN_KW LP distinct exprlist ORDER BY sortlist RP filter_over
          expr ::= * ID|INDEXED|JOIN_KW LP STAR RP filter_over
          term ::= * CTIME_KW
          expr ::= * LP nexprlist COMMA expr RP
          expr ::= * expr AND expr
          expr ::= * expr OR expr
          expr ::= expr OR * expr
          expr ::= * expr LT|GT|GE|LE expr
          expr ::= * expr EQ|NE expr
          expr ::= * expr BITAND|BITOR|LSHIFT|RSHIFT expr
          expr ::= * expr PLUS|MINUS expr
          expr ::= * expr STAR|SLASH|REM expr
          expr ::= * expr CONCAT expr
          expr ::= * expr likeop expr
          expr ::= * expr likeop expr ESCAPE expr
          expr ::= * expr ISNULL|NOTNULL
          expr ::= * expr NOT NULL
          expr ::= * expr IS expr
          expr ::= * expr IS NOT expr
          expr ::= * expr IS NOT DISTINCT FROM expr
          expr ::= * expr IS DISTINCT FROM expr
          expr ::= * NOT expr
          expr ::= * BITNOT expr
          expr ::= * PLUS|MINUS expr
          expr ::= * expr PTR expr
          expr ::= * expr between_op expr AND expr
          expr ::= * expr in_op LP exprlist RP
          expr ::= * LP select RP
          expr ::= * expr in_op LP select RP
          expr ::= * expr in_op nm dbnm paren_exprlist
          expr ::= * EXISTS LP select RP
          expr ::= * CASE case_operand case_exprlist case_else END
          expr ::= * RAISE LP IGNORE RP
          expr ::= * RAISE LP raisetype COMMA expr RP
          term ::= * QNUMBER

                           NOT shift        124    
                        EXISTS shift        574    
                            LP shift        4      
                          CAST shift        577    
                            ID shift        454    
                         RAISE shift        571    
                      CTIME_KW shift-reduce 195    term ::= CTIME_KW
                          PLUS shift        122    
                         MINUS shift        122    
                        BITNOT shift        123    
                       INDEXED shift        454    
                        STRING shift        583    
                       JOIN_KW shift        454    
                          NULL shift-reduce 183    term ::= NULL|FLOAT|BLOB
                         FLOAT shift-reduce 183    term ::= NULL|FLOAT|BLOB
                          BLOB shift-reduce 183    term ::= NULL|FLOAT|BLOB
                       INTEGER shift-reduce 185    term ::= INTEGER
                      VARIABLE shift-reduce 186    expr ::= VARIABLE
                          CASE shift        36     
                       QNUMBER shift-reduce 343    term ::= QNUMBER
                            nm shift        582    
                          term shift        87       /* because term==expr */
                          expr shift        87     

State 139:
          nm ::= * ID|INDEXED|JOIN_KW
          nm ::= * STRING
          expr ::= * term
          expr ::= * LP expr RP
          expr ::= * ID|INDEXED|JOIN_KW
          expr ::= * nm DOT nm
          expr ::= * nm DOT nm DOT nm
          term ::= * NULL|FLOAT|BLOB
          term ::= * STRING
          term ::= * INTEGER
          expr ::= * VARIABLE
          expr ::= * expr COLLATE ID|STRING
          expr ::= * CAST LP expr AS typetoken RP
          expr ::= * ID|INDEXED|JOIN_KW LP distinct exprlist RP
          expr ::= * ID|INDEXED|JOIN_KW LP distinct exprlist ORDER BY sortlist RP
          expr ::= * ID|INDEXED|JOIN_KW LP STAR RP
          expr ::= * ID|INDEXED|JOIN_KW LP distinct exprlist RP filter_over
          expr ::= * ID|INDEXED|JOIN_KW LP distinct exprlist ORDER BY sortlist RP filter_over
          expr ::= * ID|INDEXED|JOIN_KW LP STAR RP filter_over
          term ::= * CTIME_KW
          expr ::= * LP nexprlist COMMA expr RP
          expr ::= * expr AND expr
          expr ::= expr AND * expr
          expr ::= * expr OR expr
          expr ::= * expr LT|GT|GE|LE expr
          expr ::= * expr EQ|NE expr
          expr ::= * expr BITAND|BITOR|LSHIFT|RSHIFT expr
          expr ::= * expr PLUS|MINUS expr
          expr ::= * expr STAR|SLASH|REM expr
          expr ::= * expr CONCAT expr
          expr ::= * expr likeop expr
          expr ::= * expr likeop expr ESCAPE expr
          expr ::= * expr ISNULL|NOTNULL
          expr ::= * expr NOT NULL
          expr ::= * expr IS expr
          expr ::= * expr IS NOT expr
          expr ::= * expr IS NOT DISTINCT FROM expr
          expr ::= * expr IS DISTINCT FROM expr
          expr ::= * NOT expr
          expr ::= * BITNOT expr
          expr ::= * PLUS|MINUS expr
          expr ::= * expr PTR expr
          expr ::= * expr between_op expr AND expr
          expr ::= * expr in_op LP exprlist RP
          expr ::= * LP select RP
          expr ::= * expr in_op LP select RP
          expr ::= * expr in_op nm dbnm paren_exprlist
          expr ::= * EXISTS LP select RP
          expr ::= * CASE case_operand case_exprlist case_else END
          expr ::= * RAISE LP IGNORE RP
          expr ::= * RAISE LP raisetype COMMA expr RP
          term ::= * QNUMBER

                           NOT shift        124    
                        EXISTS shift        574    
                            LP shift        4      
                          CAST shift        577    
                            ID shift        454    
                         RAISE shift        571    
                      CTIME_KW shift-reduce 195    term ::= CTIME_KW
                          PLUS shift        122    
                         MINUS shift        122    
                        BITNOT shift        123    
                       INDEXED shift        454    
                        STRING shift        583    
                       JOIN_KW shift        454    
                          NULL shift-reduce 183    term ::= NULL|FLOAT|BLOB
                         FLOAT shift-reduce 183    term ::= NULL|FLOAT|BLOB
                          BLOB shift-reduce 183    term ::= NULL|FLOAT|BLOB
                       INTEGER shift-reduce 185    term ::= INTEGER
                      VARIABLE shift-reduce 186    expr ::= VARIABLE
                          CASE shift        36     
                       QNUMBER shift-reduce 343    term ::= QNUMBER
                            nm shift        582    
                          term shift        89       /* because term==expr */
                          expr shift        89     

State 140:
          nm ::= * ID|INDEXED|JOIN_KW
          nm ::= * STRING
          limit_opt ::= LIMIT expr OFFSET * expr
          expr ::= * term
          expr ::= * LP expr RP
          expr ::= * ID|INDEXED|JOIN_KW
          expr ::= * nm DOT nm
          expr ::= * nm DOT nm DOT nm
          term ::= * NULL|FLOAT|BLOB
          term ::= * STRING
          term ::= * INTEGER
          expr ::= * VARIABLE
          expr ::= * expr COLLATE ID|STRING
          expr ::= * CAST LP expr AS typetoken RP
          expr ::= * ID|INDEXED|JOIN_KW LP distinct exprlist RP
          expr ::= * ID|INDEXED|JOIN_KW LP distinct exprlist ORDER BY sortlist RP
          expr ::= * ID|INDEXED|JOIN_KW LP STAR RP
          expr ::= * ID|INDEXED|JOIN_KW LP distinct exprlist RP filter_over
          expr ::= * ID|INDEXED|JOIN_KW LP distinct exprlist ORDER BY sortlist RP filter_over
          expr ::= * ID|INDEXED|JOIN_KW LP STAR RP filter_over
          term ::= * CTIME_KW
          expr ::= * LP nexprlist COMMA expr RP
          expr ::= * expr AND expr
          expr ::= * expr OR expr
          expr ::= * expr LT|GT|GE|LE expr
          expr ::= * expr EQ|NE expr
          expr ::= * expr BITAND|BITOR|LSHIFT|RSHIFT expr
          expr ::= * expr PLUS|MINUS expr
          expr ::= * expr STAR|SLASH|REM expr
          expr ::= * expr CONCAT expr
          expr ::= * expr likeop expr
          expr ::= * expr likeop expr ESCAPE expr
          expr ::= * expr ISNULL|NOTNULL
          expr ::= * expr NOT NULL
          expr ::= * expr IS expr
          expr ::= * expr IS NOT expr
          expr ::= * expr IS NOT DISTINCT FROM expr
          expr ::= * expr IS DISTINCT FROM expr
          expr ::= * NOT expr
          expr ::= * BITNOT expr
          expr ::= * PLUS|MINUS expr
          expr ::= * expr PTR expr
          expr ::= * expr between_op expr AND expr
          expr ::= * expr in_op LP exprlist RP
          expr ::= * LP select RP
          expr ::= * expr in_op LP select RP
          expr ::= * expr in_op nm dbnm paren_exprlist
          expr ::= * EXISTS LP select RP
          expr ::= * CASE case_operand case_exprlist case_else END
          expr ::= * RAISE LP IGNORE RP
          expr ::= * RAISE LP raisetype COMMA expr RP
          term ::= * QNUMBER

                           NOT shift        124    
                        EXISTS shift        574    
                            LP shift        4      
                          CAST shift        577    
                            ID shift        454    
                         RAISE shift        571    
                      CTIME_KW shift-reduce 195    term ::= CTIME_KW
                          PLUS shift        122    
                         MINUS shift        122    
                        BITNOT shift        123    
                       INDEXED shift        454    
                        STRING shift        583    
                       JOIN_KW shift        454    
                          NULL shift-reduce 183    term ::= NULL|FLOAT|BLOB
                         FLOAT shift-reduce 183    term ::= NULL|FLOAT|BLOB
                          BLOB shift-reduce 183    term ::= NULL|FLOAT|BLOB
                       INTEGER shift-reduce 185    term ::= INTEGER
                      VARIABLE shift-reduce 186    expr ::= VARIABLE
                          CASE shift        36     
                       QNUMBER shift-reduce 343    term ::= QNUMBER
                            nm shift        582    
                          term shift        86       /* because term==expr */
                          expr shift        86     

State 141:
          nm ::= * ID|INDEXED|JOIN_KW
          nm ::= * STRING
          limit_opt ::= LIMIT * expr
          limit_opt ::= LIMIT * expr OFFSET expr
          limit_opt ::= LIMIT * expr COMMA expr
          expr ::= * term
          expr ::= * LP expr RP
          expr ::= * ID|INDEXED|JOIN_KW
          expr ::= * nm DOT nm
          expr ::= * nm DOT nm DOT nm
          term ::= * NULL|FLOAT|BLOB
          term ::= * STRING
          term ::= * INTEGER
          expr ::= * VARIABLE
          expr ::= * expr COLLATE ID|STRING
          expr ::= * CAST LP expr AS typetoken RP
          expr ::= * ID|INDEXED|JOIN_KW LP distinct exprlist RP
          expr ::= * ID|INDEXED|JOIN_KW LP distinct exprlist ORDER BY sortlist RP
          expr ::= * ID|INDEXED|JOIN_KW LP STAR RP
          expr ::= * ID|INDEXED|JOIN_KW LP distinct exprlist RP filter_over
          expr ::= * ID|INDEXED|JOIN_KW LP distinct exprlist ORDER BY sortlist RP filter_over
          expr ::= * ID|INDEXED|JOIN_KW LP STAR RP filter_over
          term ::= * CTIME_KW
          expr ::= * LP nexprlist COMMA expr RP
          expr ::= * expr AND expr
          expr ::= * expr OR expr
          expr ::= * expr LT|GT|GE|LE expr
          expr ::= * expr EQ|NE expr
          expr ::= * expr BITAND|BITOR|LSHIFT|RSHIFT expr
          expr ::= * expr PLUS|MINUS expr
          expr ::= * expr STAR|SLASH|REM expr
          expr ::= * expr CONCAT expr
          expr ::= * expr likeop expr
          expr ::= * expr likeop expr ESCAPE expr
          expr ::= * expr ISNULL|NOTNULL
          expr ::= * expr NOT NULL
          expr ::= * expr IS expr
          expr ::= * expr IS NOT expr
          expr ::= * expr IS NOT DISTINCT FROM expr
          expr ::= * expr IS DISTINCT FROM expr
          expr ::= * NOT expr
          expr ::= * BITNOT expr
          expr ::= * PLUS|MINUS expr
          expr ::= * expr PTR expr
          expr ::= * expr between_op expr AND expr
          expr ::= * expr in_op LP exprlist RP
          expr ::= * LP select RP
          expr ::= * expr in_op LP select RP
          expr ::= * expr in_op nm dbnm paren_exprlist
          expr ::= * EXISTS LP select RP
          expr ::= * CASE case_operand case_exprlist case_else END
          expr ::= * RAISE LP IGNORE RP
          expr ::= * RAISE LP raisetype COMMA expr RP
          term ::= * QNUMBER

                           NOT shift        124    
                        EXISTS shift        574    
                            LP shift        4      
                          CAST shift        577    
                            ID shift        454    
                         RAISE shift        571    
                      CTIME_KW shift-reduce 195    term ::= CTIME_KW
                          PLUS shift        122    
                         MINUS shift        122    
                        BITNOT shift        123    
                       INDEXED shift        454    
                        STRING shift        583    
                       JOIN_KW shift        454    
                          NULL shift-reduce 183    term ::= NULL|FLOAT|BLOB
                         FLOAT shift-reduce 183    term ::= NULL|FLOAT|BLOB
                          BLOB shift-reduce 183    term ::= NULL|FLOAT|BLOB
                       INTEGER shift-reduce 185    term ::= INTEGER
                      VARIABLE shift-reduce 186    expr ::= VARIABLE
                          CASE shift        36     
                       QNUMBER shift-reduce 343    term ::= QNUMBER
                            nm shift        582    
                          term shift        53       /* because term==expr */
                          expr shift        53     

State 142:
          nm ::= * ID|INDEXED|JOIN_KW
          nm ::= * STRING
          ccons ::= DEFAULT LP * expr RP
          expr ::= * term
          expr ::= * LP expr RP
          expr ::= * ID|INDEXED|JOIN_KW
          expr ::= * nm DOT nm
          expr ::= * nm DOT nm DOT nm
          term ::= * NULL|FLOAT|BLOB
          term ::= * STRING
          term ::= * INTEGER
          expr ::= * VARIABLE
          expr ::= * expr COLLATE ID|STRING
          expr ::= * CAST LP expr AS typetoken RP
          expr ::= * ID|INDEXED|JOIN_KW LP distinct exprlist RP
          expr ::= * ID|INDEXED|JOIN_KW LP distinct exprlist ORDER BY sortlist RP
          expr ::= * ID|INDEXED|JOIN_KW LP STAR RP
          expr ::= * ID|INDEXED|JOIN_KW LP distinct exprlist RP filter_over
          expr ::= * ID|INDEXED|JOIN_KW LP distinct exprlist ORDER BY sortlist RP filter_over
          expr ::= * ID|INDEXED|JOIN_KW LP STAR RP filter_over
          term ::= * CTIME_KW
          expr ::= * LP nexprlist COMMA expr RP
          expr ::= * expr AND expr
          expr ::= * expr OR expr
          expr ::= * expr LT|GT|GE|LE expr
          expr ::= * expr EQ|NE expr
          expr ::= * expr BITAND|BITOR|LSHIFT|RSHIFT expr
          expr ::= * expr PLUS|MINUS expr
          expr ::= * expr STAR|SLASH|REM expr
          expr ::= * expr CONCAT expr
          expr ::= * expr likeop expr
          expr ::= * expr likeop expr ESCAPE expr
          expr ::= * expr ISNULL|NOTNULL
          expr ::= * expr NOT NULL
          expr ::= * expr IS expr
          expr ::= * expr IS NOT expr
          expr ::= * expr IS NOT DISTINCT FROM expr
          expr ::= * expr IS DISTINCT FROM expr
          expr ::= * NOT expr
          expr ::= * BITNOT expr
          expr ::= * PLUS|MINUS expr
          expr ::= * expr PTR expr
          expr ::= * expr between_op expr AND expr
          expr ::= * expr in_op LP exprlist RP
          expr ::= * LP select RP
          expr ::= * expr in_op LP select RP
          expr ::= * expr in_op nm dbnm paren_exprlist
          expr ::= * EXISTS LP select RP
          expr ::= * CASE case_operand case_exprlist case_else END
          expr ::= * RAISE LP IGNORE RP
          expr ::= * RAISE LP raisetype COMMA expr RP
          term ::= * QNUMBER

                           NOT shift        124    
                        EXISTS shift        574    
                            LP shift        4      
                          CAST shift        577    
                            ID shift        454    
                         RAISE shift        571    
                      CTIME_KW shift-reduce 195    term ::= CTIME_KW
                          PLUS shift        122    
                         MINUS shift        122    
                        BITNOT shift        123    
                       INDEXED shift        454    
                        STRING shift        583    
                       JOIN_KW shift        454    
                          NULL shift-reduce 183    term ::= NULL|FLOAT|BLOB
                         FLOAT shift-reduce 183    term ::= NULL|FLOAT|BLOB
                          BLOB shift-reduce 183    term ::= NULL|FLOAT|BLOB
                       INTEGER shift-reduce 185    term ::= INTEGER
                      VARIABLE shift-reduce 186    expr ::= VARIABLE
                          CASE shift        36     
                       QNUMBER shift-reduce 343    term ::= QNUMBER
                            nm shift        582    
                          term shift        59       /* because term==expr */
                          expr shift        59     

State 143:
          expr ::= expr * COLLATE ID|STRING
          expr ::= expr * AND expr
          expr ::= expr * OR expr
          expr ::= expr * LT|GT|GE|LE expr
          expr ::= expr * EQ|NE expr
          expr ::= expr * BITAND|BITOR|LSHIFT|RSHIFT expr
          expr ::= expr * PLUS|MINUS expr
          expr ::= expr * STAR|SLASH|REM expr
          expr ::= expr * CONCAT expr
          likeop ::= * LIKE_KW|MATCH
          likeop ::= * NOT LIKE_KW|MATCH
          expr ::= expr * likeop expr
    (206) expr ::= expr likeop expr *
          expr ::= expr * likeop expr ESCAPE expr
          expr ::= expr likeop expr * ESCAPE expr
          expr ::= expr * ISNULL|NOTNULL
          expr ::= expr * NOT NULL
          expr ::= expr * IS expr
          expr ::= expr * IS NOT expr
          expr ::= expr * IS NOT DISTINCT FROM expr
          expr ::= expr * IS DISTINCT FROM expr
          expr ::= expr * PTR expr
          between_op ::= * BETWEEN
          between_op ::= * NOT BETWEEN
          expr ::= expr * between_op expr AND expr
          in_op ::= * IN
          in_op ::= * NOT IN
          expr ::= expr * in_op LP exprlist RP
          expr ::= expr * in_op LP select RP
          expr ::= expr * in_op nm dbnm paren_exprlist

                            GT shift        137    
                            LE shift        137    
                            LT shift        137    
                            GE shift        137    
                        ESCAPE shift        130    
                        BITAND shift        135    
                         BITOR shift        135    
                        LSHIFT shift        135    
                        RSHIFT shift        135    
                          PLUS shift        134    
                         MINUS shift        134    
                          STAR shift        133    
                         SLASH shift        133    
                           REM shift        133    
                        CONCAT shift        132    
                           PTR shift        129    
                       COLLATE shift        453    
                        likeop shift        131    
                    between_op shift        128    
                         in_op shift        236    
                     {default} reduce       206    expr ::= expr likeop expr

State 144:
          expr ::= expr * COLLATE ID|STRING
          expr ::= expr * AND expr
          expr ::= expr * OR expr
          expr ::= expr * LT|GT|GE|LE expr
          expr ::= expr * EQ|NE expr
          expr ::= expr * BITAND|BITOR|LSHIFT|RSHIFT expr
          expr ::= expr * PLUS|MINUS expr
          expr ::= expr * STAR|SLASH|REM expr
          expr ::= expr * CONCAT expr
          likeop ::= * LIKE_KW|MATCH
          likeop ::= * NOT LIKE_KW|MATCH
          expr ::= expr * likeop expr
          expr ::= expr * likeop expr ESCAPE expr
          expr ::= expr * ISNULL|NOTNULL
          expr ::= expr * NOT NULL
          expr ::= expr * IS expr
          expr ::= expr * IS NOT expr
          expr ::= expr * IS NOT DISTINCT FROM expr
          expr ::= expr * IS DISTINCT FROM expr
    (213) expr ::= expr IS DISTINCT FROM expr *
          expr ::= expr * PTR expr
          between_op ::= * BETWEEN
          between_op ::= * NOT BETWEEN
          expr ::= expr * between_op expr AND expr
          in_op ::= * IN
          in_op ::= * NOT IN
          expr ::= expr * in_op LP exprlist RP
          expr ::= expr * in_op LP select RP
          expr ::= expr * in_op nm dbnm paren_exprlist

                            GT shift        137    
                            LE shift        137    
                            LT shift        137    
                            GE shift        137    
                        BITAND shift        135    
                         BITOR shift        135    
                        LSHIFT shift        135    
                        RSHIFT shift        135    
                          PLUS shift        134    
                         MINUS shift        134    
                          STAR shift        133    
                         SLASH shift        133    
                           REM shift        133    
                        CONCAT shift        132    
                           PTR shift        129    
                       COLLATE shift        453    
                        likeop shift        131    
                    between_op shift        128    
                         in_op shift        236    
                     {default} reduce       213    expr ::= expr IS DISTINCT FROM expr

State 145:
          expr ::= expr * COLLATE ID|STRING
          expr ::= expr * AND expr
          expr ::= expr * OR expr
          expr ::= expr * LT|GT|GE|LE expr
          expr ::= expr * EQ|NE expr
          expr ::= expr * BITAND|BITOR|LSHIFT|RSHIFT expr
          expr ::= expr * PLUS|MINUS expr
          expr ::= expr * STAR|SLASH|REM expr
          expr ::= expr * CONCAT expr
          likeop ::= * LIKE_KW|MATCH
          likeop ::= * NOT LIKE_KW|MATCH
          expr ::= expr * likeop expr
          expr ::= expr * likeop expr ESCAPE expr
          expr ::= expr * ISNULL|NOTNULL
          expr ::= expr * NOT NULL
          expr ::= expr * IS expr
          expr ::= expr * IS NOT expr
          expr ::= expr * IS NOT DISTINCT FROM expr
    (212) expr ::= expr IS NOT DISTINCT FROM expr *
          expr ::= expr * IS DISTINCT FROM expr
          expr ::= expr * PTR expr
          between_op ::= * BETWEEN
          between_op ::= * NOT BETWEEN
          expr ::= expr * between_op expr AND expr
          in_op ::= * IN
          in_op ::= * NOT IN
          expr ::= expr * in_op LP exprlist RP
          expr ::= expr * in_op LP select RP
          expr ::= expr * in_op nm dbnm paren_exprlist

                            GT shift        137    
                            LE shift        137    
                            LT shift        137    
                            GE shift        137    
                        BITAND shift        135    
                         BITOR shift        135    
                        LSHIFT shift        135    
                        RSHIFT shift        135    
                          PLUS shift        134    
                         MINUS shift        134    
                          STAR shift        133    
                         SLASH shift        133    
                           REM shift        133    
                        CONCAT shift        132    
                           PTR shift        129    
                       COLLATE shift        453    
                        likeop shift        131    
                    between_op shift        128    
                         in_op shift        236    
                     {default} reduce       212    expr ::= expr IS NOT DISTINCT FROM expr

State 146:
          expr ::= expr * COLLATE ID|STRING
          expr ::= expr * AND expr
          expr ::= expr * OR expr
          expr ::= expr * LT|GT|GE|LE expr
          expr ::= expr * EQ|NE expr
          expr ::= expr * BITAND|BITOR|LSHIFT|RSHIFT expr
          expr ::= expr * PLUS|MINUS expr
          expr ::= expr * STAR|SLASH|REM expr
          expr ::= expr * CONCAT expr
          likeop ::= * LIKE_KW|MATCH
          likeop ::= * NOT LIKE_KW|MATCH
          expr ::= expr * likeop expr
          expr ::= expr * likeop expr ESCAPE expr
          expr ::= expr * ISNULL|NOTNULL
          expr ::= expr * NOT NULL
          expr ::= expr * IS expr
          expr ::= expr * IS NOT expr
    (211) expr ::= expr IS NOT expr *
          expr ::= expr * IS NOT DISTINCT FROM expr
          expr ::= expr * IS DISTINCT FROM expr
    (214) expr ::= NOT expr *
          expr ::= expr * PTR expr
          between_op ::= * BETWEEN
          between_op ::= * NOT BETWEEN
          expr ::= expr * between_op expr AND expr
          in_op ::= * IN
          in_op ::= * NOT IN
          expr ::= expr * in_op LP exprlist RP
          expr ::= expr * in_op LP select RP
          expr ::= expr * in_op nm dbnm paren_exprlist

                            GT shift        137    
                            LE shift        137    
                            LT shift        137    
                            GE shift        137    
                        BITAND shift        135    
                         BITOR shift        135    
                        LSHIFT shift        135    
                        RSHIFT shift        135    
                          PLUS shift        134    
                         MINUS shift        134    
                          STAR shift        133    
                         SLASH shift        133    
                           REM shift        133    
                        CONCAT shift        132    
                           PTR shift        129    
                       COLLATE shift        453    
                        likeop shift        131    
                    between_op shift        128    
                         in_op shift        236    
                     {default} reduce       211    expr ::= expr IS NOT expr

State 147:
          expr ::= expr * COLLATE ID|STRING
          expr ::= expr * AND expr
    (197) expr ::= expr AND expr *
          expr ::= expr * OR expr
          expr ::= expr * LT|GT|GE|LE expr
          expr ::= expr * EQ|NE expr
          expr ::= expr * BITAND|BITOR|LSHIFT|RSHIFT expr
          expr ::= expr * PLUS|MINUS expr
          expr ::= expr * STAR|SLASH|REM expr
          expr ::= expr * CONCAT expr
          likeop ::= * LIKE_KW|MATCH
          likeop ::= * NOT LIKE_KW|MATCH
          expr ::= expr * likeop expr
          expr ::= expr * likeop expr ESCAPE expr
          expr ::= expr * ISNULL|NOTNULL
          expr ::= expr * NOT NULL
          expr ::= expr * IS expr
          expr ::= expr * IS NOT expr
          expr ::= expr * IS NOT DISTINCT FROM expr
          expr ::= expr * IS DISTINCT FROM expr
          expr ::= expr * PTR expr
          between_op ::= * BETWEEN
          between_op ::= * NOT BETWEEN
          expr ::= expr * between_op expr AND expr
    (220) expr ::= expr between_op expr AND expr *
          in_op ::= * IN
          in_op ::= * NOT IN
          expr ::= expr * in_op LP exprlist RP
          expr ::= expr * in_op LP select RP
          expr ::= expr * in_op nm dbnm paren_exprlist

                            GT shift        137    
                            LE shift        137    
                            LT shift        137    
                            GE shift        137    
                        BITAND shift        135    
                         BITOR shift        135    
                        LSHIFT shift        135    
                        RSHIFT shift        135    
                          PLUS shift        134    
                         MINUS shift        134    
                          STAR shift        133    
                         SLASH shift        133    
                           REM shift        133    
                        CONCAT shift        132    
                           PTR shift        129    
                       COLLATE shift        453    
                        likeop shift        131    
                    between_op shift        128    
                         in_op shift        236    
                     {default} reduce       220    expr ::= expr between_op expr AND expr

State 148:
          expr ::= expr * COLLATE ID|STRING
          expr ::= expr * AND expr
          expr ::= expr * OR expr
          expr ::= expr * LT|GT|GE|LE expr
          expr ::= expr * EQ|NE expr
          expr ::= expr * BITAND|BITOR|LSHIFT|RSHIFT expr
          expr ::= expr * PLUS|MINUS expr
          expr ::= expr * STAR|SLASH|REM expr
          expr ::= expr * CONCAT expr
          likeop ::= * LIKE_KW|MATCH
          likeop ::= * NOT LIKE_KW|MATCH
          expr ::= expr * likeop expr
          expr ::= expr * likeop expr ESCAPE expr
          expr ::= expr * ISNULL|NOTNULL
          expr ::= expr * NOT NULL
          expr ::= expr * IS expr
    (210) expr ::= expr IS expr *
          expr ::= expr * IS NOT expr
          expr ::= expr * IS NOT DISTINCT FROM expr
          expr ::= expr * IS DISTINCT FROM expr
          expr ::= expr * PTR expr
          between_op ::= * BETWEEN
          between_op ::= * NOT BETWEEN
          expr ::= expr * between_op expr AND expr
          in_op ::= * IN
          in_op ::= * NOT IN
          expr ::= expr * in_op LP exprlist RP
          expr ::= expr * in_op LP select RP
          expr ::= expr * in_op nm dbnm paren_exprlist

                            GT shift        137    
                            LE shift        137    
                            LT shift        137    
                            GE shift        137    
                        BITAND shift        135    
                         BITOR shift        135    
                        LSHIFT shift        135    
                        RSHIFT shift        135    
                          PLUS shift        134    
                         MINUS shift        134    
                          STAR shift        133    
                         SLASH shift        133    
                           REM shift        133    
                        CONCAT shift        132    
                           PTR shift        129    
                       COLLATE shift        453    
                        likeop shift        131    
                    between_op shift        128    
                         in_op shift        236    
                     {default} reduce       210    expr ::= expr IS expr

State 149:
          expr ::= expr * COLLATE ID|STRING
          expr ::= expr * AND expr
          expr ::= expr * OR expr
          expr ::= expr * LT|GT|GE|LE expr
          expr ::= expr * EQ|NE expr
          expr ::= expr * BITAND|BITOR|LSHIFT|RSHIFT expr
          expr ::= expr * PLUS|MINUS expr
          expr ::= expr * STAR|SLASH|REM expr
          expr ::= expr * CONCAT expr
          likeop ::= * LIKE_KW|MATCH
          likeop ::= * NOT LIKE_KW|MATCH
          expr ::= expr * likeop expr
          expr ::= expr * likeop expr ESCAPE expr
    (207) expr ::= expr likeop expr ESCAPE expr *
          expr ::= expr * ISNULL|NOTNULL
          expr ::= expr * NOT NULL
          expr ::= expr * IS expr
          expr ::= expr * IS NOT expr
          expr ::= expr * IS NOT DISTINCT FROM expr
          expr ::= expr * IS DISTINCT FROM expr
          expr ::= expr * PTR expr
          between_op ::= * BETWEEN
          between_op ::= * NOT BETWEEN
          expr ::= expr * between_op expr AND expr
          in_op ::= * IN
          in_op ::= * NOT IN
          expr ::= expr * in_op LP exprlist RP
          expr ::= expr * in_op LP select RP
          expr ::= expr * in_op nm dbnm paren_exprlist

                            GT shift        137    
                            LE shift        137    
                            LT shift        137    
                            GE shift        137    
                        BITAND shift        135    
                         BITOR shift        135    
                        LSHIFT shift        135    
                        RSHIFT shift        135    
                          PLUS shift        134    
                         MINUS shift        134    
                          STAR shift        133    
                         SLASH shift        133    
                           REM shift        133    
                        CONCAT shift        132    
                           PTR shift        129    
                       COLLATE shift        453    
                        likeop shift        131    
                    between_op shift        128    
                         in_op shift        236    
                     {default} reduce       207    expr ::= expr likeop expr ESCAPE expr

State 150:
          expr ::= expr * COLLATE ID|STRING
          expr ::= expr * AND expr
          expr ::= expr * OR expr
          expr ::= expr * LT|GT|GE|LE expr
          expr ::= expr * EQ|NE expr
    (200) expr ::= expr EQ|NE expr *
          expr ::= expr * BITAND|BITOR|LSHIFT|RSHIFT expr
          expr ::= expr * PLUS|MINUS expr
          expr ::= expr * STAR|SLASH|REM expr
          expr ::= expr * CONCAT expr
          likeop ::= * LIKE_KW|MATCH
          likeop ::= * NOT LIKE_KW|MATCH
          expr ::= expr * likeop expr
          expr ::= expr * likeop expr ESCAPE expr
          expr ::= expr * ISNULL|NOTNULL
          expr ::= expr * NOT NULL
          expr ::= expr * IS expr
          expr ::= expr * IS NOT expr
          expr ::= expr * IS NOT DISTINCT FROM expr
          expr ::= expr * IS DISTINCT FROM expr
          expr ::= expr * PTR expr
          between_op ::= * BETWEEN
          between_op ::= * NOT BETWEEN
          expr ::= expr * between_op expr AND expr
          in_op ::= * IN
          in_op ::= * NOT IN
          expr ::= expr * in_op LP exprlist RP
          expr ::= expr * in_op LP select RP
          expr ::= expr * in_op nm dbnm paren_exprlist

                            GT shift        137    
                            LE shift        137    
                            LT shift        137    
                            GE shift        137    
                        BITAND shift        135    
                         BITOR shift        135    
                        LSHIFT shift        135    
                        RSHIFT shift        135    
                          PLUS shift        134    
                         MINUS shift        134    
                          STAR shift        133    
                         SLASH shift        133    
                           REM shift        133    
                        CONCAT shift        132    
                           PTR shift        129    
                       COLLATE shift        453    
                        likeop shift        131    
                    between_op shift        128    
                         in_op shift        236    
                     {default} reduce       200    expr ::= expr EQ|NE expr

State 151:
          expr ::= expr * COLLATE ID|STRING
          expr ::= expr * AND expr
          expr ::= expr * OR expr
          expr ::= expr * LT|GT|GE|LE expr
    (199) expr ::= expr LT|GT|GE|LE expr *
          expr ::= expr * EQ|NE expr
          expr ::= expr * BITAND|BITOR|LSHIFT|RSHIFT expr
          expr ::= expr * PLUS|MINUS expr
          expr ::= expr * STAR|SLASH|REM expr
          expr ::= expr * CONCAT expr
          likeop ::= * LIKE_KW|MATCH
          likeop ::= * NOT LIKE_KW|MATCH
          expr ::= expr * likeop expr
          expr ::= expr * likeop expr ESCAPE expr
          expr ::= expr * ISNULL|NOTNULL
          expr ::= expr * NOT NULL
          expr ::= expr * IS expr
          expr ::= expr * IS NOT expr
          expr ::= expr * IS NOT DISTINCT FROM expr
          expr ::= expr * IS DISTINCT FROM expr
          expr ::= expr * PTR expr
          between_op ::= * BETWEEN
          between_op ::= * NOT BETWEEN
          expr ::= expr * between_op expr AND expr
          in_op ::= * IN
          in_op ::= * NOT IN
          expr ::= expr * in_op LP exprlist RP
          expr ::= expr * in_op LP select RP
          expr ::= expr * in_op nm dbnm paren_exprlist

                        BITAND shift        135    
                         BITOR shift        135    
                        LSHIFT shift        135    
                        RSHIFT shift        135    
                          PLUS shift        134    
                         MINUS shift        134    
                          STAR shift        133    
                         SLASH shift        133    
                           REM shift        133    
                        CONCAT shift        132    
                           PTR shift        129    
                       COLLATE shift        453    
                        likeop shift        131    
                    between_op shift        128    
                         in_op shift        236    
                     {default} reduce       199    expr ::= expr LT|GT|GE|LE expr

State 152:
          expr ::= expr * COLLATE ID|STRING
          expr ::= expr * AND expr
          expr ::= expr * OR expr
          expr ::= expr * LT|GT|GE|LE expr
          expr ::= expr * EQ|NE expr
          expr ::= expr * BITAND|BITOR|LSHIFT|RSHIFT expr
    (201) expr ::= expr BITAND|BITOR|LSHIFT|RSHIFT expr *
          expr ::= expr * PLUS|MINUS expr
          expr ::= expr * STAR|SLASH|REM expr
          expr ::= expr * CONCAT expr
          likeop ::= * LIKE_KW|MATCH
          likeop ::= * NOT LIKE_KW|MATCH
          expr ::= expr * likeop expr
          expr ::= expr * likeop expr ESCAPE expr
          expr ::= expr * ISNULL|NOTNULL
          expr ::= expr * NOT NULL
          expr ::= expr * IS expr
          expr ::= expr * IS NOT expr
          expr ::= expr * IS NOT DISTINCT FROM expr
          expr ::= expr * IS DISTINCT FROM expr
          expr ::= expr * PTR expr
          between_op ::= * BETWEEN
          between_op ::= * NOT BETWEEN
          expr ::= expr * between_op expr AND expr
          in_op ::= * IN
          in_op ::= * NOT IN
          expr ::= expr * in_op LP exprlist RP
          expr ::= expr * in_op LP select RP
          expr ::= expr * in_op nm dbnm paren_exprlist

                          PLUS shift        134    
                         MINUS shift        134    
                          STAR shift        133    
                         SLASH shift        133    
                           REM shift        133    
                        CONCAT shift        132    
                           PTR shift        129    
                       COLLATE shift        453    
                        likeop shift        131    
                    between_op shift        128    
                         in_op shift        236    
                     {default} reduce       201    expr ::= expr BITAND|BITOR|LSHIFT|RSHIFT expr

State 153:
          expr ::= expr * COLLATE ID|STRING
          expr ::= expr * AND expr
          expr ::= expr * OR expr
          expr ::= expr * LT|GT|GE|LE expr
          expr ::= expr * EQ|NE expr
          expr ::= expr * BITAND|BITOR|LSHIFT|RSHIFT expr
          expr ::= expr * PLUS|MINUS expr
    (202) expr ::= expr PLUS|MINUS expr *
          expr ::= expr * STAR|SLASH|REM expr
          expr ::= expr * CONCAT expr
          likeop ::= * LIKE_KW|MATCH
          likeop ::= * NOT LIKE_KW|MATCH
          expr ::= expr * likeop expr
          expr ::= expr * likeop expr ESCAPE expr
          expr ::= expr * ISNULL|NOTNULL
          expr ::= expr * NOT NULL
          expr ::= expr * IS expr
          expr ::= expr * IS NOT expr
          expr ::= expr * IS NOT DISTINCT FROM expr
          expr ::= expr * IS DISTINCT FROM expr
          expr ::= expr * PTR expr
          between_op ::= * BETWEEN
          between_op ::= * NOT BETWEEN
          expr ::= expr * between_op expr AND expr
          in_op ::= * IN
          in_op ::= * NOT IN
          expr ::= expr * in_op LP exprlist RP
          expr ::= expr * in_op LP select RP
          expr ::= expr * in_op nm dbnm paren_exprlist

                          STAR shift        133    
                         SLASH shift        133    
                           REM shift        133    
                        CONCAT shift        132    
                           PTR shift        129    
                       COLLATE shift        453    
                        likeop shift        131    
                    between_op shift        128    
                         in_op shift        236    
                     {default} reduce       202    expr ::= expr PLUS|MINUS expr

State 154:
          create_table_args ::= LP columnlist conslist_opt RP * table_option_set
     (21) table_option_set ::= *
          table_option_set ::= * table_option
          table_option_set ::= * table_option_set COMMA table_option
          table_option ::= * WITHOUT nm
          table_option ::= * nm
          nm ::= * ID|INDEXED|JOIN_KW
          nm ::= * STRING

                       WITHOUT shift        277    
                            ID shift-reduce 359    nm ::= ID|INDEXED|JOIN_KW
                       INDEXED shift-reduce 359    nm ::= ID|INDEXED|JOIN_KW
                        STRING shift-reduce 360    nm ::= STRING
                       JOIN_KW shift-reduce 359    nm ::= ID|INDEXED|JOIN_KW
                            nm shift-reduce 24     table_option ::= nm
              table_option_set shift        584    
                  table_option shift        584      /* because table_option==table_option_set */
                     {default} reduce       21     table_option_set ::=

State 155:
          nm ::= * ID|INDEXED|JOIN_KW
          nm ::= * STRING
          fullname ::= * nm
          fullname ::= * nm DOT nm
          cmd ::= ALTER TABLE * fullname RENAME TO nm
          cmd ::= ALTER TABLE * add_column_fullname ADD kwcolumn_opt columnname carglist
          cmd ::= ALTER TABLE * fullname DROP kwcolumn_opt nm
          add_column_fullname ::= * fullname
          cmd ::= ALTER TABLE * fullname RENAME kwcolumn_opt nm TO nm

                            ID shift-reduce 359    nm ::= ID|INDEXED|JOIN_KW
                       INDEXED shift-reduce 359    nm ::= ID|INDEXED|JOIN_KW
                        STRING shift-reduce 360    nm ::= STRING
                       JOIN_KW shift-reduce 359    nm ::= ID|INDEXED|JOIN_KW
                            nm shift        504    
                      fullname shift        423    
           add_column_fullname shift        458    

State 156:
          create_table ::= createkw * temp TABLE ifnotexists nm dbnm
          temp ::= * TEMP
     (18) temp ::= *
          cmd ::= createkw * temp VIEW ifnotexists nm dbnm eidlist_opt AS select
          cmd ::= createkw * uniqueflag INDEX ifnotexists nm dbnm ON nm LP sortlist RP where_opt
          uniqueflag ::= * UNIQUE
    (241) uniqueflag ::= *
          cmd ::= createkw * trigger_decl BEGIN trigger_cmd_list END
          trigger_decl ::= * temp TRIGGER ifnotexists nm dbnm trigger_time trigger_event ON fullname foreach_clause when_clause
          create_vtab ::= createkw * VIRTUAL TABLE ifnotexists nm dbnm USING nm

                          TEMP shift-reduce 17     temp ::= TEMP
                       VIRTUAL shift        476    
                        UNIQUE shift-reduce 240    uniqueflag ::= UNIQUE
                         INDEX reduce       241    uniqueflag ::=
                          temp shift        419    
                    uniqueflag shift        498    
                  trigger_decl shift        495    
                     {default} reduce       18     temp ::=

State 157:
          refargs ::= refargs * refarg
          refarg ::= * MATCH nm
          refarg ::= * ON INSERT refact
          refarg ::= * ON DELETE refact
          refarg ::= * ON UPDATE refact
          defer_subclause ::= * NOT DEFERRABLE init_deferred_pred_opt
          defer_subclause ::= * DEFERRABLE init_deferred_pred_opt
          tcons ::= FOREIGN KEY LP eidlist RP REFERENCES nm eidlist_opt refargs * defer_subclause_opt
     (72) defer_subclause_opt ::= *
          defer_subclause_opt ::= * defer_subclause

                           NOT shift        509    
                         MATCH shift        263    
                            ON shift        420    
                    DEFERRABLE shift        365    
               defer_subclause shift-reduce 71     tcons ::= FOREIGN KEY LP eidlist RP REFERENCES nm eidlist_opt refargs defer_subclause_opt  /* because defer_subclause==defer_subclause_opt */
                        refarg shift-reduce 50     refargs ::= refargs refarg
           defer_subclause_opt shift-reduce 71     tcons ::= FOREIGN KEY LP eidlist RP REFERENCES nm eidlist_opt refargs defer_subclause_opt
                     {default} reduce       72     defer_subclause_opt ::=

State 158:
          nm ::= * ID|INDEXED|JOIN_KW
          nm ::= * STRING
          wqitem ::= * withnm eidlist_opt wqas LP select RP
          withnm ::= * nm
          wqlist ::= wqlist COMMA * wqitem

                            ID shift-reduce 359    nm ::= ID|INDEXED|JOIN_KW
                       INDEXED shift-reduce 359    nm ::= ID|INDEXED|JOIN_KW
                        STRING shift-reduce 360    nm ::= STRING
                       JOIN_KW shift-reduce 359    nm ::= ID|INDEXED|JOIN_KW
                            nm shift-reduce 311    withnm ::= nm
                        wqitem shift-reduce 313    wqlist ::= wqlist COMMA wqitem
                        withnm shift        379    

State 159:
          nm ::= * ID|INDEXED|JOIN_KW
          nm ::= * STRING
          windowdefn_list ::= * windowdefn
          windowdefn_list ::= * windowdefn_list COMMA windowdefn
          windowdefn ::= * nm AS LP window RP
          window_clause ::= WINDOW * windowdefn_list

                            ID shift-reduce 359    nm ::= ID|INDEXED|JOIN_KW
                       INDEXED shift-reduce 359    nm ::= ID|INDEXED|JOIN_KW
                        STRING shift-reduce 360    nm ::= STRING
                       JOIN_KW shift-reduce 359    nm ::= ID|INDEXED|JOIN_KW
                            nm shift        556    
               windowdefn_list shift        557    
                    windowdefn shift        557      /* because windowdefn==windowdefn_list */

State 160:
          typetoken ::= typename LP signed COMMA * signed RP
          signed ::= * plus_num
          signed ::= * minus_num
          plus_num ::= * PLUS INTEGER|FLOAT
          plus_num ::= * INTEGER|FLOAT
          minus_num ::= * MINUS INTEGER|FLOAT

                          PLUS shift        450    
                         MINUS shift        449    
                         FLOAT shift-reduce 391    plus_num ::= INTEGER|FLOAT
                       INTEGER shift-reduce 391    plus_num ::= INTEGER|FLOAT
                        signed shift        576    
                      plus_num shift        576      /* because plus_num==signed */
                     minus_num shift        576      /* because minus_num==signed */

State 161:
          typetoken ::= typename LP * signed RP
          typetoken ::= typename LP * signed COMMA signed RP
          signed ::= * plus_num
          signed ::= * minus_num
          plus_num ::= * PLUS INTEGER|FLOAT
          plus_num ::= * INTEGER|FLOAT
          minus_num ::= * MINUS INTEGER|FLOAT

                          PLUS shift        450    
                         MINUS shift        449    
                         FLOAT shift-reduce 391    plus_num ::= INTEGER|FLOAT
                       INTEGER shift-reduce 391    plus_num ::= INTEGER|FLOAT
                        signed shift        451    
                      plus_num shift        451      /* because plus_num==signed */
                     minus_num shift        451      /* because minus_num==signed */

State 162:
          create_table_args ::= LP * columnlist conslist_opt RP table_option_set
          columnlist ::= * columnlist COMMA columnname carglist
          columnlist ::= * columnname carglist
          columnname ::= * nm typetoken
          nm ::= * ID|INDEXED|JOIN_KW
          nm ::= * STRING

                            ID shift-reduce 359    nm ::= ID|INDEXED|JOIN_KW
                       INDEXED shift-reduce 359    nm ::= ID|INDEXED|JOIN_KW
                        STRING shift-reduce 360    nm ::= STRING
                       JOIN_KW shift-reduce 359    nm ::= ID|INDEXED|JOIN_KW
                            nm shift        216    
                    columnlist shift        394    
                    columnname shift        408    

State 163:
          expr ::= expr * COLLATE ID|STRING
          expr ::= expr * AND expr
          expr ::= expr * OR expr
          expr ::= expr * LT|GT|GE|LE expr
          expr ::= expr * EQ|NE expr
          expr ::= expr * BITAND|BITOR|LSHIFT|RSHIFT expr
          expr ::= expr * PLUS|MINUS expr
          expr ::= expr * STAR|SLASH|REM expr
    (203) expr ::= expr STAR|SLASH|REM expr *
          expr ::= expr * CONCAT expr
          likeop ::= * LIKE_KW|MATCH
          likeop ::= * NOT LIKE_KW|MATCH
          expr ::= expr * likeop expr
          expr ::= expr * likeop expr ESCAPE expr
          expr ::= expr * ISNULL|NOTNULL
          expr ::= expr * NOT NULL
          expr ::= expr * IS expr
          expr ::= expr * IS NOT expr
          expr ::= expr * IS NOT DISTINCT FROM expr
          expr ::= expr * IS DISTINCT FROM expr
          expr ::= expr * PTR expr
          between_op ::= * BETWEEN
          between_op ::= * NOT BETWEEN
          expr ::= expr * between_op expr AND expr
          in_op ::= * IN
          in_op ::= * NOT IN
          expr ::= expr * in_op LP exprlist RP
          expr ::= expr * in_op LP select RP
          expr ::= expr * in_op nm dbnm paren_exprlist

                        CONCAT shift        132    
                           PTR shift        129    
                       COLLATE shift        453    
                        likeop shift        131    
                    between_op shift        128    
                         in_op shift        236    
                     {default} reduce       203    expr ::= expr STAR|SLASH|REM expr

State 164:
     (30) scanpt ::= *
          cmd ::= createkw trigger_decl BEGIN * trigger_cmd_list END
          trigger_cmd_list ::= * trigger_cmd_list trigger_cmd SEMI
          trigger_cmd_list ::= * trigger_cmd SEMI
          trigger_cmd ::= * UPDATE orconf trnm tridxby SET setlist from where_opt scanpt
          trigger_cmd ::= * scanpt insert_cmd INTO trnm idlist_opt select upsert scanpt
          trigger_cmd ::= * DELETE FROM trnm tridxby where_opt scanpt
          trigger_cmd ::= * scanpt select scanpt

                        DELETE shift        478    
                        UPDATE shift        348    
                        scanpt shift        6      
              trigger_cmd_list shift        211    
                   trigger_cmd shift        477    
                     {default} reduce       30     scanpt ::=

State 165:
    (191) expr ::= ID|INDEXED|JOIN_KW LP STAR RP *
          expr ::= ID|INDEXED|JOIN_KW LP STAR RP * filter_over
          filter_over ::= * filter_clause over_clause
          filter_over ::= * over_clause
          filter_over ::= * filter_clause
          over_clause ::= * OVER LP window RP
          over_clause ::= * OVER nm
          filter_clause ::= * FILTER LP WHERE expr RP

                          OVER shift        231    
                        FILTER shift        528    
                   filter_over shift-reduce 194    expr ::= ID|INDEXED|JOIN_KW LP STAR RP filter_over
                 filter_clause shift        375    
                   over_clause shift-reduce 338    filter_over ::= over_clause
                     {default} reduce       191    expr ::= ID|INDEXED|JOIN_KW LP STAR RP

State 166:
    (190) expr ::= ID|INDEXED|JOIN_KW LP distinct exprlist ORDER BY sortlist RP *
          expr ::= ID|INDEXED|JOIN_KW LP distinct exprlist ORDER BY sortlist RP * filter_over
          filter_over ::= * filter_clause over_clause
          filter_over ::= * over_clause
          filter_over ::= * filter_clause
          over_clause ::= * OVER LP window RP
          over_clause ::= * OVER nm
          filter_clause ::= * FILTER LP WHERE expr RP

                          OVER shift        231    
                        FILTER shift        528    
                   filter_over shift-reduce 193    expr ::= ID|INDEXED|JOIN_KW LP distinct exprlist ORDER BY sortlist RP filter_over
                 filter_clause shift        375    
                   over_clause shift-reduce 338    filter_over ::= over_clause
                     {default} reduce       190    expr ::= ID|INDEXED|JOIN_KW LP distinct exprlist ORDER BY sortlist RP

State 167:
    (189) expr ::= ID|INDEXED|JOIN_KW LP distinct exprlist RP *
          expr ::= ID|INDEXED|JOIN_KW LP distinct exprlist RP * filter_over
          filter_over ::= * filter_clause over_clause
          filter_over ::= * over_clause
          filter_over ::= * filter_clause
          over_clause ::= * OVER LP window RP
          over_clause ::= * OVER nm
          filter_clause ::= * FILTER LP WHERE expr RP

                          OVER shift        231    
                        FILTER shift        528    
                   filter_over shift-reduce 192    expr ::= ID|INDEXED|JOIN_KW LP distinct exprlist RP filter_over
                 filter_clause shift        375    
                   over_clause shift-reduce 338    filter_over ::= over_clause
                     {default} reduce       189    expr ::= ID|INDEXED|JOIN_KW LP distinct exprlist RP

State 168:
          selectnowith ::= selectnowith multiselect_op * oneselect
          oneselect ::= * SELECT distinct selcollist from where_opt groupby_opt having_opt orderby_opt limit_opt
          oneselect ::= * SELECT distinct selcollist from where_opt groupby_opt having_opt window_clause orderby_opt limit_opt
          oneselect ::= * values
          values ::= * VALUES LP nexprlist RP
          oneselect ::= * mvalues
          mvalues ::= * values COMMA LP nexprlist RP
          mvalues ::= * mvalues COMMA LP nexprlist RP

                        SELECT shift        322    
                        VALUES shift        573    
                     oneselect shift-reduce 88     selectnowith ::= selectnowith multiselect_op oneselect
                        values shift        579    
                       mvalues shift        568    

State 169:
          expr ::= expr * COLLATE ID|STRING
          expr ::= expr * AND expr
          expr ::= expr * OR expr
          expr ::= expr * LT|GT|GE|LE expr
          expr ::= expr * EQ|NE expr
          expr ::= expr * BITAND|BITOR|LSHIFT|RSHIFT expr
          expr ::= expr * PLUS|MINUS expr
          expr ::= expr * STAR|SLASH|REM expr
          expr ::= expr * CONCAT expr
          likeop ::= * LIKE_KW|MATCH
          likeop ::= * NOT LIKE_KW|MATCH
          expr ::= expr * likeop expr
          expr ::= expr * likeop expr ESCAPE expr
          expr ::= expr * ISNULL|NOTNULL
          expr ::= expr * NOT NULL
          expr ::= expr * IS expr
          expr ::= expr * IS NOT expr
          expr ::= expr * IS NOT DISTINCT FROM expr
          expr ::= expr * IS DISTINCT FROM expr
          expr ::= expr * PTR expr
    (217) expr ::= expr PTR expr *
          between_op ::= * BETWEEN
          between_op ::= * NOT BETWEEN
          expr ::= expr * between_op expr AND expr
          in_op ::= * IN
          in_op ::= * NOT IN
          expr ::= expr * in_op LP exprlist RP
          expr ::= expr * in_op LP select RP
          expr ::= expr * in_op nm dbnm paren_exprlist

                       COLLATE shift        453    
                        likeop shift        131    
                    between_op shift        128    
                         in_op shift        236    
                     {default} reduce       217    expr ::= expr PTR expr

State 170:
          expr ::= expr * COLLATE ID|STRING
          expr ::= expr * AND expr
          expr ::= expr * OR expr
          expr ::= expr * LT|GT|GE|LE expr
          expr ::= expr * EQ|NE expr
          expr ::= expr * BITAND|BITOR|LSHIFT|RSHIFT expr
          expr ::= expr * PLUS|MINUS expr
          expr ::= expr * STAR|SLASH|REM expr
          expr ::= expr * CONCAT expr
    (204) expr ::= expr CONCAT expr *
          likeop ::= * LIKE_KW|MATCH
          likeop ::= * NOT LIKE_KW|MATCH
          expr ::= expr * likeop expr
          expr ::= expr * likeop expr ESCAPE expr
          expr ::= expr * ISNULL|NOTNULL
          expr ::= expr * NOT NULL
          expr ::= expr * IS expr
          expr ::= expr * IS NOT expr
          expr ::= expr * IS NOT DISTINCT FROM expr
          expr ::= expr * IS DISTINCT FROM expr
          expr ::= expr * PTR expr
          between_op ::= * BETWEEN
          between_op ::= * NOT BETWEEN
          expr ::= expr * between_op expr AND expr
          in_op ::= * IN
          in_op ::= * NOT IN
          expr ::= expr * in_op LP exprlist RP
          expr ::= expr * in_op LP select RP
          expr ::= expr * in_op nm dbnm paren_exprlist

                       COLLATE shift        453    
                        likeop shift        131    
                    between_op shift        128    
                         in_op shift        236    
                     {default} reduce       204    expr ::= expr CONCAT expr

State 171:
          expr ::= expr * COLLATE ID|STRING
          expr ::= expr * AND expr
          expr ::= expr * OR expr
          expr ::= expr * LT|GT|GE|LE expr
          expr ::= expr * EQ|NE expr
          expr ::= expr * BITAND|BITOR|LSHIFT|RSHIFT expr
          expr ::= expr * PLUS|MINUS expr
          expr ::= expr * STAR|SLASH|REM expr
          expr ::= expr * CONCAT expr
          likeop ::= * LIKE_KW|MATCH
          likeop ::= * NOT LIKE_KW|MATCH
          expr ::= expr * likeop expr
          expr ::= expr * likeop expr ESCAPE expr
          expr ::= expr * ISNULL|NOTNULL
          expr ::= expr * NOT NULL
          expr ::= expr * IS expr
          expr ::= expr * IS NOT expr
          expr ::= expr * IS NOT DISTINCT FROM expr
          expr ::= expr * IS DISTINCT FROM expr
    (216) expr ::= PLUS|MINUS expr *
          expr ::= expr * PTR expr
          between_op ::= * BETWEEN
          between_op ::= * NOT BETWEEN
          expr ::= expr * between_op expr AND expr
          in_op ::= * IN
          in_op ::= * NOT IN
          expr ::= expr * in_op LP exprlist RP
          expr ::= expr * in_op LP select RP
          expr ::= expr * in_op nm dbnm paren_exprlist

                        likeop shift        131    
                    between_op shift        128    
                         in_op shift        236    
                     {default} reduce       216    expr ::= PLUS|MINUS expr

State 172:
          expr ::= expr * COLLATE ID|STRING
          expr ::= expr * AND expr
          expr ::= expr * OR expr
          expr ::= expr * LT|GT|GE|LE expr
          expr ::= expr * EQ|NE expr
          expr ::= expr * BITAND|BITOR|LSHIFT|RSHIFT expr
          expr ::= expr * PLUS|MINUS expr
          expr ::= expr * STAR|SLASH|REM expr
          expr ::= expr * CONCAT expr
          likeop ::= * LIKE_KW|MATCH
          likeop ::= * NOT LIKE_KW|MATCH
          expr ::= expr * likeop expr
          expr ::= expr * likeop expr ESCAPE expr
          expr ::= expr * ISNULL|NOTNULL
          expr ::= expr * NOT NULL
          expr ::= expr * IS expr
          expr ::= expr * IS NOT expr
          expr ::= expr * IS NOT DISTINCT FROM expr
          expr ::= expr * IS DISTINCT FROM expr
    (215) expr ::= BITNOT expr *
          expr ::= expr * PTR expr
          between_op ::= * BETWEEN
          between_op ::= * NOT BETWEEN
          expr ::= expr * between_op expr AND expr
          in_op ::= * IN
          in_op ::= * NOT IN
          expr ::= expr * in_op LP exprlist RP
          expr ::= expr * in_op LP select RP
          expr ::= expr * in_op nm dbnm paren_exprlist

                        likeop shift        131    
                    between_op shift        128    
                         in_op shift        236    
                     {default} reduce       215    expr ::= BITNOT expr

State 173:
          carglist ::= carglist * ccons
          ccons ::= * CONSTRAINT nm
          ccons ::= * DEFAULT scantok term
          ccons ::= * DEFAULT LP expr RP
          ccons ::= * DEFAULT PLUS scantok term
          ccons ::= * DEFAULT MINUS scantok term
          ccons ::= * DEFAULT scantok ID|INDEXED
          ccons ::= * NULL onconf
          ccons ::= * NOT NULL onconf
          ccons ::= * PRIMARY KEY sortorder onconf autoinc
          ccons ::= * UNIQUE onconf
          ccons ::= * CHECK LP expr RP
          ccons ::= * REFERENCES nm eidlist_opt refargs
          ccons ::= * defer_subclause
          ccons ::= * COLLATE ID|STRING
          ccons ::= * GENERATED ALWAYS AS generated
          ccons ::= * AS generated
          defer_subclause ::= * NOT DEFERRABLE init_deferred_pred_opt
          defer_subclause ::= * DEFERRABLE init_deferred_pred_opt
    (294) cmd ::= ALTER TABLE add_column_fullname ADD kwcolumn_opt columnname carglist *

                           NOT shift        439    
                            AS shift        366    
                     GENERATED shift        520    
                       COLLATE shift        436    
                    CONSTRAINT shift        276    
                       DEFAULT shift        293    
                          NULL shift        374    
                       PRIMARY shift        523    
                        UNIQUE shift        369    
                         CHECK shift        522    
                    REFERENCES shift        264    
                    DEFERRABLE shift        365    
                         ccons shift-reduce 365    carglist ::= carglist ccons
               defer_subclause shift-reduce 43     ccons ::= defer_subclause
                     {default} reduce       294    cmd ::= ALTER TABLE add_column_fullname ADD kwcolumn_opt columnname carglist

State 174:
    (358) columnlist ::= columnname carglist *
          carglist ::= carglist * ccons
          ccons ::= * CONSTRAINT nm
          ccons ::= * DEFAULT scantok term
          ccons ::= * DEFAULT LP expr RP
          ccons ::= * DEFAULT PLUS scantok term
          ccons ::= * DEFAULT MINUS scantok term
          ccons ::= * DEFAULT scantok ID|INDEXED
          ccons ::= * NULL onconf
          ccons ::= * NOT NULL onconf
          ccons ::= * PRIMARY KEY sortorder onconf autoinc
          ccons ::= * UNIQUE onconf
          ccons ::= * CHECK LP expr RP
          ccons ::= * REFERENCES nm eidlist_opt refargs
          ccons ::= * defer_subclause
          ccons ::= * COLLATE ID|STRING
          ccons ::= * GENERATED ALWAYS AS generated
          ccons ::= * AS generated
          defer_subclause ::= * NOT DEFERRABLE init_deferred_pred_opt
          defer_subclause ::= * DEFERRABLE init_deferred_pred_opt

                           NOT shift        439    
                            AS shift        366    
                     GENERATED shift        520    
                       COLLATE shift        436    
                    CONSTRAINT shift        276    
                       DEFAULT shift        293    
                          NULL shift        374    
                       PRIMARY shift        523    
                        UNIQUE shift        369    
                         CHECK shift        522    
                    REFERENCES shift        264    
                    DEFERRABLE shift        365    
                         ccons shift-reduce 365    carglist ::= carglist ccons
               defer_subclause shift-reduce 43     ccons ::= defer_subclause
                     {default} reduce       358    columnlist ::= columnname carglist

State 175:
    (357) columnlist ::= columnlist COMMA columnname carglist *
          carglist ::= carglist * ccons
          ccons ::= * CONSTRAINT nm
          ccons ::= * DEFAULT scantok term
          ccons ::= * DEFAULT LP expr RP
          ccons ::= * DEFAULT PLUS scantok term
          ccons ::= * DEFAULT MINUS scantok term
          ccons ::= * DEFAULT scantok ID|INDEXED
          ccons ::= * NULL onconf
          ccons ::= * NOT NULL onconf
          ccons ::= * PRIMARY KEY sortorder onconf autoinc
          ccons ::= * UNIQUE onconf
          ccons ::= * CHECK LP expr RP
          ccons ::= * REFERENCES nm eidlist_opt refargs
          ccons ::= * defer_subclause
          ccons ::= * COLLATE ID|STRING
          ccons ::= * GENERATED ALWAYS AS generated
          ccons ::= * AS generated
          defer_subclause ::= * NOT DEFERRABLE init_deferred_pred_opt
          defer_subclause ::= * DEFERRABLE init_deferred_pred_opt

                           NOT shift        439    
                            AS shift        366    
                     GENERATED shift        520    
                       COLLATE shift        436    
                    CONSTRAINT shift        276    
                       DEFAULT shift        293    
                          NULL shift        374    
                       PRIMARY shift        523    
                        UNIQUE shift        369    
                         CHECK shift        522    
                    REFERENCES shift        264    
                    DEFERRABLE shift        365    
                         ccons shift-reduce 365    carglist ::= carglist ccons
               defer_subclause shift-reduce 43     ccons ::= defer_subclause
                     {default} reduce       357    columnlist ::= columnlist COMMA columnname carglist

State 176:
          nm ::= * ID|INDEXED|JOIN_KW
          nm ::= * STRING
          cmd ::= VACUUM * vinto
          cmd ::= VACUUM * nm vinto
          vinto ::= * INTO expr
    (252) vinto ::= *

                            ID shift-reduce 359    nm ::= ID|INDEXED|JOIN_KW
                       INDEXED shift-reduce 359    nm ::= ID|INDEXED|JOIN_KW
                        STRING shift-reduce 360    nm ::= STRING
                       JOIN_KW shift-reduce 359    nm ::= ID|INDEXED|JOIN_KW
                          INTO shift        97     
                            nm shift        331    
                         vinto shift-reduce 249    cmd ::= VACUUM vinto
                     {default} reduce       252    vinto ::=

State 177:
          nm ::= * ID|INDEXED|JOIN_KW
          nm ::= * STRING
          cmd ::= with UPDATE orconf xfullname indexed_opt SET * setlist from where_opt_ret
          setlist ::= * setlist COMMA nm EQ expr
          setlist ::= * setlist COMMA LP idlist RP EQ expr
          setlist ::= * nm EQ expr
          setlist ::= * LP idlist RP EQ expr

                            LP shift        199    
                            ID shift-reduce 359    nm ::= ID|INDEXED|JOIN_KW
                       INDEXED shift-reduce 359    nm ::= ID|INDEXED|JOIN_KW
                        STRING shift-reduce 360    nm ::= STRING
                       JOIN_KW shift-reduce 359    nm ::= ID|INDEXED|JOIN_KW
                            nm shift        487    
                       setlist shift        298    

State 178:
          nm ::= * ID|INDEXED|JOIN_KW
          nm ::= * STRING
          setlist ::= * setlist COMMA nm EQ expr
          setlist ::= * setlist COMMA LP idlist RP EQ expr
          setlist ::= * nm EQ expr
          setlist ::= * LP idlist RP EQ expr
          upsert ::= ON CONFLICT DO UPDATE SET * setlist where_opt returning

                            LP shift        199    
                            ID shift-reduce 359    nm ::= ID|INDEXED|JOIN_KW
                       INDEXED shift-reduce 359    nm ::= ID|INDEXED|JOIN_KW
                        STRING shift-reduce 360    nm ::= STRING
                       JOIN_KW shift-reduce 359    nm ::= ID|INDEXED|JOIN_KW
                            nm shift        487    
                       setlist shift        301    

State 179:
          nm ::= * ID|INDEXED|JOIN_KW
          nm ::= * STRING
          setlist ::= * setlist COMMA nm EQ expr
          setlist ::= * setlist COMMA LP idlist RP EQ expr
          setlist ::= * nm EQ expr
          setlist ::= * LP idlist RP EQ expr
          upsert ::= ON CONFLICT LP sortlist RP where_opt DO UPDATE SET * setlist where_opt upsert

                            LP shift        199    
                            ID shift-reduce 359    nm ::= ID|INDEXED|JOIN_KW
                       INDEXED shift-reduce 359    nm ::= ID|INDEXED|JOIN_KW
                        STRING shift-reduce 360    nm ::= STRING
                       JOIN_KW shift-reduce 359    nm ::= ID|INDEXED|JOIN_KW
                            nm shift        487    
                       setlist shift        304    

State 180:
          nm ::= * ID|INDEXED|JOIN_KW
          nm ::= * STRING
          setlist ::= * setlist COMMA nm EQ expr
          setlist ::= * setlist COMMA LP idlist RP EQ expr
          setlist ::= * nm EQ expr
          setlist ::= * LP idlist RP EQ expr
          trigger_cmd ::= UPDATE orconf trnm tridxby SET * setlist from where_opt scanpt

                            LP shift        199    
                            ID shift-reduce 359    nm ::= ID|INDEXED|JOIN_KW
                       INDEXED shift-reduce 359    nm ::= ID|INDEXED|JOIN_KW
                        STRING shift-reduce 360    nm ::= STRING
                       JOIN_KW shift-reduce 359    nm ::= ID|INDEXED|JOIN_KW
                            nm shift        487    
                       setlist shift        306    

State 181:
          orconf ::= OR * resolvetype
          resolvetype ::= * raisetype
          resolvetype ::= * IGNORE
          resolvetype ::= * REPLACE
          raisetype ::= * ROLLBACK
          raisetype ::= * ABORT
          raisetype ::= * FAIL

                      ROLLBACK shift-reduce 281    raisetype ::= ROLLBACK
                         ABORT shift-reduce 282    raisetype ::= ABORT
                          FAIL shift-reduce 283    raisetype ::= FAIL
                        IGNORE shift-reduce 77     resolvetype ::= IGNORE
                       REPLACE shift-reduce 78     resolvetype ::= REPLACE
                   resolvetype shift-reduce 76     orconf ::= OR resolvetype
                     raisetype shift-reduce 76     orconf ::= OR resolvetype  /* because raisetype==resolvetype */

State 182:
          onconf ::= ON CONFLICT * resolvetype
          resolvetype ::= * raisetype
          resolvetype ::= * IGNORE
          resolvetype ::= * REPLACE
          raisetype ::= * ROLLBACK
          raisetype ::= * ABORT
          raisetype ::= * FAIL

                      ROLLBACK shift-reduce 281    raisetype ::= ROLLBACK
                         ABORT shift-reduce 282    raisetype ::= ABORT
                          FAIL shift-reduce 283    raisetype ::= FAIL
                        IGNORE shift-reduce 77     resolvetype ::= IGNORE
                       REPLACE shift-reduce 78     resolvetype ::= REPLACE
                   resolvetype shift-reduce 74     onconf ::= ON CONFLICT resolvetype
                     raisetype shift-reduce 74     onconf ::= ON CONFLICT resolvetype  /* because raisetype==resolvetype */

State 183:
          window ::= nm * PARTITION BY nexprlist orderby_opt frame_opt
          window ::= nm * ORDER BY sortlist frame_opt
          window ::= nm * frame_opt
    (321) frame_opt ::= *
          frame_opt ::= * range_or_rows frame_bound_s frame_exclude_opt
          frame_opt ::= * range_or_rows BETWEEN frame_bound_s AND frame_bound_e frame_exclude_opt
          range_or_rows ::= * RANGE|ROWS|GROUPS

                          ROWS shift-reduce 324    range_or_rows ::= RANGE|ROWS|GROUPS
                     PARTITION shift        546    
                         RANGE shift-reduce 324    range_or_rows ::= RANGE|ROWS|GROUPS
                        GROUPS shift-reduce 324    range_or_rows ::= RANGE|ROWS|GROUPS
                         ORDER shift        545    
                     frame_opt shift-reduce 320    window ::= nm frame_opt
                 range_or_rows shift        7      
                     {default} reduce       321    frame_opt ::=

State 184:
          table_option_set ::= table_option_set COMMA * table_option
          table_option ::= * WITHOUT nm
          table_option ::= * nm
          nm ::= * ID|INDEXED|JOIN_KW
          nm ::= * STRING

                       WITHOUT shift        277    
                            ID shift-reduce 359    nm ::= ID|INDEXED|JOIN_KW
                       INDEXED shift-reduce 359    nm ::= ID|INDEXED|JOIN_KW
                        STRING shift-reduce 360    nm ::= STRING
                       JOIN_KW shift-reduce 359    nm ::= ID|INDEXED|JOIN_KW
                            nm shift-reduce 24     table_option ::= nm
                  table_option shift-reduce 22     table_option_set ::= table_option_set COMMA table_option

State 185:
    (400) vtabarglist ::= vtabarg *
          vtabarg ::= vtabarg * vtabargtoken
          vtabargtoken ::= * ANY
          vtabargtoken ::= * lp anylist RP
          lp ::= * LP

                            LP shift-reduce 304    lp ::= LP
                            RP reduce       400    vtabarglist ::= vtabarg
                         COMMA reduce       400    vtabarglist ::= vtabarg
                           ANY shift-reduce 302    vtabargtoken ::= ANY
                  vtabargtoken shift-reduce 402    vtabarg ::= vtabarg vtabargtoken
                            lp shift        401    

State 186:
    (401) vtabarglist ::= vtabarglist COMMA vtabarg *
          vtabarg ::= vtabarg * vtabargtoken
          vtabargtoken ::= * ANY
          vtabargtoken ::= * lp anylist RP
          lp ::= * LP

                            LP shift-reduce 304    lp ::= LP
                            RP reduce       401    vtabarglist ::= vtabarglist COMMA vtabarg
                         COMMA reduce       401    vtabarglist ::= vtabarglist COMMA vtabarg
                           ANY shift-reduce 302    vtabargtoken ::= ANY
                  vtabargtoken shift-reduce 402    vtabarg ::= vtabarg vtabargtoken
                            lp shift        401    

State 187:
          columnname ::= * nm typetoken
          nm ::= * ID|INDEXED|JOIN_KW
          nm ::= * STRING
          cmd ::= ALTER TABLE add_column_fullname ADD kwcolumn_opt * columnname carglist

                            ID shift-reduce 359    nm ::= ID|INDEXED|JOIN_KW
                       INDEXED shift-reduce 359    nm ::= ID|INDEXED|JOIN_KW
                        STRING shift-reduce 360    nm ::= STRING
                       JOIN_KW shift-reduce 359    nm ::= ID|INDEXED|JOIN_KW
                            nm shift        216    
                    columnname shift        403    

State 188:
          nm ::= * ID|INDEXED|JOIN_KW
          nm ::= * STRING
          xfullname ::= * nm
          xfullname ::= * nm DOT nm
          xfullname ::= * nm DOT nm AS nm
          xfullname ::= * nm AS nm
          cmd ::= insert_cmd INTO * xfullname idlist_opt VALUES LP exprlist RP SEMI

                            ID shift-reduce 359    nm ::= ID|INDEXED|JOIN_KW
                       INDEXED shift-reduce 359    nm ::= ID|INDEXED|JOIN_KW
                        STRING shift-reduce 360    nm ::= STRING
                       JOIN_KW shift-reduce 359    nm ::= ID|INDEXED|JOIN_KW
                            nm shift        425    
                     xfullname shift        332    

State 189:
          nm ::= * ID|INDEXED|JOIN_KW
          nm ::= * STRING
          xfullname ::= * nm
          xfullname ::= * nm DOT nm
          xfullname ::= * nm DOT nm AS nm
          xfullname ::= * nm AS nm
          cmd ::= with insert_cmd INTO * xfullname idlist_opt select upsert

                            ID shift-reduce 359    nm ::= ID|INDEXED|JOIN_KW
                       INDEXED shift-reduce 359    nm ::= ID|INDEXED|JOIN_KW
                        STRING shift-reduce 360    nm ::= STRING
                       JOIN_KW shift-reduce 359    nm ::= ID|INDEXED|JOIN_KW
                            nm shift        425    
                     xfullname shift        333    

State 190:
          nm ::= * ID|INDEXED|JOIN_KW
          nm ::= * STRING
          xfullname ::= * nm
          xfullname ::= * nm DOT nm
          xfullname ::= * nm DOT nm AS nm
          xfullname ::= * nm AS nm
          cmd ::= with UPDATE orconf * xfullname indexed_opt SET setlist from where_opt_ret

                            ID shift-reduce 359    nm ::= ID|INDEXED|JOIN_KW
                       INDEXED shift-reduce 359    nm ::= ID|INDEXED|JOIN_KW
                        STRING shift-reduce 360    nm ::= STRING
                       JOIN_KW shift-reduce 359    nm ::= ID|INDEXED|JOIN_KW
                            nm shift        425    
                     xfullname shift        214    

State 191:
          nm ::= * ID|INDEXED|JOIN_KW
          nm ::= * STRING
          xfullname ::= * nm
          xfullname ::= * nm DOT nm
          xfullname ::= * nm DOT nm AS nm
          xfullname ::= * nm AS nm
          cmd ::= with DELETE FROM * xfullname indexed_opt where_opt_ret

                            ID shift-reduce 359    nm ::= ID|INDEXED|JOIN_KW
                       INDEXED shift-reduce 359    nm ::= ID|INDEXED|JOIN_KW
                        STRING shift-reduce 360    nm ::= STRING
                       JOIN_KW shift-reduce 359    nm ::= ID|INDEXED|JOIN_KW
                            nm shift        425    
                     xfullname shift        215    

State 192:
          nm ::= * ID|INDEXED|JOIN_KW
          nm ::= * STRING
          fullname ::= * nm
          fullname ::= * nm DOT nm
          cmd ::= DROP TRIGGER ifexists * fullname

                            ID shift-reduce 359    nm ::= ID|INDEXED|JOIN_KW
                       INDEXED shift-reduce 359    nm ::= ID|INDEXED|JOIN_KW
                        STRING shift-reduce 360    nm ::= STRING
                       JOIN_KW shift-reduce 359    nm ::= ID|INDEXED|JOIN_KW
                            nm shift        504    
                      fullname shift-reduce 284    cmd ::= DROP TRIGGER ifexists fullname

State 193:
          nm ::= * ID|INDEXED|JOIN_KW
          nm ::= * STRING
          fullname ::= * nm
          fullname ::= * nm DOT nm
          cmd ::= DROP INDEX ifexists * fullname

                            ID shift-reduce 359    nm ::= ID|INDEXED|JOIN_KW
                       INDEXED shift-reduce 359    nm ::= ID|INDEXED|JOIN_KW
                        STRING shift-reduce 360    nm ::= STRING
                       JOIN_KW shift-reduce 359    nm ::= ID|INDEXED|JOIN_KW
                            nm shift        504    
                      fullname shift-reduce 248    cmd ::= DROP INDEX ifexists fullname

State 194:
          nm ::= * ID|INDEXED|JOIN_KW
          nm ::= * STRING
          cmd ::= DROP VIEW ifexists * fullname
          fullname ::= * nm
          fullname ::= * nm DOT nm

                            ID shift-reduce 359    nm ::= ID|INDEXED|JOIN_KW
                       INDEXED shift-reduce 359    nm ::= ID|INDEXED|JOIN_KW
                        STRING shift-reduce 360    nm ::= STRING
                       JOIN_KW shift-reduce 359    nm ::= ID|INDEXED|JOIN_KW
                            nm shift        504    
                      fullname shift-reduce 83     cmd ::= DROP VIEW ifexists fullname

State 195:
          nm ::= * ID|INDEXED|JOIN_KW
          nm ::= * STRING
          cmd ::= DROP TABLE ifexists * fullname
          fullname ::= * nm
          fullname ::= * nm DOT nm

                            ID shift-reduce 359    nm ::= ID|INDEXED|JOIN_KW
                       INDEXED shift-reduce 359    nm ::= ID|INDEXED|JOIN_KW
                        STRING shift-reduce 360    nm ::= STRING
                       JOIN_KW shift-reduce 359    nm ::= ID|INDEXED|JOIN_KW
                            nm shift        504    
                      fullname shift-reduce 79     cmd ::= DROP TABLE ifexists fullname

State 196:
          nm ::= * ID|INDEXED|JOIN_KW
          nm ::= * STRING
          trnm ::= * nm
          trnm ::= * nm DOT nm
          trigger_cmd ::= DELETE FROM * trnm tridxby where_opt scanpt

                            ID shift-reduce 359    nm ::= ID|INDEXED|JOIN_KW
                       INDEXED shift-reduce 359    nm ::= ID|INDEXED|JOIN_KW
                        STRING shift-reduce 360    nm ::= STRING
                       JOIN_KW shift-reduce 359    nm ::= ID|INDEXED|JOIN_KW
                            nm shift        493    
                          trnm shift        300    

State 197:
          nm ::= * ID|INDEXED|JOIN_KW
          nm ::= * STRING
          idlist_opt ::= LP * idlist RP
          idlist ::= * idlist COMMA nm
          idlist ::= * nm

                            ID shift-reduce 359    nm ::= ID|INDEXED|JOIN_KW
                       INDEXED shift-reduce 359    nm ::= ID|INDEXED|JOIN_KW
                        STRING shift-reduce 360    nm ::= STRING
                       JOIN_KW shift-reduce 359    nm ::= ID|INDEXED|JOIN_KW
                            nm shift-reduce 178    idlist ::= nm
                        idlist shift        430    

State 198:
          nm ::= * ID|INDEXED|JOIN_KW
          nm ::= * STRING
          trnm ::= * nm
          trnm ::= * nm DOT nm
          trigger_cmd ::= scanpt insert_cmd INTO * trnm idlist_opt select upsert scanpt

                            ID shift-reduce 359    nm ::= ID|INDEXED|JOIN_KW
                       INDEXED shift-reduce 359    nm ::= ID|INDEXED|JOIN_KW
                        STRING shift-reduce 360    nm ::= STRING
                       JOIN_KW shift-reduce 359    nm ::= ID|INDEXED|JOIN_KW
                            nm shift        493    
                          trnm shift        345    

State 199:
          nm ::= * ID|INDEXED|JOIN_KW
          nm ::= * STRING
          setlist ::= LP * idlist RP EQ expr
          idlist ::= * idlist COMMA nm
          idlist ::= * nm

                            ID shift-reduce 359    nm ::= ID|INDEXED|JOIN_KW
                       INDEXED shift-reduce 359    nm ::= ID|INDEXED|JOIN_KW
                        STRING shift-reduce 360    nm ::= STRING
                       JOIN_KW shift-reduce 359    nm ::= ID|INDEXED|JOIN_KW
                            nm shift-reduce 178    idlist ::= nm
                        idlist shift        431    

State 200:
          nm ::= * ID|INDEXED|JOIN_KW
          nm ::= * STRING
          setlist ::= setlist COMMA LP * idlist RP EQ expr
          idlist ::= * idlist COMMA nm
          idlist ::= * nm

                            ID shift-reduce 359    nm ::= ID|INDEXED|JOIN_KW
                       INDEXED shift-reduce 359    nm ::= ID|INDEXED|JOIN_KW
                        STRING shift-reduce 360    nm ::= STRING
                       JOIN_KW shift-reduce 359    nm ::= ID|INDEXED|JOIN_KW
                            nm shift-reduce 178    idlist ::= nm
                        idlist shift        432    

State 201:
          nm ::= * ID|INDEXED|JOIN_KW
          nm ::= * STRING
          trnm ::= * nm
          trnm ::= * nm DOT nm
          trigger_cmd ::= UPDATE orconf * trnm tridxby SET setlist from where_opt scanpt

                            ID shift-reduce 359    nm ::= ID|INDEXED|JOIN_KW
                       INDEXED shift-reduce 359    nm ::= ID|INDEXED|JOIN_KW
                        STRING shift-reduce 360    nm ::= STRING
                       JOIN_KW shift-reduce 359    nm ::= ID|INDEXED|JOIN_KW
                            nm shift        493    
                          trnm shift        307    

State 202:
          nm ::= * ID|INDEXED|JOIN_KW
          nm ::= * STRING
          idlist ::= * idlist COMMA nm
          idlist ::= * nm
          trigger_event ::= UPDATE OF * idlist

                            ID shift-reduce 359    nm ::= ID|INDEXED|JOIN_KW
                       INDEXED shift-reduce 359    nm ::= ID|INDEXED|JOIN_KW
                        STRING shift-reduce 360    nm ::= STRING
                       JOIN_KW shift-reduce 359    nm ::= ID|INDEXED|JOIN_KW
                            nm shift-reduce 178    idlist ::= nm
                        idlist shift        500    

State 203:
          nm ::= * ID|INDEXED|JOIN_KW
          nm ::= * STRING
          fullname ::= * nm
          fullname ::= * nm DOT nm
          trigger_decl ::= temp TRIGGER ifnotexists nm dbnm trigger_time trigger_event ON * fullname foreach_clause when_clause

                            ID shift-reduce 359    nm ::= ID|INDEXED|JOIN_KW
                       INDEXED shift-reduce 359    nm ::= ID|INDEXED|JOIN_KW
                        STRING shift-reduce 360    nm ::= STRING
                       JOIN_KW shift-reduce 359    nm ::= ID|INDEXED|JOIN_KW
                            nm shift        504    
                      fullname shift        353    

State 204:
          nm ::= * ID|INDEXED|JOIN_KW
          nm ::= * STRING
          tcons ::= FOREIGN KEY LP * eidlist RP REFERENCES nm eidlist_opt refargs defer_subclause_opt
          eidlist ::= * eidlist COMMA nm collate sortorder
          eidlist ::= * nm collate sortorder

                            ID shift-reduce 359    nm ::= ID|INDEXED|JOIN_KW
                       INDEXED shift-reduce 359    nm ::= ID|INDEXED|JOIN_KW
                        STRING shift-reduce 360    nm ::= STRING
                       JOIN_KW shift-reduce 359    nm ::= ID|INDEXED|JOIN_KW
                            nm shift        377    
                       eidlist shift        434    

State 205:
          nm ::= * ID|INDEXED|JOIN_KW
          nm ::= * STRING
          eidlist_opt ::= LP * eidlist RP
          eidlist ::= * eidlist COMMA nm collate sortorder
          eidlist ::= * nm collate sortorder

                            ID shift-reduce 359    nm ::= ID|INDEXED|JOIN_KW
                       INDEXED shift-reduce 359    nm ::= ID|INDEXED|JOIN_KW
                        STRING shift-reduce 360    nm ::= STRING
                       JOIN_KW shift-reduce 359    nm ::= ID|INDEXED|JOIN_KW
                            nm shift        377    
                       eidlist shift        444    

State 206:
          nm ::= * ID|INDEXED|JOIN_KW
          nm ::= * STRING
          on_using ::= USING LP * idlist RP
          idlist ::= * idlist COMMA nm
          idlist ::= * nm

                            ID shift-reduce 359    nm ::= ID|INDEXED|JOIN_KW
                       INDEXED shift-reduce 359    nm ::= ID|INDEXED|JOIN_KW
                        STRING shift-reduce 360    nm ::= STRING
                       JOIN_KW shift-reduce 359    nm ::= ID|INDEXED|JOIN_KW
                            nm shift-reduce 178    idlist ::= nm
                        idlist shift        445    

State 207:
          seltablist ::= stl_prefix nm dbnm as * on_using
          seltablist ::= stl_prefix nm dbnm as * indexed_by on_using
          on_using ::= * ON expr
          on_using ::= * USING LP idlist RP
    (130) on_using ::= *
          indexed_by ::= * INDEXED BY nm
          indexed_by ::= * NOT INDEXED

                           NOT shift        538    
                            ON shift        109    
                       INDEXED shift        539    
                         USING shift        540    
                      on_using shift-reduce 111    seltablist ::= stl_prefix nm dbnm as on_using
                    indexed_by shift        317    
                     {default} reduce       130    on_using ::=

State 208:
          sortlist ::= sortlist * COMMA expr sortorder nulls
          window ::= ORDER BY sortlist * frame_opt
    (321) frame_opt ::= *
          frame_opt ::= * range_or_rows frame_bound_s frame_exclude_opt
          frame_opt ::= * range_or_rows BETWEEN frame_bound_s AND frame_bound_e frame_exclude_opt
          range_or_rows ::= * RANGE|ROWS|GROUPS

                         COMMA shift        112    
                          ROWS shift-reduce 324    range_or_rows ::= RANGE|ROWS|GROUPS
                         RANGE shift-reduce 324    range_or_rows ::= RANGE|ROWS|GROUPS
                        GROUPS shift-reduce 324    range_or_rows ::= RANGE|ROWS|GROUPS
                     frame_opt shift-reduce 318    window ::= ORDER BY sortlist frame_opt
                 range_or_rows shift        7      
                     {default} reduce       321    frame_opt ::=

State 209:
          sortlist ::= sortlist * COMMA expr sortorder nulls
          window ::= nm ORDER BY sortlist * frame_opt
    (321) frame_opt ::= *
          frame_opt ::= * range_or_rows frame_bound_s frame_exclude_opt
          frame_opt ::= * range_or_rows BETWEEN frame_bound_s AND frame_bound_e frame_exclude_opt
          range_or_rows ::= * RANGE|ROWS|GROUPS

                         COMMA shift        112    
                          ROWS shift-reduce 324    range_or_rows ::= RANGE|ROWS|GROUPS
                         RANGE shift-reduce 324    range_or_rows ::= RANGE|ROWS|GROUPS
                        GROUPS shift-reduce 324    range_or_rows ::= RANGE|ROWS|GROUPS
                     frame_opt shift-reduce 319    window ::= nm ORDER BY sortlist frame_opt
                 range_or_rows shift        7      
                     {default} reduce       321    frame_opt ::=

State 210:
          nm ::= * ID|INDEXED|JOIN_KW
          nm ::= * STRING
          windowdefn_list ::= windowdefn_list COMMA * windowdefn
          windowdefn ::= * nm AS LP window RP

                            ID shift-reduce 359    nm ::= ID|INDEXED|JOIN_KW
                       INDEXED shift-reduce 359    nm ::= ID|INDEXED|JOIN_KW
                        STRING shift-reduce 360    nm ::= STRING
                       JOIN_KW shift-reduce 359    nm ::= ID|INDEXED|JOIN_KW
                            nm shift        556    
                    windowdefn shift-reduce 314    windowdefn_list ::= windowdefn_list COMMA windowdefn

State 211:
     (30) scanpt ::= *
          cmd ::= createkw trigger_decl BEGIN trigger_cmd_list * END
          trigger_cmd_list ::= trigger_cmd_list * trigger_cmd SEMI
          trigger_cmd ::= * UPDATE orconf trnm tridxby SET setlist from where_opt scanpt
          trigger_cmd ::= * scanpt insert_cmd INTO trnm idlist_opt select upsert scanpt
          trigger_cmd ::= * DELETE FROM trnm tridxby where_opt scanpt
          trigger_cmd ::= * scanpt select scanpt

                           END shift-reduce 260    cmd ::= createkw trigger_decl BEGIN trigger_cmd_list END
                        DELETE shift        478    
                        UPDATE shift        348    
                        scanpt shift        6      
                   trigger_cmd shift        494    
                     {default} reduce       30     scanpt ::=

State 212:
          window ::= nm PARTITION BY nexprlist orderby_opt * frame_opt
    (321) frame_opt ::= *
          frame_opt ::= * range_or_rows frame_bound_s frame_exclude_opt
          frame_opt ::= * range_or_rows BETWEEN frame_bound_s AND frame_bound_e frame_exclude_opt
          range_or_rows ::= * RANGE|ROWS|GROUPS

                          ROWS shift-reduce 324    range_or_rows ::= RANGE|ROWS|GROUPS
                         RANGE shift-reduce 324    range_or_rows ::= RANGE|ROWS|GROUPS
                        GROUPS shift-reduce 324    range_or_rows ::= RANGE|ROWS|GROUPS
                     frame_opt shift-reduce 317    window ::= nm PARTITION BY nexprlist orderby_opt frame_opt
                 range_or_rows shift        7      
                     {default} reduce       321    frame_opt ::=

State 213:
          window ::= PARTITION BY nexprlist orderby_opt * frame_opt
    (321) frame_opt ::= *
          frame_opt ::= * range_or_rows frame_bound_s frame_exclude_opt
          frame_opt ::= * range_or_rows BETWEEN frame_bound_s AND frame_bound_e frame_exclude_opt
          range_or_rows ::= * RANGE|ROWS|GROUPS

                          ROWS shift-reduce 324    range_or_rows ::= RANGE|ROWS|GROUPS
                         RANGE shift-reduce 324    range_or_rows ::= RANGE|ROWS|GROUPS
                        GROUPS shift-reduce 324    range_or_rows ::= RANGE|ROWS|GROUPS
                     frame_opt shift-reduce 316    window ::= PARTITION BY nexprlist orderby_opt frame_opt
                 range_or_rows shift        7      
                     {default} reduce       321    frame_opt ::=

State 214:
    (131) indexed_opt ::= *
          indexed_opt ::= * indexed_by
          indexed_by ::= * INDEXED BY nm
          indexed_by ::= * NOT INDEXED
          cmd ::= with UPDATE orconf xfullname * indexed_opt SET setlist from where_opt_ret

                           NOT shift        538    
                       INDEXED shift        539    
                    indexed_by shift        469      /* because indexed_by==indexed_opt */
                   indexed_opt shift        469    
                     {default} reduce       131    indexed_opt ::=

State 215:
    (131) indexed_opt ::= *
          indexed_opt ::= * indexed_by
          indexed_by ::= * INDEXED BY nm
          indexed_by ::= * NOT INDEXED
          cmd ::= with DELETE FROM xfullname * indexed_opt where_opt_ret

                           NOT shift        538    
                       INDEXED shift        539    
                    indexed_by shift        299      /* because indexed_by==indexed_opt */
                   indexed_opt shift        299    
                     {default} reduce       131    indexed_opt ::=

State 216:
          columnname ::= nm * typetoken
     (26) typetoken ::= *
          typetoken ::= * typename
          typetoken ::= * typename LP signed RP
          typetoken ::= * typename LP signed COMMA signed RP
          typename ::= * ID|STRING
          typename ::= * typename ID|STRING

                            ID shift-reduce 362    typename ::= ID|STRING
                        STRING shift-reduce 362    typename ::= ID|STRING
                     typetoken shift-reduce 25     columnname ::= nm typetoken
                      typename shift        421    
                     {default} reduce       26     typetoken ::=

State 217:
     (26) typetoken ::= *
          typetoken ::= * typename
          typetoken ::= * typename LP signed RP
          typetoken ::= * typename LP signed COMMA signed RP
          typename ::= * ID|STRING
          typename ::= * typename ID|STRING
          expr ::= CAST LP expr AS * typetoken RP

                            ID shift-reduce 362    typename ::= ID|STRING
                        STRING shift-reduce 362    typename ::= ID|STRING
                     typetoken shift        575    
                      typename shift        421    
                     {default} reduce       26     typetoken ::=

State 218:
          oneselect ::= SELECT distinct selcollist from where_opt groupby_opt having_opt * orderby_opt limit_opt
          oneselect ::= SELECT distinct selcollist from where_opt groupby_opt having_opt * window_clause orderby_opt limit_opt
    (134) orderby_opt ::= *
          orderby_opt ::= * ORDER BY sortlist
          window_clause ::= * WINDOW windowdefn_list

                         ORDER shift        559    
                        WINDOW shift        159    
                   orderby_opt shift        390    
                 window_clause shift        386    
                     {default} reduce       134    orderby_opt ::=

State 219:
          cmd ::= create_vtab LP * vtabarglist RP
          vtabarglist ::= * vtabarg
          vtabarglist ::= * vtabarglist COMMA vtabarg
    (301) vtabarg ::= *
          vtabarg ::= * vtabarg vtabargtoken

                   vtabarglist shift        422    
                       vtabarg shift        185    
                     {default} reduce       301    vtabarg ::=

State 220:
          sclp ::= * selcollist COMMA
    (101) sclp ::= *
          selcollist ::= * sclp scanpt expr scanpt as
          selcollist ::= * sclp scanpt STAR
          selcollist ::= * sclp scanpt nm DOT STAR
          where_opt_ret ::= RETURNING * selcollist

                    selcollist shift        470    
                          sclp shift        413    
                     {default} reduce       101    sclp ::=

State 221:
          sclp ::= * selcollist COMMA
    (101) sclp ::= *
          selcollist ::= * sclp scanpt expr scanpt as
          selcollist ::= * sclp scanpt STAR
          selcollist ::= * sclp scanpt nm DOT STAR
          where_opt_ret ::= WHERE expr RETURNING * selcollist

                    selcollist shift        471    
                          sclp shift        413    
                     {default} reduce       101    sclp ::=

State 222:
          sclp ::= * selcollist COMMA
    (101) sclp ::= *
          selcollist ::= * sclp scanpt expr scanpt as
          selcollist ::= * sclp scanpt STAR
          selcollist ::= * sclp scanpt nm DOT STAR
          returning ::= RETURNING * selcollist

                    selcollist shift        480    
                          sclp shift        413    
                     {default} reduce       101    sclp ::=

State 223:
          sclp ::= * selcollist COMMA
    (101) sclp ::= *
          selcollist ::= * sclp scanpt expr scanpt as
          selcollist ::= * sclp scanpt STAR
          selcollist ::= * sclp scanpt nm DOT STAR
          upsert ::= RETURNING * selcollist

                    selcollist shift        484    
                          sclp shift        413    
                     {default} reduce       101    sclp ::=

State 224:
          from ::= FROM * seltablist
          stl_prefix ::= * seltablist joinop
    (110) stl_prefix ::= *
          seltablist ::= * stl_prefix nm dbnm as on_using
          seltablist ::= * stl_prefix nm dbnm as indexed_by on_using
          seltablist ::= * stl_prefix nm dbnm LP exprlist RP as on_using
          seltablist ::= * stl_prefix LP select RP as on_using
          seltablist ::= * stl_prefix LP seltablist RP as on_using

                    seltablist shift        289    
                    stl_prefix shift        233    
                     {default} reduce       110    stl_prefix ::=

State 225:
          oneselect ::= SELECT distinct * selcollist from where_opt groupby_opt having_opt orderby_opt limit_opt
          oneselect ::= SELECT distinct * selcollist from where_opt groupby_opt having_opt window_clause orderby_opt limit_opt
          sclp ::= * selcollist COMMA
    (101) sclp ::= *
          selcollist ::= * sclp scanpt expr scanpt as
          selcollist ::= * sclp scanpt STAR
          selcollist ::= * sclp scanpt nm DOT STAR

                    selcollist shift        321    
                          sclp shift        413    
                     {default} reduce       101    sclp ::=

State 226:
          ccons ::= DEFAULT scantok * term
          ccons ::= DEFAULT scantok * ID|INDEXED
          term ::= * NULL|FLOAT|BLOB
          term ::= * STRING
          term ::= * INTEGER
          term ::= * CTIME_KW
          term ::= * QNUMBER

                            ID shift-reduce 37     ccons ::= DEFAULT scantok ID|INDEXED
                      CTIME_KW shift-reduce 195    term ::= CTIME_KW
                       INDEXED shift-reduce 37     ccons ::= DEFAULT scantok ID|INDEXED
                        STRING shift-reduce 184    term ::= STRING
                          NULL shift-reduce 183    term ::= NULL|FLOAT|BLOB
                         FLOAT shift-reduce 183    term ::= NULL|FLOAT|BLOB
                          BLOB shift-reduce 183    term ::= NULL|FLOAT|BLOB
                       INTEGER shift-reduce 185    term ::= INTEGER
                       QNUMBER shift-reduce 343    term ::= QNUMBER
                          term shift-reduce 33     ccons ::= DEFAULT scantok term

State 227:
          ccons ::= DEFAULT MINUS scantok * term
          term ::= * NULL|FLOAT|BLOB
          term ::= * STRING
          term ::= * INTEGER
          term ::= * CTIME_KW
          term ::= * QNUMBER

                      CTIME_KW shift-reduce 195    term ::= CTIME_KW
                        STRING shift-reduce 184    term ::= STRING
                          NULL shift-reduce 183    term ::= NULL|FLOAT|BLOB
                         FLOAT shift-reduce 183    term ::= NULL|FLOAT|BLOB
                          BLOB shift-reduce 183    term ::= NULL|FLOAT|BLOB
                       INTEGER shift-reduce 185    term ::= INTEGER
                       QNUMBER shift-reduce 343    term ::= QNUMBER
                          term shift-reduce 36     ccons ::= DEFAULT MINUS scantok term

State 228:
          ccons ::= DEFAULT PLUS scantok * term
          term ::= * NULL|FLOAT|BLOB
          term ::= * STRING
          term ::= * INTEGER
          term ::= * CTIME_KW
          term ::= * QNUMBER

                      CTIME_KW shift-reduce 195    term ::= CTIME_KW
                        STRING shift-reduce 184    term ::= STRING
                          NULL shift-reduce 183    term ::= NULL|FLOAT|BLOB
                         FLOAT shift-reduce 183    term ::= NULL|FLOAT|BLOB
                          BLOB shift-reduce 183    term ::= NULL|FLOAT|BLOB
                       INTEGER shift-reduce 185    term ::= INTEGER
                       QNUMBER shift-reduce 343    term ::= QNUMBER
                          term shift-reduce 35     ccons ::= DEFAULT PLUS scantok term

State 229:
          nm ::= * ID|INDEXED|JOIN_KW
          nm ::= * STRING
          setlist ::= setlist COMMA * nm EQ expr
          setlist ::= setlist COMMA * LP idlist RP EQ expr

                            LP shift        200    
                            ID shift-reduce 359    nm ::= ID|INDEXED|JOIN_KW
                       INDEXED shift-reduce 359    nm ::= ID|INDEXED|JOIN_KW
                        STRING shift-reduce 360    nm ::= STRING
                       JOIN_KW shift-reduce 359    nm ::= ID|INDEXED|JOIN_KW
                            nm shift        489    

State 230:
          conslist ::= conslist tconscomma * tcons
          tcons ::= * CONSTRAINT nm
          tcons ::= * PRIMARY KEY LP sortlist autoinc RP onconf
          tcons ::= * UNIQUE LP sortlist RP onconf
          tcons ::= * CHECK LP expr RP onconf
          tcons ::= * FOREIGN KEY LP eidlist RP REFERENCES nm eidlist_opt refargs defer_subclause_opt

                    CONSTRAINT shift        259    
                       PRIMARY shift        517    
                        UNIQUE shift        514    
                         CHECK shift        513    
                       FOREIGN shift        512    
                         tcons shift-reduce 371    conslist ::= conslist tconscomma tcons

State 231:
          nm ::= * ID|INDEXED|JOIN_KW
          nm ::= * STRING
          over_clause ::= OVER * LP window RP
          over_clause ::= OVER * nm

                            LP shift        41     
                            ID shift-reduce 359    nm ::= ID|INDEXED|JOIN_KW
                       INDEXED shift-reduce 359    nm ::= ID|INDEXED|JOIN_KW
                        STRING shift-reduce 360    nm ::= STRING
                       JOIN_KW shift-reduce 359    nm ::= ID|INDEXED|JOIN_KW
                            nm shift-reduce 341    over_clause ::= OVER nm

State 232:
          nm ::= * ID|INDEXED|JOIN_KW
          nm ::= * STRING
          selcollist ::= sclp scanpt nm DOT * STAR
          expr ::= nm DOT * nm
          expr ::= nm DOT * nm DOT nm

                            ID shift-reduce 359    nm ::= ID|INDEXED|JOIN_KW
                          STAR shift-reduce 104    selcollist ::= sclp scanpt nm DOT STAR
                       INDEXED shift-reduce 359    nm ::= ID|INDEXED|JOIN_KW
                        STRING shift-reduce 360    nm ::= STRING
                       JOIN_KW shift-reduce 359    nm ::= ID|INDEXED|JOIN_KW
                            nm shift        581    

State 233:
          nm ::= * ID|INDEXED|JOIN_KW
          nm ::= * STRING
          seltablist ::= stl_prefix * nm dbnm as on_using
          seltablist ::= stl_prefix * nm dbnm as indexed_by on_using
          seltablist ::= stl_prefix * nm dbnm LP exprlist RP as on_using
          seltablist ::= stl_prefix * LP select RP as on_using
          seltablist ::= stl_prefix * LP seltablist RP as on_using

                            LP shift        5      
                            ID shift-reduce 359    nm ::= ID|INDEXED|JOIN_KW
                       INDEXED shift-reduce 359    nm ::= ID|INDEXED|JOIN_KW
                        STRING shift-reduce 360    nm ::= STRING
                       JOIN_KW shift-reduce 359    nm ::= ID|INDEXED|JOIN_KW
                            nm shift        380    

State 234:
          nm ::= * ID|INDEXED|JOIN_KW
          nm ::= * STRING
          joinop ::= JOIN_KW nm * JOIN
          joinop ::= JOIN_KW nm * nm JOIN

                            ID shift-reduce 359    nm ::= ID|INDEXED|JOIN_KW
                       INDEXED shift-reduce 359    nm ::= ID|INDEXED|JOIN_KW
                        STRING shift-reduce 360    nm ::= STRING
                       JOIN_KW shift-reduce 359    nm ::= ID|INDEXED|JOIN_KW
                          JOIN shift-reduce 126    joinop ::= JOIN_KW nm JOIN
                            nm shift        541    

State 235:
          nm ::= * ID|INDEXED|JOIN_KW
          nm ::= * STRING
          joinop ::= JOIN_KW * JOIN
          joinop ::= JOIN_KW * nm JOIN
          joinop ::= JOIN_KW * nm nm JOIN

                            ID shift-reduce 359    nm ::= ID|INDEXED|JOIN_KW
                       INDEXED shift-reduce 359    nm ::= ID|INDEXED|JOIN_KW
                        STRING shift-reduce 360    nm ::= STRING
                       JOIN_KW shift-reduce 359    nm ::= ID|INDEXED|JOIN_KW
                          JOIN shift-reduce 125    joinop ::= JOIN_KW JOIN
                            nm shift        234    

State 236:
          nm ::= * ID|INDEXED|JOIN_KW
          nm ::= * STRING
          expr ::= expr in_op * LP exprlist RP
          expr ::= expr in_op * LP select RP
          expr ::= expr in_op * nm dbnm paren_exprlist

                            LP shift        3      
                            ID shift-reduce 359    nm ::= ID|INDEXED|JOIN_KW
                       INDEXED shift-reduce 359    nm ::= ID|INDEXED|JOIN_KW
                        STRING shift-reduce 360    nm ::= STRING
                       JOIN_KW shift-reduce 359    nm ::= ID|INDEXED|JOIN_KW
                            nm shift        388    

State 237:
          nm ::= * ID|INDEXED|JOIN_KW
          nm ::= * STRING
          cmd ::= ALTER TABLE fullname DROP kwcolumn_opt * nm

                            ID shift-reduce 359    nm ::= ID|INDEXED|JOIN_KW
                       INDEXED shift-reduce 359    nm ::= ID|INDEXED|JOIN_KW
                        STRING shift-reduce 360    nm ::= STRING
                       JOIN_KW shift-reduce 359    nm ::= ID|INDEXED|JOIN_KW
                            nm shift-reduce 295    cmd ::= ALTER TABLE fullname DROP kwcolumn_opt nm

State 238:
          nm ::= * ID|INDEXED|JOIN_KW
          nm ::= * STRING
          cmd ::= ALTER TABLE fullname RENAME kwcolumn_opt nm TO * nm

                            ID shift-reduce 359    nm ::= ID|INDEXED|JOIN_KW
                       INDEXED shift-reduce 359    nm ::= ID|INDEXED|JOIN_KW
                        STRING shift-reduce 360    nm ::= STRING
                       JOIN_KW shift-reduce 359    nm ::= ID|INDEXED|JOIN_KW
                            nm shift-reduce 297    cmd ::= ALTER TABLE fullname RENAME kwcolumn_opt nm TO nm

State 239:
          nm ::= * ID|INDEXED|JOIN_KW
          nm ::= * STRING
          cmd ::= ALTER TABLE fullname RENAME kwcolumn_opt * nm TO nm

                            ID shift-reduce 359    nm ::= ID|INDEXED|JOIN_KW
                       INDEXED shift-reduce 359    nm ::= ID|INDEXED|JOIN_KW
                        STRING shift-reduce 360    nm ::= STRING
                       JOIN_KW shift-reduce 359    nm ::= ID|INDEXED|JOIN_KW
                            nm shift        459    

State 240:
          nm ::= * ID|INDEXED|JOIN_KW
          nm ::= * STRING
          cmd ::= ALTER TABLE fullname RENAME TO * nm

                            ID shift-reduce 359    nm ::= ID|INDEXED|JOIN_KW
                       INDEXED shift-reduce 359    nm ::= ID|INDEXED|JOIN_KW
                        STRING shift-reduce 360    nm ::= STRING
                       JOIN_KW shift-reduce 359    nm ::= ID|INDEXED|JOIN_KW
                            nm shift-reduce 293    cmd ::= ALTER TABLE fullname RENAME TO nm

State 241:
          nm ::= * ID|INDEXED|JOIN_KW
          nm ::= * STRING
    (291) cmd ::= ANALYZE *
          cmd ::= ANALYZE * nm dbnm

                            ID shift-reduce 359    nm ::= ID|INDEXED|JOIN_KW
                       INDEXED shift-reduce 359    nm ::= ID|INDEXED|JOIN_KW
                        STRING shift-reduce 360    nm ::= STRING
                       JOIN_KW shift-reduce 359    nm ::= ID|INDEXED|JOIN_KW
                            nm shift        326    
                     {default} reduce       291    cmd ::= ANALYZE

State 242:
          nm ::= * ID|INDEXED|JOIN_KW
          nm ::= * STRING
    (289) cmd ::= REINDEX *
          cmd ::= REINDEX * nm dbnm

                            ID shift-reduce 359    nm ::= ID|INDEXED|JOIN_KW
                       INDEXED shift-reduce 359    nm ::= ID|INDEXED|JOIN_KW
                        STRING shift-reduce 360    nm ::= STRING
                       JOIN_KW shift-reduce 359    nm ::= ID|INDEXED|JOIN_KW
                            nm shift        327    
                     {default} reduce       289    cmd ::= REINDEX

State 243:
          nm ::= * ID|INDEXED|JOIN_KW
          nm ::= * STRING
          cmd ::= PRAGMA * nm dbnm
          cmd ::= PRAGMA * nm dbnm EQ nmnum
          cmd ::= PRAGMA * nm dbnm LP nmnum RP
          cmd ::= PRAGMA * nm dbnm EQ minus_num
          cmd ::= PRAGMA * nm dbnm LP minus_num RP

                            ID shift-reduce 359    nm ::= ID|INDEXED|JOIN_KW
                       INDEXED shift-reduce 359    nm ::= ID|INDEXED|JOIN_KW
                        STRING shift-reduce 360    nm ::= STRING
                       JOIN_KW shift-reduce 359    nm ::= ID|INDEXED|JOIN_KW
                            nm shift        330    

State 244:
          nm ::= * ID|INDEXED|JOIN_KW
          nm ::= * STRING
          xfullname ::= nm AS * nm

                            ID shift-reduce 359    nm ::= ID|INDEXED|JOIN_KW
                       INDEXED shift-reduce 359    nm ::= ID|INDEXED|JOIN_KW
                        STRING shift-reduce 360    nm ::= STRING
                       JOIN_KW shift-reduce 359    nm ::= ID|INDEXED|JOIN_KW
                            nm shift-reduce 123    xfullname ::= nm AS nm

State 245:
          nm ::= * ID|INDEXED|JOIN_KW
          nm ::= * STRING
          xfullname ::= nm DOT nm AS * nm

                            ID shift-reduce 359    nm ::= ID|INDEXED|JOIN_KW
                       INDEXED shift-reduce 359    nm ::= ID|INDEXED|JOIN_KW
                        STRING shift-reduce 360    nm ::= STRING
                       JOIN_KW shift-reduce 359    nm ::= ID|INDEXED|JOIN_KW
                            nm shift-reduce 122    xfullname ::= nm DOT nm AS nm

State 246:
          nm ::= * ID|INDEXED|JOIN_KW
          nm ::= * STRING
          xfullname ::= nm DOT * nm
          xfullname ::= nm DOT * nm AS nm

                            ID shift-reduce 359    nm ::= ID|INDEXED|JOIN_KW
                       INDEXED shift-reduce 359    nm ::= ID|INDEXED|JOIN_KW
                        STRING shift-reduce 360    nm ::= STRING
                       JOIN_KW shift-reduce 359    nm ::= ID|INDEXED|JOIN_KW
                            nm shift        472    

State 247:
          cmd ::= with * DELETE FROM xfullname indexed_opt where_opt_ret
          cmd ::= with * UPDATE orconf xfullname indexed_opt SET setlist from where_opt_ret
          cmd ::= with * insert_cmd INTO xfullname idlist_opt select upsert
          insert_cmd ::= * INSERT orconf
          insert_cmd ::= * REPLACE

                       REPLACE shift-reduce 174    insert_cmd ::= REPLACE
                        INSERT shift        346    
                        DELETE shift        473    
                        UPDATE shift        334    
                    insert_cmd shift        468    

State 248:
          nm ::= * ID|INDEXED|JOIN_KW
          nm ::= * STRING
          create_vtab ::= createkw VIRTUAL TABLE ifnotexists nm dbnm USING * nm

                            ID shift-reduce 359    nm ::= ID|INDEXED|JOIN_KW
                       INDEXED shift-reduce 359    nm ::= ID|INDEXED|JOIN_KW
                        STRING shift-reduce 360    nm ::= STRING
                       JOIN_KW shift-reduce 359    nm ::= ID|INDEXED|JOIN_KW
                            nm shift-reduce 300    create_vtab ::= createkw VIRTUAL TABLE ifnotexists nm dbnm USING nm

State 249:
          nm ::= * ID|INDEXED|JOIN_KW
          nm ::= * STRING
          create_vtab ::= createkw VIRTUAL TABLE ifnotexists * nm dbnm USING nm

                            ID shift-reduce 359    nm ::= ID|INDEXED|JOIN_KW
                       INDEXED shift-reduce 359    nm ::= ID|INDEXED|JOIN_KW
                        STRING shift-reduce 360    nm ::= STRING
                       JOIN_KW shift-reduce 359    nm ::= ID|INDEXED|JOIN_KW
                            nm shift        339    

State 250:
          nm ::= * ID|INDEXED|JOIN_KW
          nm ::= * STRING
          tridxby ::= INDEXED BY * nm

                            ID shift-reduce 359    nm ::= ID|INDEXED|JOIN_KW
                       INDEXED shift-reduce 359    nm ::= ID|INDEXED|JOIN_KW
                        STRING shift-reduce 360    nm ::= STRING
                       JOIN_KW shift-reduce 359    nm ::= ID|INDEXED|JOIN_KW
                            nm shift-reduce 273    tridxby ::= INDEXED BY nm

State 251:
          nm ::= * ID|INDEXED|JOIN_KW
          nm ::= * STRING
          trnm ::= nm DOT * nm

                            ID shift-reduce 359    nm ::= ID|INDEXED|JOIN_KW
                       INDEXED shift-reduce 359    nm ::= ID|INDEXED|JOIN_KW
                        STRING shift-reduce 360    nm ::= STRING
                       JOIN_KW shift-reduce 359    nm ::= ID|INDEXED|JOIN_KW
                            nm shift-reduce 272    trnm ::= nm DOT nm

State 252:
          nm ::= * ID|INDEXED|JOIN_KW
          nm ::= * STRING
          cmd ::= createkw uniqueflag INDEX ifnotexists nm dbnm ON * nm LP sortlist RP where_opt

                            ID shift-reduce 359    nm ::= ID|INDEXED|JOIN_KW
                       INDEXED shift-reduce 359    nm ::= ID|INDEXED|JOIN_KW
                        STRING shift-reduce 360    nm ::= STRING
                       JOIN_KW shift-reduce 359    nm ::= ID|INDEXED|JOIN_KW
                            nm shift        496    

State 253:
          nm ::= * ID|INDEXED|JOIN_KW
          nm ::= * STRING
          cmd ::= createkw uniqueflag INDEX ifnotexists * nm dbnm ON nm LP sortlist RP where_opt

                            ID shift-reduce 359    nm ::= ID|INDEXED|JOIN_KW
                       INDEXED shift-reduce 359    nm ::= ID|INDEXED|JOIN_KW
                        STRING shift-reduce 360    nm ::= STRING
                       JOIN_KW shift-reduce 359    nm ::= ID|INDEXED|JOIN_KW
                            nm shift        350    

State 254:
          nm ::= * ID|INDEXED|JOIN_KW
          nm ::= * STRING
          fullname ::= nm DOT * nm

                            ID shift-reduce 359    nm ::= ID|INDEXED|JOIN_KW
                       INDEXED shift-reduce 359    nm ::= ID|INDEXED|JOIN_KW
                        STRING shift-reduce 360    nm ::= STRING
                       JOIN_KW shift-reduce 359    nm ::= ID|INDEXED|JOIN_KW
                            nm shift-reduce 119    fullname ::= nm DOT nm

State 255:
          nm ::= * ID|INDEXED|JOIN_KW
          nm ::= * STRING
          trigger_decl ::= temp TRIGGER ifnotexists * nm dbnm trigger_time trigger_event ON fullname foreach_clause when_clause

                            ID shift-reduce 359    nm ::= ID|INDEXED|JOIN_KW
                       INDEXED shift-reduce 359    nm ::= ID|INDEXED|JOIN_KW
                        STRING shift-reduce 360    nm ::= STRING
                       JOIN_KW shift-reduce 359    nm ::= ID|INDEXED|JOIN_KW
                            nm shift        354    

State 256:
          nm ::= * ID|INDEXED|JOIN_KW
          nm ::= * STRING
          cmd ::= createkw temp VIEW ifnotexists * nm dbnm eidlist_opt AS select

                            ID shift-reduce 359    nm ::= ID|INDEXED|JOIN_KW
                       INDEXED shift-reduce 359    nm ::= ID|INDEXED|JOIN_KW
                        STRING shift-reduce 360    nm ::= STRING
                       JOIN_KW shift-reduce 359    nm ::= ID|INDEXED|JOIN_KW
                            nm shift        357    

State 257:
          create_table ::= createkw temp TABLE ifnotexists * nm dbnm
          nm ::= * ID|INDEXED|JOIN_KW
          nm ::= * STRING

                            ID shift-reduce 359    nm ::= ID|INDEXED|JOIN_KW
                       INDEXED shift-reduce 359    nm ::= ID|INDEXED|JOIN_KW
                        STRING shift-reduce 360    nm ::= STRING
                       JOIN_KW shift-reduce 359    nm ::= ID|INDEXED|JOIN_KW
                            nm shift        359    

State 258:
          nm ::= * ID|INDEXED|JOIN_KW
          nm ::= * STRING
          tcons ::= FOREIGN KEY LP eidlist RP REFERENCES * nm eidlist_opt refargs defer_subclause_opt

                            ID shift-reduce 359    nm ::= ID|INDEXED|JOIN_KW
                       INDEXED shift-reduce 359    nm ::= ID|INDEXED|JOIN_KW
                        STRING shift-reduce 360    nm ::= STRING
                       JOIN_KW shift-reduce 359    nm ::= ID|INDEXED|JOIN_KW
                            nm shift        361    

State 259:
          nm ::= * ID|INDEXED|JOIN_KW
          nm ::= * STRING
          tcons ::= CONSTRAINT * nm

                            ID shift-reduce 359    nm ::= ID|INDEXED|JOIN_KW
                       INDEXED shift-reduce 359    nm ::= ID|INDEXED|JOIN_KW
                        STRING shift-reduce 360    nm ::= STRING
                       JOIN_KW shift-reduce 359    nm ::= ID|INDEXED|JOIN_KW
                            nm shift-reduce 67     tcons ::= CONSTRAINT nm

State 260:
          refarg ::= ON UPDATE * refact
          refact ::= * SET NULL
          refact ::= * SET DEFAULT
          refact ::= * CASCADE
          refact ::= * RESTRICT
          refact ::= * NO ACTION

                       CASCADE shift-reduce 57     refact ::= CASCADE
                            NO shift        521    
                      RESTRICT shift-reduce 58     refact ::= RESTRICT
                           SET shift        437    
                        refact shift-reduce 54     refarg ::= ON UPDATE refact

State 261:
          refarg ::= ON DELETE * refact
          refact ::= * SET NULL
          refact ::= * SET DEFAULT
          refact ::= * CASCADE
          refact ::= * RESTRICT
          refact ::= * NO ACTION

                       CASCADE shift-reduce 57     refact ::= CASCADE
                            NO shift        521    
                      RESTRICT shift-reduce 58     refact ::= RESTRICT
                           SET shift        437    
                        refact shift-reduce 53     refarg ::= ON DELETE refact

State 262:
          refarg ::= ON INSERT * refact
          refact ::= * SET NULL
          refact ::= * SET DEFAULT
          refact ::= * CASCADE
          refact ::= * RESTRICT
          refact ::= * NO ACTION

                       CASCADE shift-reduce 57     refact ::= CASCADE
                            NO shift        521    
                      RESTRICT shift-reduce 58     refact ::= RESTRICT
                           SET shift        437    
                        refact shift-reduce 52     refarg ::= ON INSERT refact

State 263:
          nm ::= * ID|INDEXED|JOIN_KW
          nm ::= * STRING
          refarg ::= MATCH * nm

                            ID shift-reduce 359    nm ::= ID|INDEXED|JOIN_KW
                       INDEXED shift-reduce 359    nm ::= ID|INDEXED|JOIN_KW
                        STRING shift-reduce 360    nm ::= STRING
                       JOIN_KW shift-reduce 359    nm ::= ID|INDEXED|JOIN_KW
                            nm shift-reduce 51     refarg ::= MATCH nm

State 264:
          nm ::= * ID|INDEXED|JOIN_KW
          nm ::= * STRING
          ccons ::= REFERENCES * nm eidlist_opt refargs

                            ID shift-reduce 359    nm ::= ID|INDEXED|JOIN_KW
                       INDEXED shift-reduce 359    nm ::= ID|INDEXED|JOIN_KW
                        STRING shift-reduce 360    nm ::= STRING
                       JOIN_KW shift-reduce 359    nm ::= ID|INDEXED|JOIN_KW
                            nm shift        368    

State 265:
          nm ::= * ID|INDEXED|JOIN_KW
          nm ::= * STRING
          eidlist ::= eidlist COMMA * nm collate sortorder

                            ID shift-reduce 359    nm ::= ID|INDEXED|JOIN_KW
                       INDEXED shift-reduce 359    nm ::= ID|INDEXED|JOIN_KW
                        STRING shift-reduce 360    nm ::= STRING
                       JOIN_KW shift-reduce 359    nm ::= ID|INDEXED|JOIN_KW
                            nm shift        378    

State 266:
          stl_prefix ::= seltablist * joinop
          seltablist ::= stl_prefix LP seltablist * RP as on_using
          joinop ::= * COMMA|JOIN
          joinop ::= * JOIN_KW JOIN
          joinop ::= * JOIN_KW nm JOIN
          joinop ::= * JOIN_KW nm nm JOIN

                            RP shift        287    
                         COMMA shift-reduce 124    joinop ::= COMMA|JOIN
                       JOIN_KW shift        235    
                          JOIN shift-reduce 124    joinop ::= COMMA|JOIN
                        joinop shift-reduce 109    stl_prefix ::= seltablist joinop

State 267:
          nm ::= * ID|INDEXED|JOIN_KW
          nm ::= * STRING
          indexed_by ::= INDEXED BY * nm

                            ID shift-reduce 359    nm ::= ID|INDEXED|JOIN_KW
                       INDEXED shift-reduce 359    nm ::= ID|INDEXED|JOIN_KW
                        STRING shift-reduce 360    nm ::= STRING
                       JOIN_KW shift-reduce 359    nm ::= ID|INDEXED|JOIN_KW
                            nm shift-reduce 132    indexed_by ::= INDEXED BY nm

State 268:
          nm ::= * ID|INDEXED|JOIN_KW
          nm ::= * STRING
          idlist ::= idlist COMMA * nm

                            ID shift-reduce 359    nm ::= ID|INDEXED|JOIN_KW
                       INDEXED shift-reduce 359    nm ::= ID|INDEXED|JOIN_KW
                        STRING shift-reduce 360    nm ::= STRING
                       JOIN_KW shift-reduce 359    nm ::= ID|INDEXED|JOIN_KW
                            nm shift-reduce 177    idlist ::= idlist COMMA nm

State 269:
          nm ::= * ID|INDEXED|JOIN_KW
          nm ::= * STRING
          as ::= AS * nm

                            ID shift-reduce 359    nm ::= ID|INDEXED|JOIN_KW
                       INDEXED shift-reduce 359    nm ::= ID|INDEXED|JOIN_KW
                        STRING shift-reduce 360    nm ::= STRING
                       JOIN_KW shift-reduce 359    nm ::= ID|INDEXED|JOIN_KW
                            nm shift-reduce 105    as ::= AS nm

State 270:
          as ::= * AS nm
          as ::= * ID|STRING
    (106) as ::= *
          seltablist ::= stl_prefix nm dbnm * as on_using
          seltablist ::= stl_prefix nm dbnm * as indexed_by on_using
          seltablist ::= stl_prefix nm dbnm * LP exprlist RP as on_using

                            LP shift        11     
                            AS shift        269    
                            ID shift-reduce 379    as ::= ID|STRING
                        STRING shift-reduce 379    as ::= ID|STRING
                            as shift        207    
                     {default} reduce       106    as ::=

State 271:
          frame_exclude_opt ::= EXCLUDE * frame_exclude
          frame_exclude ::= * NO OTHERS
          frame_exclude ::= * CURRENT ROW
          frame_exclude ::= * GROUP|TIES

                            NO shift        552    
                       CURRENT shift        551    
                          TIES shift-reduce 335    frame_exclude ::= GROUP|TIES
                         GROUP shift-reduce 335    frame_exclude ::= GROUP|TIES
                 frame_exclude shift-reduce 332    frame_exclude_opt ::= EXCLUDE frame_exclude

State 272:
          nm ::= * ID|INDEXED|JOIN_KW
          nm ::= * STRING
          dbnm ::= DOT * nm

                            ID shift-reduce 359    nm ::= ID|INDEXED|JOIN_KW
                       INDEXED shift-reduce 359    nm ::= ID|INDEXED|JOIN_KW
                        STRING shift-reduce 360    nm ::= STRING
                       JOIN_KW shift-reduce 359    nm ::= ID|INDEXED|JOIN_KW
                            nm shift-reduce 117    dbnm ::= DOT nm

State 273:
          expr ::= RAISE LP * IGNORE RP
          expr ::= RAISE LP * raisetype COMMA expr RP
          raisetype ::= * ROLLBACK
          raisetype ::= * ABORT
          raisetype ::= * FAIL

                      ROLLBACK shift-reduce 281    raisetype ::= ROLLBACK
                         ABORT shift-reduce 282    raisetype ::= ABORT
                          FAIL shift-reduce 283    raisetype ::= FAIL
                        IGNORE shift        570    
                     raisetype shift        569    

State 274:
          nm ::= * ID|INDEXED|JOIN_KW
          nm ::= * STRING
          expr ::= nm DOT nm DOT * nm

                            ID shift-reduce 359    nm ::= ID|INDEXED|JOIN_KW
                       INDEXED shift-reduce 359    nm ::= ID|INDEXED|JOIN_KW
                        STRING shift-reduce 360    nm ::= STRING
                       JOIN_KW shift-reduce 359    nm ::= ID|INDEXED|JOIN_KW
                            nm shift-reduce 182    expr ::= nm DOT nm DOT nm

State 275:
          nm ::= * ID|INDEXED|JOIN_KW
          nm ::= * STRING
          expr ::= nm DOT * nm
          expr ::= nm DOT * nm DOT nm

                            ID shift-reduce 359    nm ::= ID|INDEXED|JOIN_KW
                       INDEXED shift-reduce 359    nm ::= ID|INDEXED|JOIN_KW
                        STRING shift-reduce 360    nm ::= STRING
                       JOIN_KW shift-reduce 359    nm ::= ID|INDEXED|JOIN_KW
                            nm shift        581    

State 276:
          nm ::= * ID|INDEXED|JOIN_KW
          nm ::= * STRING
          ccons ::= CONSTRAINT * nm

                            ID shift-reduce 359    nm ::= ID|INDEXED|JOIN_KW
                       INDEXED shift-reduce 359    nm ::= ID|INDEXED|JOIN_KW
                        STRING shift-reduce 360    nm ::= STRING
                       JOIN_KW shift-reduce 359    nm ::= ID|INDEXED|JOIN_KW
                            nm shift-reduce 32     ccons ::= CONSTRAINT nm

State 277:
          table_option ::= WITHOUT * nm
          nm ::= * ID|INDEXED|JOIN_KW
          nm ::= * STRING

                            ID shift-reduce 359    nm ::= ID|INDEXED|JOIN_KW
                       INDEXED shift-reduce 359    nm ::= ID|INDEXED|JOIN_KW
                        STRING shift-reduce 360    nm ::= STRING
                       JOIN_KW shift-reduce 359    nm ::= ID|INDEXED|JOIN_KW
                            nm shift-reduce 23     table_option ::= WITHOUT nm

State 278:
          cmd ::= RELEASE savepoint_opt * nm
          nm ::= * ID|INDEXED|JOIN_KW
          nm ::= * STRING

                            ID shift-reduce 359    nm ::= ID|INDEXED|JOIN_KW
                       INDEXED shift-reduce 359    nm ::= ID|INDEXED|JOIN_KW
                        STRING shift-reduce 360    nm ::= STRING
                       JOIN_KW shift-reduce 359    nm ::= ID|INDEXED|JOIN_KW
                            nm shift-reduce 11     cmd ::= RELEASE savepoint_opt nm

State 279:
          cmd ::= SAVEPOINT * nm
          nm ::= * ID|INDEXED|JOIN_KW
          nm ::= * STRING

                            ID shift-reduce 359    nm ::= ID|INDEXED|JOIN_KW
                       INDEXED shift-reduce 359    nm ::= ID|INDEXED|JOIN_KW
                        STRING shift-reduce 360    nm ::= STRING
                       JOIN_KW shift-reduce 359    nm ::= ID|INDEXED|JOIN_KW
                            nm shift-reduce 10     cmd ::= SAVEPOINT nm

State 280:
          cmd ::= ROLLBACK trans_opt TO savepoint_opt * nm
          nm ::= * ID|INDEXED|JOIN_KW
          nm ::= * STRING

                            ID shift-reduce 359    nm ::= ID|INDEXED|JOIN_KW
                       INDEXED shift-reduce 359    nm ::= ID|INDEXED|JOIN_KW
                        STRING shift-reduce 360    nm ::= STRING
                       JOIN_KW shift-reduce 359    nm ::= ID|INDEXED|JOIN_KW
                            nm shift-reduce 12     cmd ::= ROLLBACK trans_opt TO savepoint_opt nm

State 281:
    (351) trans_opt ::= TRANSACTION *
          trans_opt ::= TRANSACTION * nm
          nm ::= * ID|INDEXED|JOIN_KW
          nm ::= * STRING

                            ID shift-reduce 359    nm ::= ID|INDEXED|JOIN_KW
                       INDEXED shift-reduce 359    nm ::= ID|INDEXED|JOIN_KW
                        STRING shift-reduce 360    nm ::= STRING
                       JOIN_KW shift-reduce 359    nm ::= ID|INDEXED|JOIN_KW
                            nm shift-reduce 352    trans_opt ::= TRANSACTION nm
                     {default} reduce       351    trans_opt ::= TRANSACTION

State 282:
          trigger_decl ::= temp TRIGGER ifnotexists nm dbnm trigger_time * trigger_event ON fullname foreach_clause when_clause
          trigger_event ::= * DELETE|INSERT
          trigger_event ::= * UPDATE
          trigger_event ::= * UPDATE OF idlist

                        INSERT shift-reduce 265    trigger_event ::= DELETE|INSERT
                        DELETE shift-reduce 265    trigger_event ::= DELETE|INSERT
                        UPDATE shift        501    
                 trigger_event shift        505    

State 283:
          trigger_decl ::= temp TRIGGER ifnotexists nm dbnm * trigger_time trigger_event ON fullname foreach_clause when_clause
          trigger_time ::= * BEFORE|AFTER
          trigger_time ::= * INSTEAD OF
    (264) trigger_time ::= *

                         AFTER shift-reduce 262    trigger_time ::= BEFORE|AFTER
                        BEFORE shift-reduce 262    trigger_time ::= BEFORE|AFTER
                       INSTEAD shift        499    
                  trigger_time shift        282    
                     {default} reduce       264    trigger_time ::=

State 284:
     (86) select ::= WITH RECURSIVE wqlist selectnowith *
          selectnowith ::= selectnowith * multiselect_op oneselect
          multiselect_op ::= * UNION
          multiselect_op ::= * UNION ALL
          multiselect_op ::= * EXCEPT|INTERSECT

                         UNION shift        580    
                        EXCEPT shift-reduce 91     multiselect_op ::= EXCEPT|INTERSECT
                     INTERSECT shift-reduce 91     multiselect_op ::= EXCEPT|INTERSECT
                multiselect_op shift        168    
                     {default} reduce       86     select ::= WITH RECURSIVE wqlist selectnowith

State 285:
          selcollist ::= sclp scanpt expr scanpt * as
          as ::= * AS nm
          as ::= * ID|STRING
    (106) as ::= *

                            AS shift        269    
                            ID shift-reduce 379    as ::= ID|STRING
                        STRING shift-reduce 379    as ::= ID|STRING
                            as shift-reduce 102    selcollist ::= sclp scanpt expr scanpt as
                     {default} reduce       106    as ::=

State 286:
          as ::= * AS nm
          as ::= * ID|STRING
    (106) as ::= *
          seltablist ::= stl_prefix LP select RP * as on_using

                            AS shift        269    
                            ID shift-reduce 379    as ::= ID|STRING
                        STRING shift-reduce 379    as ::= ID|STRING
                            as shift        314    
                     {default} reduce       106    as ::=

State 287:
          as ::= * AS nm
          as ::= * ID|STRING
    (106) as ::= *
          seltablist ::= stl_prefix LP seltablist RP * as on_using

                            AS shift        269    
                            ID shift-reduce 379    as ::= ID|STRING
                        STRING shift-reduce 379    as ::= ID|STRING
                            as shift        315    
                     {default} reduce       106    as ::=

State 288:
          as ::= * AS nm
          as ::= * ID|STRING
    (106) as ::= *
          seltablist ::= stl_prefix nm dbnm LP exprlist RP * as on_using

                            AS shift        269    
                            ID shift-reduce 379    as ::= ID|STRING
                        STRING shift-reduce 379    as ::= ID|STRING
                            as shift        316    
                     {default} reduce       106    as ::=

State 289:
    (108) from ::= FROM seltablist *
          stl_prefix ::= seltablist * joinop
          joinop ::= * COMMA|JOIN
          joinop ::= * JOIN_KW JOIN
          joinop ::= * JOIN_KW nm JOIN
          joinop ::= * JOIN_KW nm nm JOIN

                         COMMA shift-reduce 124    joinop ::= COMMA|JOIN
                       JOIN_KW shift        235    
                          JOIN shift-reduce 124    joinop ::= COMMA|JOIN
                        joinop shift-reduce 109    stl_prefix ::= seltablist joinop
                     {default} reduce       108    from ::= FROM seltablist

State 290:
     (87) select ::= selectnowith *
          selectnowith ::= selectnowith * multiselect_op oneselect
          multiselect_op ::= * UNION
          multiselect_op ::= * UNION ALL
          multiselect_op ::= * EXCEPT|INTERSECT

                         UNION shift        580    
                        EXCEPT shift-reduce 91     multiselect_op ::= EXCEPT|INTERSECT
                     INTERSECT shift-reduce 91     multiselect_op ::= EXCEPT|INTERSECT
                multiselect_op shift        168    
                     {default} reduce       87     select ::= selectnowith

State 291:
     (85) select ::= WITH wqlist selectnowith *
          selectnowith ::= selectnowith * multiselect_op oneselect
          multiselect_op ::= * UNION
          multiselect_op ::= * UNION ALL
          multiselect_op ::= * EXCEPT|INTERSECT

                         UNION shift        580    
                        EXCEPT shift-reduce 91     multiselect_op ::= EXCEPT|INTERSECT
                     INTERSECT shift-reduce 91     multiselect_op ::= EXCEPT|INTERSECT
                multiselect_op shift        168    
                     {default} reduce       85     select ::= WITH wqlist selectnowith

State 292:
          distinct ::= * DISTINCT
          distinct ::= * ALL
    (100) distinct ::= *
          expr ::= ID|INDEXED|JOIN_KW LP * distinct exprlist RP
          expr ::= ID|INDEXED|JOIN_KW LP * distinct exprlist ORDER BY sortlist RP
          expr ::= ID|INDEXED|JOIN_KW LP * STAR RP
          expr ::= ID|INDEXED|JOIN_KW LP * distinct exprlist RP filter_over
          expr ::= ID|INDEXED|JOIN_KW LP * distinct exprlist ORDER BY sortlist RP filter_over
          expr ::= ID|INDEXED|JOIN_KW LP * STAR RP filter_over

                          STAR shift        525    
                           ALL shift-reduce 99     distinct ::= ALL
                      DISTINCT shift-reduce 98     distinct ::= DISTINCT
                      distinct shift        13     
                     {default} reduce       100    distinct ::=

State 293:
     (31) scantok ::= *
          ccons ::= DEFAULT * scantok term
          ccons ::= DEFAULT * LP expr RP
          ccons ::= DEFAULT * PLUS scantok term
          ccons ::= DEFAULT * MINUS scantok term
          ccons ::= DEFAULT * scantok ID|INDEXED

                            LP shift        142    
                          PLUS shift        412    
                         MINUS shift        411    
                       scantok shift        226    
                     {default} reduce       31     scantok ::=

State 294:
          cmd ::= BEGIN * transtype trans_opt
      (4) transtype ::= *
          transtype ::= * DEFERRED
          transtype ::= * IMMEDIATE
          transtype ::= * EXCLUSIVE

                      DEFERRED shift-reduce 5      transtype ::= DEFERRED
                     IMMEDIATE shift-reduce 6      transtype ::= IMMEDIATE
                     EXCLUSIVE shift-reduce 7      transtype ::= EXCLUSIVE
                     transtype shift        399    
                     {default} reduce       4      transtype ::=

State 295:
          cmd ::= ALTER TABLE fullname RENAME * TO nm
          cmd ::= ALTER TABLE fullname RENAME * kwcolumn_opt nm TO nm
    (398) kwcolumn_opt ::= *
          kwcolumn_opt ::= * COLUMNKW

                            TO shift        240    
                      COLUMNKW shift-reduce 399    kwcolumn_opt ::= COLUMNKW
                  kwcolumn_opt shift        239    
                     {default} reduce       398    kwcolumn_opt ::=

State 296:
          cmd ::= with insert_cmd INTO xfullname idlist_opt select * upsert
    (166) upsert ::= *
          upsert ::= * RETURNING selcollist
          upsert ::= * ON CONFLICT LP sortlist RP where_opt DO UPDATE SET setlist where_opt upsert
          upsert ::= * ON CONFLICT LP sortlist RP where_opt DO NOTHING upsert
          upsert ::= * ON CONFLICT DO NOTHING returning
          upsert ::= * ON CONFLICT DO UPDATE SET setlist where_opt returning

                            ON shift        483    
                     RETURNING shift        223    
                        upsert shift-reduce 164    cmd ::= with insert_cmd INTO xfullname idlist_opt select upsert
                     {default} reduce       166    upsert ::=

State 297:
    (155) where_opt_ret ::= *
          where_opt_ret ::= * WHERE expr
          where_opt_ret ::= * RETURNING selcollist
          where_opt_ret ::= * WHERE expr RETURNING selcollist
          cmd ::= with UPDATE orconf xfullname indexed_opt SET setlist from * where_opt_ret

                         WHERE shift        98     
                     RETURNING shift        220    
                 where_opt_ret shift-reduce 159    cmd ::= with UPDATE orconf xfullname indexed_opt SET setlist from where_opt_ret
                     {default} reduce       155    where_opt_ret ::=

State 298:
    (107) from ::= *
          from ::= * FROM seltablist
          cmd ::= with UPDATE orconf xfullname indexed_opt SET setlist * from where_opt_ret
          setlist ::= setlist * COMMA nm EQ expr
          setlist ::= setlist * COMMA LP idlist RP EQ expr

                         COMMA shift        229    
                          FROM shift        224    
                          from shift        297    
                     {default} reduce       107    from ::=

State 299:
          cmd ::= with DELETE FROM xfullname indexed_opt * where_opt_ret
    (155) where_opt_ret ::= *
          where_opt_ret ::= * WHERE expr
          where_opt_ret ::= * RETURNING selcollist
          where_opt_ret ::= * WHERE expr RETURNING selcollist

                         WHERE shift        98     
                     RETURNING shift        220    
                 where_opt_ret shift-reduce 152    cmd ::= with DELETE FROM xfullname indexed_opt where_opt_ret
                     {default} reduce       155    where_opt_ret ::=

State 300:
    (395) tridxby ::= *
          tridxby ::= * INDEXED BY nm
          tridxby ::= * NOT INDEXED
          trigger_cmd ::= DELETE FROM trnm * tridxby where_opt scanpt

                           NOT shift        491    
                       INDEXED shift        492    
                       tridxby shift        341    
                     {default} reduce       395    tridxby ::=

State 301:
    (153) where_opt ::= *
          where_opt ::= * WHERE expr
          setlist ::= setlist * COMMA nm EQ expr
          setlist ::= setlist * COMMA LP idlist RP EQ expr
          upsert ::= ON CONFLICT DO UPDATE SET setlist * where_opt returning

                         COMMA shift        229    
                         WHERE shift        110    
                     where_opt shift        342    
                     {default} reduce       153    where_opt ::=

State 302:
    (166) upsert ::= *
          upsert ::= * RETURNING selcollist
          upsert ::= * ON CONFLICT LP sortlist RP where_opt DO UPDATE SET setlist where_opt upsert
          upsert ::= * ON CONFLICT LP sortlist RP where_opt DO NOTHING upsert
          upsert ::= ON CONFLICT LP sortlist RP where_opt DO NOTHING * upsert
          upsert ::= * ON CONFLICT DO NOTHING returning
          upsert ::= * ON CONFLICT DO UPDATE SET setlist where_opt returning

                            ON shift        483    
                     RETURNING shift        223    
                        upsert shift-reduce 169    upsert ::= ON CONFLICT LP sortlist RP where_opt DO NOTHING upsert
                     {default} reduce       166    upsert ::=

State 303:
    (166) upsert ::= *
          upsert ::= * RETURNING selcollist
          upsert ::= * ON CONFLICT LP sortlist RP where_opt DO UPDATE SET setlist where_opt upsert
          upsert ::= ON CONFLICT LP sortlist RP where_opt DO UPDATE SET setlist where_opt * upsert
          upsert ::= * ON CONFLICT LP sortlist RP where_opt DO NOTHING upsert
          upsert ::= * ON CONFLICT DO NOTHING returning
          upsert ::= * ON CONFLICT DO UPDATE SET setlist where_opt returning

                            ON shift        483    
                     RETURNING shift        223    
                        upsert shift-reduce 168    upsert ::= ON CONFLICT LP sortlist RP where_opt DO UPDATE SET setlist where_opt upsert
                     {default} reduce       166    upsert ::=

State 304:
    (153) where_opt ::= *
          where_opt ::= * WHERE expr
          setlist ::= setlist * COMMA nm EQ expr
          setlist ::= setlist * COMMA LP idlist RP EQ expr
          upsert ::= ON CONFLICT LP sortlist RP where_opt DO UPDATE SET setlist * where_opt upsert

                         COMMA shift        229    
                         WHERE shift        110    
                     where_opt shift        303    
                     {default} reduce       153    where_opt ::=

State 305:
    (166) upsert ::= *
          upsert ::= * RETURNING selcollist
          upsert ::= * ON CONFLICT LP sortlist RP where_opt DO UPDATE SET setlist where_opt upsert
          upsert ::= * ON CONFLICT LP sortlist RP where_opt DO NOTHING upsert
          upsert ::= * ON CONFLICT DO NOTHING returning
          upsert ::= * ON CONFLICT DO UPDATE SET setlist where_opt returning
          trigger_cmd ::= scanpt insert_cmd INTO trnm idlist_opt select * upsert scanpt

                            ON shift        483    
                     RETURNING shift        223    
                        upsert shift        406    
                     {default} reduce       166    upsert ::=

State 306:
    (107) from ::= *
          from ::= * FROM seltablist
          setlist ::= setlist * COMMA nm EQ expr
          setlist ::= setlist * COMMA LP idlist RP EQ expr
          trigger_cmd ::= UPDATE orconf trnm tridxby SET setlist * from where_opt scanpt

                         COMMA shift        229    
                          FROM shift        224    
                          from shift        347    
                     {default} reduce       107    from ::=

State 307:
    (395) tridxby ::= *
          tridxby ::= * INDEXED BY nm
          tridxby ::= * NOT INDEXED
          trigger_cmd ::= UPDATE orconf trnm * tridxby SET setlist from where_opt scanpt

                           NOT shift        491    
                       INDEXED shift        492    
                       tridxby shift        490    
                     {default} reduce       395    tridxby ::=

State 308:
     (47) autoinc ::= *
          autoinc ::= * AUTOINCR
          tcons ::= PRIMARY KEY LP sortlist * autoinc RP onconf
          sortlist ::= sortlist * COMMA expr sortorder nulls

                         COMMA shift        112    
                      AUTOINCR shift-reduce 48     autoinc ::= AUTOINCR
                       autoinc shift        515    
                     {default} reduce       47     autoinc ::=

State 309:
    (370) conslist_opt ::= COMMA conslist *
          conslist ::= conslist * tconscomma tcons
          tconscomma ::= * COMMA
    (373) tconscomma ::= *

                            RP reduce       370    conslist_opt ::= COMMA conslist
                         COMMA shift-reduce 66     tconscomma ::= COMMA
                    tconscomma shift        230    
                     {default} reduce       373    tconscomma ::=

State 310:
     (42) ccons ::= REFERENCES nm eidlist_opt refargs *
          refargs ::= refargs * refarg
          refarg ::= * MATCH nm
          refarg ::= * ON INSERT refact
          refarg ::= * ON DELETE refact
          refarg ::= * ON UPDATE refact

                         MATCH shift        263    
                            ON shift        420    
                        refarg shift-reduce 50     refargs ::= refargs refarg
                     {default} reduce       42     ccons ::= REFERENCES nm eidlist_opt refargs

State 311:
          ccons ::= PRIMARY KEY * sortorder onconf autoinc
          sortorder ::= * ASC
          sortorder ::= * DESC
    (140) sortorder ::= *

                           ASC shift-reduce 138    sortorder ::= ASC
                          DESC shift-reduce 139    sortorder ::= DESC
                     sortorder shift        371    
                     {default} reduce       140    sortorder ::=

State 312:
          sortorder ::= * ASC
          sortorder ::= * DESC
    (140) sortorder ::= *
          eidlist ::= nm collate * sortorder

                           ASC shift-reduce 138    sortorder ::= ASC
                          DESC shift-reduce 139    sortorder ::= DESC
                     sortorder shift-reduce 245    eidlist ::= nm collate sortorder
                     {default} reduce       140    sortorder ::=

State 313:
          sortorder ::= * ASC
          sortorder ::= * DESC
    (140) sortorder ::= *
          eidlist ::= eidlist COMMA nm collate * sortorder

                           ASC shift-reduce 138    sortorder ::= ASC
                          DESC shift-reduce 139    sortorder ::= DESC
                     sortorder shift-reduce 244    eidlist ::= eidlist COMMA nm collate sortorder
                     {default} reduce       140    sortorder ::=

State 314:
          seltablist ::= stl_prefix LP select RP as * on_using
          on_using ::= * ON expr
          on_using ::= * USING LP idlist RP
    (130) on_using ::= *

                            ON shift        109    
                         USING shift        540    
                      on_using shift-reduce 114    seltablist ::= stl_prefix LP select RP as on_using
                     {default} reduce       130    on_using ::=

State 315:
          seltablist ::= stl_prefix LP seltablist RP as * on_using
          on_using ::= * ON expr
          on_using ::= * USING LP idlist RP
    (130) on_using ::= *

                            ON shift        109    
                         USING shift        540    
                      on_using shift-reduce 115    seltablist ::= stl_prefix LP seltablist RP as on_using
                     {default} reduce       130    on_using ::=

State 316:
          seltablist ::= stl_prefix nm dbnm LP exprlist RP as * on_using
          on_using ::= * ON expr
          on_using ::= * USING LP idlist RP
    (130) on_using ::= *

                            ON shift        109    
                         USING shift        540    
                      on_using shift-reduce 113    seltablist ::= stl_prefix nm dbnm LP exprlist RP as on_using
                     {default} reduce       130    on_using ::=

State 317:
          seltablist ::= stl_prefix nm dbnm as indexed_by * on_using
          on_using ::= * ON expr
          on_using ::= * USING LP idlist RP
    (130) on_using ::= *

                            ON shift        109    
                         USING shift        540    
                      on_using shift-reduce 112    seltablist ::= stl_prefix nm dbnm as indexed_by on_using
                     {default} reduce       130    on_using ::=

State 318:
    (134) orderby_opt ::= *
          orderby_opt ::= * ORDER BY sortlist
          nexprlist ::= nexprlist * COMMA expr
          window ::= nm PARTITION BY nexprlist * orderby_opt frame_opt

                         COMMA shift        126    
                         ORDER shift        559    
                   orderby_opt shift        212    
                     {default} reduce       134    orderby_opt ::=

State 319:
    (134) orderby_opt ::= *
          orderby_opt ::= * ORDER BY sortlist
          nexprlist ::= nexprlist * COMMA expr
          window ::= PARTITION BY nexprlist * orderby_opt frame_opt

                         COMMA shift        126    
                         ORDER shift        559    
                   orderby_opt shift        213    
                     {default} reduce       134    orderby_opt ::=

State 320:
          expr ::= CASE case_operand case_exprlist * case_else END
          case_exprlist ::= case_exprlist * WHEN expr THEN expr
          case_else ::= * ELSE expr
    (232) case_else ::= *

                          WHEN shift        121    
                          ELSE shift        118    
                     case_else shift        572    
                     {default} reduce       232    case_else ::=

State 321:
          oneselect ::= SELECT distinct selcollist * from where_opt groupby_opt having_opt orderby_opt limit_opt
          oneselect ::= SELECT distinct selcollist * from where_opt groupby_opt having_opt window_clause orderby_opt limit_opt
          sclp ::= selcollist * COMMA
    (107) from ::= *
          from ::= * FROM seltablist

                         COMMA shift-reduce 378    sclp ::= selcollist COMMA
                          FROM shift        224    
                          from shift        393    
                     {default} reduce       107    from ::=

State 322:
          oneselect ::= SELECT * distinct selcollist from where_opt groupby_opt having_opt orderby_opt limit_opt
          oneselect ::= SELECT * distinct selcollist from where_opt groupby_opt having_opt window_clause orderby_opt limit_opt
          distinct ::= * DISTINCT
          distinct ::= * ALL
    (100) distinct ::= *

                           ALL shift-reduce 99     distinct ::= ALL
                      DISTINCT shift-reduce 98     distinct ::= DISTINCT
                      distinct shift        225    
                     {default} reduce       100    distinct ::=

State 323:
          cmd ::= create_table * create_table_args
          create_table_args ::= * LP columnlist conslist_opt RP table_option_set
          create_table_args ::= * AS select

                            LP shift        162    
                            AS shift        17     
             create_table_args shift-reduce 355    cmd ::= create_table create_table_args

State 324:
          cmd ::= ALTER TABLE add_column_fullname ADD * kwcolumn_opt columnname carglist
    (398) kwcolumn_opt ::= *
          kwcolumn_opt ::= * COLUMNKW

                      COLUMNKW shift-reduce 399    kwcolumn_opt ::= COLUMNKW
                  kwcolumn_opt shift        187    
                     {default} reduce       398    kwcolumn_opt ::=

State 325:
          cmd ::= ALTER TABLE fullname DROP * kwcolumn_opt nm
    (398) kwcolumn_opt ::= *
          kwcolumn_opt ::= * COLUMNKW

                      COLUMNKW shift-reduce 399    kwcolumn_opt ::= COLUMNKW
                  kwcolumn_opt shift        237    
                     {default} reduce       398    kwcolumn_opt ::=

State 326:
    (116) dbnm ::= *
          dbnm ::= * DOT nm
          cmd ::= ANALYZE nm * dbnm

                           DOT shift        272    
                          dbnm shift-reduce 292    cmd ::= ANALYZE nm dbnm
                     {default} reduce       116    dbnm ::=

State 327:
    (116) dbnm ::= *
          dbnm ::= * DOT nm
          cmd ::= REINDEX nm * dbnm

                           DOT shift        272    
                          dbnm shift-reduce 290    cmd ::= REINDEX nm dbnm
                     {default} reduce       116    dbnm ::=

State 328:
          cmd ::= DETACH * database_kw_opt expr
          database_kw_opt ::= * DATABASE
    (397) database_kw_opt ::= *

                      DATABASE shift-reduce 396    database_kw_opt ::= DATABASE
               database_kw_opt shift        93     
                     {default} reduce       397    database_kw_opt ::=

State 329:
          cmd ::= ATTACH * database_kw_opt expr AS expr key_opt
          database_kw_opt ::= * DATABASE
    (397) database_kw_opt ::= *

                      DATABASE shift-reduce 396    database_kw_opt ::= DATABASE
               database_kw_opt shift        96     
                     {default} reduce       397    database_kw_opt ::=

State 330:
    (116) dbnm ::= *
          dbnm ::= * DOT nm
          cmd ::= PRAGMA nm * dbnm
          cmd ::= PRAGMA nm * dbnm EQ nmnum
          cmd ::= PRAGMA nm * dbnm LP nmnum RP
          cmd ::= PRAGMA nm * dbnm EQ minus_num
          cmd ::= PRAGMA nm * dbnm LP minus_num RP

                           DOT shift        272    
                          dbnm shift        424    
                     {default} reduce       116    dbnm ::=

State 331:
          cmd ::= VACUUM nm * vinto
          vinto ::= * INTO expr
    (252) vinto ::= *

                          INTO shift        97     
                         vinto shift-reduce 250    cmd ::= VACUUM nm vinto
                     {default} reduce       252    vinto ::=

State 332:
          cmd ::= insert_cmd INTO xfullname * idlist_opt VALUES LP exprlist RP SEMI
    (175) idlist_opt ::= *
          idlist_opt ::= * LP idlist RP

                            LP shift        197    
                    idlist_opt shift        466    
                     {default} reduce       175    idlist_opt ::=

State 333:
          cmd ::= with insert_cmd INTO xfullname * idlist_opt select upsert
    (175) idlist_opt ::= *
          idlist_opt ::= * LP idlist RP

                            LP shift        197    
                    idlist_opt shift        14     
                     {default} reduce       175    idlist_opt ::=

State 334:
     (75) orconf ::= *
          orconf ::= * OR resolvetype
          cmd ::= with UPDATE * orconf xfullname indexed_opt SET setlist from where_opt_ret

                            OR shift        181    
                        orconf shift        190    
                     {default} reduce       75     orconf ::=

State 335:
          ifexists ::= * IF EXISTS
     (81) ifexists ::= *
          cmd ::= DROP TRIGGER * ifexists fullname

                            IF shift        474    
                      ifexists shift        192    
                     {default} reduce       81     ifexists ::=

State 336:
          ifexists ::= * IF EXISTS
     (81) ifexists ::= *
          cmd ::= DROP INDEX * ifexists fullname

                            IF shift        474    
                      ifexists shift        193    
                     {default} reduce       81     ifexists ::=

State 337:
          ifexists ::= * IF EXISTS
     (81) ifexists ::= *
          cmd ::= DROP VIEW * ifexists fullname

                            IF shift        474    
                      ifexists shift        194    
                     {default} reduce       81     ifexists ::=

State 338:
          cmd ::= DROP TABLE * ifexists fullname
          ifexists ::= * IF EXISTS
     (81) ifexists ::= *

                            IF shift        474    
                      ifexists shift        195    
                     {default} reduce       81     ifexists ::=

State 339:
    (116) dbnm ::= *
          dbnm ::= * DOT nm
          create_vtab ::= createkw VIRTUAL TABLE ifnotexists nm * dbnm USING nm

                           DOT shift        272    
                          dbnm shift        475    
                     {default} reduce       116    dbnm ::=

State 340:
     (15) ifnotexists ::= *
          ifnotexists ::= * IF NOT EXISTS
          create_vtab ::= createkw VIRTUAL TABLE * ifnotexists nm dbnm USING nm

                            IF shift        508    
                   ifnotexists shift        249    
                     {default} reduce       15     ifnotexists ::=

State 341:
    (153) where_opt ::= *
          where_opt ::= * WHERE expr
          trigger_cmd ::= DELETE FROM trnm tridxby * where_opt scanpt

                         WHERE shift        110    
                     where_opt shift        404    
                     {default} reduce       153    where_opt ::=

State 342:
          upsert ::= ON CONFLICT DO UPDATE SET setlist where_opt * returning
          returning ::= * RETURNING selcollist
    (381) returning ::= *

                     RETURNING shift        222    
                     returning shift-reduce 171    upsert ::= ON CONFLICT DO UPDATE SET setlist where_opt returning
                     {default} reduce       381    returning ::=

State 343:
          upsert ::= ON CONFLICT DO NOTHING * returning
          returning ::= * RETURNING selcollist
    (381) returning ::= *

                     RETURNING shift        222    
                     returning shift-reduce 170    upsert ::= ON CONFLICT DO NOTHING returning
                     {default} reduce       381    returning ::=

State 344:
    (153) where_opt ::= *
          where_opt ::= * WHERE expr
          upsert ::= ON CONFLICT LP sortlist RP * where_opt DO UPDATE SET setlist where_opt upsert
          upsert ::= ON CONFLICT LP sortlist RP * where_opt DO NOTHING upsert

                         WHERE shift        110    
                     where_opt shift        482    
                     {default} reduce       153    where_opt ::=

State 345:
    (175) idlist_opt ::= *
          idlist_opt ::= * LP idlist RP
          trigger_cmd ::= scanpt insert_cmd INTO trnm * idlist_opt select upsert scanpt

                            LP shift        197    
                    idlist_opt shift        15     
                     {default} reduce       175    idlist_opt ::=

State 346:
     (75) orconf ::= *
          orconf ::= * OR resolvetype
          insert_cmd ::= INSERT * orconf

                            OR shift        181    
                        orconf shift-reduce 173    insert_cmd ::= INSERT orconf
                     {default} reduce       75     orconf ::=

State 347:
    (153) where_opt ::= *
          where_opt ::= * WHERE expr
          trigger_cmd ::= UPDATE orconf trnm tridxby SET setlist from * where_opt scanpt

                         WHERE shift        110    
                     where_opt shift        407    
                     {default} reduce       153    where_opt ::=

State 348:
     (75) orconf ::= *
          orconf ::= * OR resolvetype
          trigger_cmd ::= UPDATE * orconf trnm tridxby SET setlist from where_opt scanpt

                            OR shift        181    
                        orconf shift        201    
                     {default} reduce       75     orconf ::=

State 349:
    (153) where_opt ::= *
          where_opt ::= * WHERE expr
          cmd ::= createkw uniqueflag INDEX ifnotexists nm dbnm ON nm LP sortlist RP * where_opt

                         WHERE shift        110    
                     where_opt shift-reduce 239    cmd ::= createkw uniqueflag INDEX ifnotexists nm dbnm ON nm LP sortlist RP where_opt
                     {default} reduce       153    where_opt ::=

State 350:
    (116) dbnm ::= *
          dbnm ::= * DOT nm
          cmd ::= createkw uniqueflag INDEX ifnotexists nm * dbnm ON nm LP sortlist RP where_opt

                           DOT shift        272    
                          dbnm shift        497    
                     {default} reduce       116    dbnm ::=

State 351:
     (15) ifnotexists ::= *
          ifnotexists ::= * IF NOT EXISTS
          cmd ::= createkw uniqueflag INDEX * ifnotexists nm dbnm ON nm LP sortlist RP where_opt

                            IF shift        508    
                   ifnotexists shift        253    
                     {default} reduce       15     ifnotexists ::=

State 352:
          trigger_decl ::= temp TRIGGER ifnotexists nm dbnm trigger_time trigger_event ON fullname foreach_clause * when_clause
    (268) when_clause ::= *
          when_clause ::= * WHEN expr

                          WHEN shift        103    
                   when_clause shift-reduce 261    trigger_decl ::= temp TRIGGER ifnotexists nm dbnm trigger_time trigger_event ON fullname foreach_clause when_clause
                     {default} reduce       268    when_clause ::=

State 353:
          trigger_decl ::= temp TRIGGER ifnotexists nm dbnm trigger_time trigger_event ON fullname * foreach_clause when_clause
    (392) foreach_clause ::= *
          foreach_clause ::= * FOR EACH ROW

                           FOR shift        503    
                foreach_clause shift        352    
                     {default} reduce       392    foreach_clause ::=

State 354:
    (116) dbnm ::= *
          dbnm ::= * DOT nm
          trigger_decl ::= temp TRIGGER ifnotexists nm * dbnm trigger_time trigger_event ON fullname foreach_clause when_clause

                           DOT shift        272    
                          dbnm shift        283    
                     {default} reduce       116    dbnm ::=

State 355:
     (15) ifnotexists ::= *
          ifnotexists ::= * IF NOT EXISTS
          trigger_decl ::= temp TRIGGER * ifnotexists nm dbnm trigger_time trigger_event ON fullname foreach_clause when_clause

                            IF shift        508    
                   ifnotexists shift        255    
                     {default} reduce       15     ifnotexists ::=

State 356:
          cmd ::= createkw temp VIEW ifnotexists nm dbnm * eidlist_opt AS select
    (242) eidlist_opt ::= *
          eidlist_opt ::= * LP eidlist RP

                            LP shift        205    
                   eidlist_opt shift        506    
                     {default} reduce       242    eidlist_opt ::=

State 357:
          cmd ::= createkw temp VIEW ifnotexists nm * dbnm eidlist_opt AS select
    (116) dbnm ::= *
          dbnm ::= * DOT nm

                           DOT shift        272    
                          dbnm shift        356    
                     {default} reduce       116    dbnm ::=

State 358:
     (15) ifnotexists ::= *
          ifnotexists ::= * IF NOT EXISTS
          cmd ::= createkw temp VIEW * ifnotexists nm dbnm eidlist_opt AS select

                            IF shift        508    
                   ifnotexists shift        256    
                     {default} reduce       15     ifnotexists ::=

State 359:
          create_table ::= createkw temp TABLE ifnotexists nm * dbnm
    (116) dbnm ::= *
          dbnm ::= * DOT nm

                           DOT shift        272    
                          dbnm shift-reduce 13     create_table ::= createkw temp TABLE ifnotexists nm dbnm
                     {default} reduce       116    dbnm ::=

State 360:
          create_table ::= createkw temp TABLE * ifnotexists nm dbnm
     (15) ifnotexists ::= *
          ifnotexists ::= * IF NOT EXISTS

                            IF shift        508    
                   ifnotexists shift        257    
                     {default} reduce       15     ifnotexists ::=

State 361:
          tcons ::= FOREIGN KEY LP eidlist RP REFERENCES nm * eidlist_opt refargs defer_subclause_opt
    (242) eidlist_opt ::= *
          eidlist_opt ::= * LP eidlist RP

                            LP shift        205    
                   eidlist_opt shift        409    
                     {default} reduce       242    eidlist_opt ::=

State 362:
          tcons ::= CHECK LP expr RP * onconf
     (73) onconf ::= *
          onconf ::= * ON CONFLICT resolvetype

                            ON shift        524    
                        onconf shift-reduce 70     tcons ::= CHECK LP expr RP onconf
                     {default} reduce       73     onconf ::=

State 363:
          tcons ::= UNIQUE LP sortlist RP * onconf
     (73) onconf ::= *
          onconf ::= * ON CONFLICT resolvetype

                            ON shift        524    
                        onconf shift-reduce 69     tcons ::= UNIQUE LP sortlist RP onconf
                     {default} reduce       73     onconf ::=

State 364:
          tcons ::= PRIMARY KEY LP sortlist autoinc RP * onconf
     (73) onconf ::= *
          onconf ::= * ON CONFLICT resolvetype

                            ON shift        524    
                        onconf shift-reduce 68     tcons ::= PRIMARY KEY LP sortlist autoinc RP onconf
                     {default} reduce       73     onconf ::=

State 365:
          defer_subclause ::= DEFERRABLE * init_deferred_pred_opt
     (62) init_deferred_pred_opt ::= *
          init_deferred_pred_opt ::= * INITIALLY DEFERRED
          init_deferred_pred_opt ::= * INITIALLY IMMEDIATE

                     INITIALLY shift        438    
        init_deferred_pred_opt shift-reduce 61     defer_subclause ::= DEFERRABLE init_deferred_pred_opt
                     {default} reduce       62     init_deferred_pred_opt ::=

State 366:
          ccons ::= AS * generated
          generated ::= * LP expr RP
          generated ::= * LP expr RP ID

                            LP shift        105    
                     generated shift-reduce 369    ccons ::= AS generated

State 367:
          ccons ::= GENERATED ALWAYS AS * generated
          generated ::= * LP expr RP
          generated ::= * LP expr RP ID

                            LP shift        105    
                     generated shift-reduce 368    ccons ::= GENERATED ALWAYS AS generated

State 368:
          ccons ::= REFERENCES nm * eidlist_opt refargs
    (242) eidlist_opt ::= *
          eidlist_opt ::= * LP eidlist RP

                            LP shift        205    
                   eidlist_opt shift        410    
                     {default} reduce       242    eidlist_opt ::=

State 369:
          ccons ::= UNIQUE * onconf
     (73) onconf ::= *
          onconf ::= * ON CONFLICT resolvetype

                            ON shift        524    
                        onconf shift-reduce 40     ccons ::= UNIQUE onconf
                     {default} reduce       73     onconf ::=

State 370:
          ccons ::= PRIMARY KEY sortorder onconf * autoinc
     (47) autoinc ::= *
          autoinc ::= * AUTOINCR

                      AUTOINCR shift-reduce 48     autoinc ::= AUTOINCR
                       autoinc shift-reduce 39     ccons ::= PRIMARY KEY sortorder onconf autoinc
                     {default} reduce       47     autoinc ::=

State 371:
          ccons ::= PRIMARY KEY sortorder * onconf autoinc
     (73) onconf ::= *
          onconf ::= * ON CONFLICT resolvetype

                            ON shift        524    
                        onconf shift        370    
                     {default} reduce       73     onconf ::=

State 372:
          defer_subclause ::= NOT DEFERRABLE * init_deferred_pred_opt
     (62) init_deferred_pred_opt ::= *
          init_deferred_pred_opt ::= * INITIALLY DEFERRED
          init_deferred_pred_opt ::= * INITIALLY IMMEDIATE

                     INITIALLY shift        438    
        init_deferred_pred_opt shift-reduce 60     defer_subclause ::= NOT DEFERRABLE init_deferred_pred_opt
                     {default} reduce       62     init_deferred_pred_opt ::=

State 373:
          ccons ::= NOT NULL * onconf
     (73) onconf ::= *
          onconf ::= * ON CONFLICT resolvetype

                            ON shift        524    
                        onconf shift-reduce 38     ccons ::= NOT NULL onconf
                     {default} reduce       73     onconf ::=

State 374:
          ccons ::= NULL * onconf
     (73) onconf ::= *
          onconf ::= * ON CONFLICT resolvetype

                            ON shift        524    
                        onconf shift-reduce 367    ccons ::= NULL onconf
                     {default} reduce       73     onconf ::=

State 375:
          filter_over ::= filter_clause * over_clause
    (339) filter_over ::= filter_clause *
          over_clause ::= * OVER LP window RP
          over_clause ::= * OVER nm

                          OVER shift        231    
                   over_clause shift-reduce 337    filter_over ::= filter_clause over_clause
                     {default} reduce       339    filter_over ::= filter_clause

State 376:
          wqas ::= * AS
          wqas ::= * AS MATERIALIZED
          wqas ::= * AS NOT MATERIALIZED
          wqitem ::= withnm eidlist_opt * wqas LP select RP

                            AS shift        442    
                          wqas shift        533    

State 377:
          eidlist ::= nm * collate sortorder
    (246) collate ::= *
          collate ::= * COLLATE ID|STRING

                       COLLATE shift        443    
                       collate shift        312    
                     {default} reduce       246    collate ::=

State 378:
          eidlist ::= eidlist COMMA nm * collate sortorder
    (246) collate ::= *
          collate ::= * COLLATE ID|STRING

                       COLLATE shift        443    
                       collate shift        313    
                     {default} reduce       246    collate ::=

State 379:
    (242) eidlist_opt ::= *
          eidlist_opt ::= * LP eidlist RP
          wqitem ::= withnm * eidlist_opt wqas LP select RP

                            LP shift        205    
                   eidlist_opt shift        376    
                     {default} reduce       242    eidlist_opt ::=

State 380:
          seltablist ::= stl_prefix nm * dbnm as on_using
          seltablist ::= stl_prefix nm * dbnm as indexed_by on_using
          seltablist ::= stl_prefix nm * dbnm LP exprlist RP as on_using
    (116) dbnm ::= *
          dbnm ::= * DOT nm

                           DOT shift        272    
                          dbnm shift        270    
                     {default} reduce       116    dbnm ::=

State 381:
          frame_opt ::= range_or_rows BETWEEN frame_bound_s AND frame_bound_e * frame_exclude_opt
    (331) frame_exclude_opt ::= *
          frame_exclude_opt ::= * EXCLUDE frame_exclude

                       EXCLUDE shift        271    
             frame_exclude_opt shift-reduce 323    frame_opt ::= range_or_rows BETWEEN frame_bound_s AND frame_bound_e frame_exclude_opt
                     {default} reduce       331    frame_exclude_opt ::=

State 382:
          frame_opt ::= range_or_rows frame_bound_s * frame_exclude_opt
    (331) frame_exclude_opt ::= *
          frame_exclude_opt ::= * EXCLUDE frame_exclude

                       EXCLUDE shift        271    
             frame_exclude_opt shift-reduce 322    frame_opt ::= range_or_rows frame_bound_s frame_exclude_opt
                     {default} reduce       331    frame_exclude_opt ::=

State 383:
          sortlist ::= expr sortorder * nulls
          nulls ::= * NULLS FIRST
          nulls ::= * NULLS LAST
    (143) nulls ::= *

                         NULLS shift        446    
                         nulls shift-reduce 137    sortlist ::= expr sortorder nulls
                     {default} reduce       143    nulls ::=

State 384:
          sortlist ::= sortlist COMMA expr sortorder * nulls
          nulls ::= * NULLS FIRST
          nulls ::= * NULLS LAST
    (143) nulls ::= *

                         NULLS shift        446    
                         nulls shift-reduce 136    sortlist ::= sortlist COMMA expr sortorder nulls
                     {default} reduce       143    nulls ::=

State 385:
          oneselect ::= SELECT distinct selcollist from where_opt groupby_opt having_opt window_clause orderby_opt * limit_opt
    (148) limit_opt ::= *
          limit_opt ::= * LIMIT expr
          limit_opt ::= * LIMIT expr OFFSET expr
          limit_opt ::= * LIMIT expr COMMA expr

                         LIMIT shift        141    
                     limit_opt shift-reduce 93     oneselect ::= SELECT distinct selcollist from where_opt groupby_opt having_opt window_clause orderby_opt limit_opt
                     {default} reduce       148    limit_opt ::=

State 386:
          oneselect ::= SELECT distinct selcollist from where_opt groupby_opt having_opt window_clause * orderby_opt limit_opt
    (134) orderby_opt ::= *
          orderby_opt ::= * ORDER BY sortlist

                         ORDER shift        559    
                   orderby_opt shift        385    
                     {default} reduce       134    orderby_opt ::=

State 387:
          expr ::= expr in_op nm dbnm * paren_exprlist
    (237) paren_exprlist ::= *
          paren_exprlist ::= * LP exprlist RP

                            LP shift        12     
                paren_exprlist shift-reduce 226    expr ::= expr in_op nm dbnm paren_exprlist
                     {default} reduce       237    paren_exprlist ::=

State 388:
    (116) dbnm ::= *
          dbnm ::= * DOT nm
          expr ::= expr in_op nm * dbnm paren_exprlist

                           DOT shift        272    
                          dbnm shift        387    
                     {default} reduce       116    dbnm ::=

State 389:
          expr ::= CASE case_operand * case_exprlist case_else END
          case_exprlist ::= * case_exprlist WHEN expr THEN expr
          case_exprlist ::= * WHEN expr THEN expr

                          WHEN shift        117    
                 case_exprlist shift        320    

State 390:
          oneselect ::= SELECT distinct selcollist from where_opt groupby_opt having_opt orderby_opt * limit_opt
    (148) limit_opt ::= *
          limit_opt ::= * LIMIT expr
          limit_opt ::= * LIMIT expr OFFSET expr
          limit_opt ::= * LIMIT expr COMMA expr

                         LIMIT shift        141    
                     limit_opt shift-reduce 92     oneselect ::= SELECT distinct selcollist from where_opt groupby_opt having_opt orderby_opt limit_opt
                     {default} reduce       148    limit_opt ::=

State 391:
          oneselect ::= SELECT distinct selcollist from where_opt groupby_opt * having_opt orderby_opt limit_opt
          oneselect ::= SELECT distinct selcollist from where_opt groupby_opt * having_opt window_clause orderby_opt limit_opt
    (146) having_opt ::= *
          having_opt ::= * HAVING expr

                        HAVING shift        111    
                    having_opt shift        218    
                     {default} reduce       146    having_opt ::=

State 392:
          oneselect ::= SELECT distinct selcollist from where_opt * groupby_opt having_opt orderby_opt limit_opt
          oneselect ::= SELECT distinct selcollist from where_opt * groupby_opt having_opt window_clause orderby_opt limit_opt
    (144) groupby_opt ::= *
          groupby_opt ::= * GROUP BY nexprlist

                         GROUP shift        543    
                   groupby_opt shift        391    
                     {default} reduce       144    groupby_opt ::=

State 393:
          oneselect ::= SELECT distinct selcollist from * where_opt groupby_opt having_opt orderby_opt limit_opt
          oneselect ::= SELECT distinct selcollist from * where_opt groupby_opt having_opt window_clause orderby_opt limit_opt
    (153) where_opt ::= *
          where_opt ::= * WHERE expr

                         WHERE shift        110    
                     where_opt shift        392    
                     {default} reduce       153    where_opt ::=

State 394:
          create_table_args ::= LP columnlist * conslist_opt RP table_option_set
          columnlist ::= columnlist * COMMA columnname carglist
     (65) conslist_opt ::= *
          conslist_opt ::= * COMMA conslist

                         COMMA shift        43     
                  conslist_opt shift        585    
                     {default} reduce       65     conslist_opt ::=

State 395:
          savepoint_opt ::= * SAVEPOINT
    (354) savepoint_opt ::= *
          cmd ::= RELEASE * savepoint_opt nm

                     SAVEPOINT shift-reduce 353    savepoint_opt ::= SAVEPOINT
                 savepoint_opt shift        278    
                     {default} reduce       354    savepoint_opt ::=

State 396:
          savepoint_opt ::= * SAVEPOINT
    (354) savepoint_opt ::= *
          cmd ::= ROLLBACK trans_opt TO * savepoint_opt nm

                     SAVEPOINT shift-reduce 353    savepoint_opt ::= SAVEPOINT
                 savepoint_opt shift        280    
                     {default} reduce       354    savepoint_opt ::=

State 397:
    (350) trans_opt ::= *
          trans_opt ::= * TRANSACTION
          trans_opt ::= * TRANSACTION nm
          cmd ::= ROLLBACK * trans_opt
          cmd ::= ROLLBACK * trans_opt TO savepoint_opt nm

                   TRANSACTION shift        281    
                     trans_opt shift        586    
                     {default} reduce       350    trans_opt ::=

State 398:
    (350) trans_opt ::= *
          trans_opt ::= * TRANSACTION
          trans_opt ::= * TRANSACTION nm
          cmd ::= COMMIT|END * trans_opt

                   TRANSACTION shift        281    
                     trans_opt shift-reduce 8      cmd ::= COMMIT|END trans_opt
                     {default} reduce       350    trans_opt ::=

State 399:
          cmd ::= BEGIN transtype * trans_opt
    (350) trans_opt ::= *
          trans_opt ::= * TRANSACTION
          trans_opt ::= * TRANSACTION nm

                   TRANSACTION shift        281    
                     trans_opt shift-reduce 3      cmd ::= BEGIN transtype trans_opt
                     {default} reduce       350    trans_opt ::=

State 400:
    (403) anylist ::= *
          anylist ::= * anylist LP anylist RP
          anylist ::= anylist LP * anylist RP
          anylist ::= * anylist ANY

                       anylist shift        417    
                     {default} reduce       403    anylist ::=

State 401:
          vtabargtoken ::= lp * anylist RP
    (403) anylist ::= *
          anylist ::= * anylist LP anylist RP
          anylist ::= * anylist ANY

                       anylist shift        418    
                     {default} reduce       403    anylist ::=

State 402:
          vtabarglist ::= vtabarglist COMMA * vtabarg
    (301) vtabarg ::= *
          vtabarg ::= * vtabarg vtabargtoken

                       vtabarg shift        186    
                     {default} reduce       301    vtabarg ::=

State 403:
          carglist ::= * carglist ccons
    (366) carglist ::= *
          cmd ::= ALTER TABLE add_column_fullname ADD kwcolumn_opt columnname * carglist

                      carglist shift        173    
                     {default} reduce       366    carglist ::=

State 404:
     (30) scanpt ::= *
          trigger_cmd ::= DELETE FROM trnm tridxby where_opt * scanpt

                        scanpt shift-reduce 277    trigger_cmd ::= DELETE FROM trnm tridxby where_opt scanpt
                     {default} reduce       30     scanpt ::=

State 405:
     (30) scanpt ::= *
          trigger_cmd ::= scanpt select * scanpt

                        scanpt shift-reduce 278    trigger_cmd ::= scanpt select scanpt
                     {default} reduce       30     scanpt ::=

State 406:
     (30) scanpt ::= *
          trigger_cmd ::= scanpt insert_cmd INTO trnm idlist_opt select upsert * scanpt

                        scanpt shift-reduce 276    trigger_cmd ::= scanpt insert_cmd INTO trnm idlist_opt select upsert scanpt
                     {default} reduce       30     scanpt ::=

State 407:
     (30) scanpt ::= *
          trigger_cmd ::= UPDATE orconf trnm tridxby SET setlist from where_opt * scanpt

                        scanpt shift-reduce 275    trigger_cmd ::= UPDATE orconf trnm tridxby SET setlist from where_opt scanpt
                     {default} reduce       30     scanpt ::=

State 408:
          columnlist ::= columnname * carglist
          carglist ::= * carglist ccons
    (366) carglist ::= *

                      carglist shift        174    
                     {default} reduce       366    carglist ::=

State 409:
     (49) refargs ::= *
          refargs ::= * refargs refarg
          tcons ::= FOREIGN KEY LP eidlist RP REFERENCES nm eidlist_opt * refargs defer_subclause_opt

                       refargs shift        157    
                     {default} reduce       49     refargs ::=

State 410:
          ccons ::= REFERENCES nm eidlist_opt * refargs
     (49) refargs ::= *
          refargs ::= * refargs refarg

                       refargs shift        310    
                     {default} reduce       49     refargs ::=

State 411:
     (31) scantok ::= *
          ccons ::= DEFAULT MINUS * scantok term

                       scantok shift        227    
                     {default} reduce       31     scantok ::=

State 412:
     (31) scantok ::= *
          ccons ::= DEFAULT PLUS * scantok term

                       scantok shift        228    
                     {default} reduce       31     scantok ::=

State 413:
     (30) scanpt ::= *
          selcollist ::= sclp * scanpt expr scanpt as
          selcollist ::= sclp * scanpt STAR
          selcollist ::= sclp * scanpt nm DOT STAR

                        scanpt shift        90     
                     {default} reduce       30     scanpt ::=

State 414:
          columnlist ::= columnlist COMMA columnname * carglist
          carglist ::= * carglist ccons
    (366) carglist ::= *

                      carglist shift        175    
                     {default} reduce       366    carglist ::=

State 415:
          likeop ::= NOT * LIKE_KW|MATCH
          expr ::= expr NOT * NULL
          between_op ::= NOT * BETWEEN
          in_op ::= NOT * IN

                         MATCH shift-reduce 205    likeop ::= NOT LIKE_KW|MATCH
                       LIKE_KW shift-reduce 205    likeop ::= NOT LIKE_KW|MATCH
                       BETWEEN shift-reduce 219    between_op ::= NOT BETWEEN
                            IN shift-reduce 222    in_op ::= NOT IN
                          NULL shift-reduce 209    expr ::= expr NOT NULL

State 416:
          cmd ::= DROP * TABLE ifexists fullname
          cmd ::= DROP * VIEW ifexists fullname
          cmd ::= DROP * INDEX ifexists fullname
          cmd ::= DROP * TRIGGER ifexists fullname

                         TABLE shift        338    
                       TRIGGER shift        335    
                          VIEW shift        337    
                         INDEX shift        336    

State 417:
          anylist ::= anylist * LP anylist RP
          anylist ::= anylist LP anylist * RP
          anylist ::= anylist * ANY

                            LP shift        400    
                            RP shift-reduce 404    anylist ::= anylist LP anylist RP
                           ANY shift-reduce 405    anylist ::= anylist ANY

State 418:
          vtabargtoken ::= lp anylist * RP
          anylist ::= anylist * LP anylist RP
          anylist ::= anylist * ANY

                            LP shift        400    
                            RP shift-reduce 303    vtabargtoken ::= lp anylist RP
                           ANY shift-reduce 405    anylist ::= anylist ANY

State 419:
          create_table ::= createkw temp * TABLE ifnotexists nm dbnm
          cmd ::= createkw temp * VIEW ifnotexists nm dbnm eidlist_opt AS select
          trigger_decl ::= temp * TRIGGER ifnotexists nm dbnm trigger_time trigger_event ON fullname foreach_clause when_clause

                         TABLE shift        360    
                       TRIGGER shift        355    
                          VIEW shift        358    

State 420:
          refarg ::= ON * INSERT refact
          refarg ::= ON * DELETE refact
          refarg ::= ON * UPDATE refact

                        INSERT shift        262    
                        DELETE shift        261    
                        UPDATE shift        260    

State 421:
    (361) typetoken ::= typename *
          typetoken ::= typename * LP signed RP
          typetoken ::= typename * LP signed COMMA signed RP
          typename ::= typename * ID|STRING

                            LP shift        161    
                            ID shift-reduce 29     typename ::= typename ID|STRING
                        STRING shift-reduce 29     typename ::= typename ID|STRING
                     {default} reduce       361    typetoken ::= typename

State 422:
          cmd ::= create_vtab LP vtabarglist * RP
          vtabarglist ::= vtabarglist * COMMA vtabarg

                            RP shift-reduce 299    cmd ::= create_vtab LP vtabarglist RP
                         COMMA shift        402    

State 423:
          cmd ::= ALTER TABLE fullname * RENAME TO nm
          cmd ::= ALTER TABLE fullname * DROP kwcolumn_opt nm
    (296) add_column_fullname ::= fullname *
          cmd ::= ALTER TABLE fullname * RENAME kwcolumn_opt nm TO nm

                        RENAME shift        295    
                          DROP shift        325    
                     {default} reduce       296    add_column_fullname ::= fullname

State 424:
    (253) cmd ::= PRAGMA nm dbnm *
          cmd ::= PRAGMA nm dbnm * EQ nmnum
          cmd ::= PRAGMA nm dbnm * LP nmnum RP
          cmd ::= PRAGMA nm dbnm * EQ minus_num
          cmd ::= PRAGMA nm dbnm * LP minus_num RP

                            LP shift        39     
                            EQ shift        40     
                     {default} reduce       253    cmd ::= PRAGMA nm dbnm

State 425:
    (120) xfullname ::= nm *
          xfullname ::= nm * DOT nm
          xfullname ::= nm * DOT nm AS nm
          xfullname ::= nm * AS nm

                            AS shift        244    
                           DOT shift        246    
                     {default} reduce       120    xfullname ::= nm

State 426:
          upsert ::= ON CONFLICT DO * NOTHING returning
          upsert ::= ON CONFLICT DO * UPDATE SET setlist where_opt returning

                        UPDATE shift        479    
                       NOTHING shift        343    

State 427:
          upsert ::= ON CONFLICT LP sortlist RP where_opt DO * UPDATE SET setlist where_opt upsert
          upsert ::= ON CONFLICT LP sortlist RP where_opt DO * NOTHING upsert

                        UPDATE shift        481    
                       NOTHING shift        302    

State 428:
          sortlist ::= sortlist * COMMA expr sortorder nulls
          upsert ::= ON CONFLICT LP sortlist * RP where_opt DO UPDATE SET setlist where_opt upsert
          upsert ::= ON CONFLICT LP sortlist * RP where_opt DO NOTHING upsert

                            RP shift        344    
                         COMMA shift        112    

State 429:
          upsert ::= ON CONFLICT * LP sortlist RP where_opt DO UPDATE SET setlist where_opt upsert
          upsert ::= ON CONFLICT * LP sortlist RP where_opt DO NOTHING upsert
          upsert ::= ON CONFLICT * DO NOTHING returning
          upsert ::= ON CONFLICT * DO UPDATE SET setlist where_opt returning

                            LP shift        24     
                            DO shift        426    

State 430:
          idlist_opt ::= LP idlist * RP
          idlist ::= idlist * COMMA nm

                            RP shift-reduce 176    idlist_opt ::= LP idlist RP
                         COMMA shift        268    

State 431:
          setlist ::= LP idlist * RP EQ expr
          idlist ::= idlist * COMMA nm

                            RP shift        486    
                         COMMA shift        268    

State 432:
          setlist ::= setlist COMMA LP idlist * RP EQ expr
          idlist ::= idlist * COMMA nm

                            RP shift        488    
                         COMMA shift        268    

State 433:
          sortlist ::= sortlist * COMMA expr sortorder nulls
          cmd ::= createkw uniqueflag INDEX ifnotexists nm dbnm ON nm LP sortlist * RP where_opt

                            RP shift        349    
                         COMMA shift        112    

State 434:
          tcons ::= FOREIGN KEY LP eidlist * RP REFERENCES nm eidlist_opt refargs defer_subclause_opt
          eidlist ::= eidlist * COMMA nm collate sortorder

                            RP shift        510    
                         COMMA shift        265    

State 435:
          tcons ::= UNIQUE LP sortlist * RP onconf
          sortlist ::= sortlist * COMMA expr sortorder nulls

                            RP shift        363    
                         COMMA shift        112    

State 436:
          ccons ::= COLLATE * ID|STRING

                            ID shift-reduce 44     ccons ::= COLLATE ID|STRING
                        STRING shift-reduce 44     ccons ::= COLLATE ID|STRING

State 437:
          refact ::= SET * NULL
          refact ::= SET * DEFAULT

                       DEFAULT shift-reduce 56     refact ::= SET DEFAULT
                          NULL shift-reduce 55     refact ::= SET NULL

State 438:
          init_deferred_pred_opt ::= INITIALLY * DEFERRED
          init_deferred_pred_opt ::= INITIALLY * IMMEDIATE

                      DEFERRED shift-reduce 63     init_deferred_pred_opt ::= INITIALLY DEFERRED
                     IMMEDIATE shift-reduce 64     init_deferred_pred_opt ::= INITIALLY IMMEDIATE

State 439:
          ccons ::= NOT * NULL onconf
          defer_subclause ::= NOT * DEFERRABLE init_deferred_pred_opt

                          NULL shift        373    
                    DEFERRABLE shift        372    

State 440:
          sortlist ::= sortlist * COMMA expr sortorder nulls
          expr ::= ID|INDEXED|JOIN_KW LP distinct exprlist ORDER BY sortlist * RP
          expr ::= ID|INDEXED|JOIN_KW LP distinct exprlist ORDER BY sortlist * RP filter_over

                            RP shift        166    
                         COMMA shift        112    

State 441:
          expr ::= ID|INDEXED|JOIN_KW LP distinct exprlist * RP
          expr ::= ID|INDEXED|JOIN_KW LP distinct exprlist * ORDER BY sortlist RP
          expr ::= ID|INDEXED|JOIN_KW LP distinct exprlist * RP filter_over
          expr ::= ID|INDEXED|JOIN_KW LP distinct exprlist * ORDER BY sortlist RP filter_over

                            RP shift        167    
                         ORDER shift        526    

State 442:
    (307) wqas ::= AS *
          wqas ::= AS * MATERIALIZED
          wqas ::= AS * NOT MATERIALIZED

                           NOT shift        534    
                  MATERIALIZED shift-reduce 308    wqas ::= AS MATERIALIZED
                     {default} reduce       307    wqas ::= AS

State 443:
          collate ::= COLLATE * ID|STRING

                            ID shift-reduce 247    collate ::= COLLATE ID|STRING
                        STRING shift-reduce 247    collate ::= COLLATE ID|STRING

State 444:
          eidlist_opt ::= LP eidlist * RP
          eidlist ::= eidlist * COMMA nm collate sortorder

                            RP shift-reduce 243    eidlist_opt ::= LP eidlist RP
                         COMMA shift        265    

State 445:
          on_using ::= USING LP idlist * RP
          idlist ::= idlist * COMMA nm

                            RP shift-reduce 129    on_using ::= USING LP idlist RP
                         COMMA shift        268    

State 446:
          nulls ::= NULLS * FIRST
          nulls ::= NULLS * LAST

                         FIRST shift-reduce 141    nulls ::= NULLS FIRST
                          LAST shift-reduce 142    nulls ::= NULLS LAST

State 447:
          mvalues ::= mvalues COMMA LP nexprlist * RP
          nexprlist ::= nexprlist * COMMA expr

                            RP shift-reduce 97     mvalues ::= mvalues COMMA LP nexprlist RP
                         COMMA shift        126    

State 448:
          values ::= VALUES LP nexprlist * RP
          nexprlist ::= nexprlist * COMMA expr

                            RP shift-reduce 94     values ::= VALUES LP nexprlist RP
                         COMMA shift        126    

State 449:
          minus_num ::= MINUS * INTEGER|FLOAT

                         FLOAT shift-reduce 259    minus_num ::= MINUS INTEGER|FLOAT
                       INTEGER shift-reduce 259    minus_num ::= MINUS INTEGER|FLOAT

State 450:
          plus_num ::= PLUS * INTEGER|FLOAT

                         FLOAT shift-reduce 258    plus_num ::= PLUS INTEGER|FLOAT
                       INTEGER shift-reduce 258    plus_num ::= PLUS INTEGER|FLOAT

State 451:
          typetoken ::= typename LP signed * RP
          typetoken ::= typename LP signed * COMMA signed RP

                            RP shift-reduce 27     typetoken ::= typename LP signed RP
                         COMMA shift        160    

State 452:
          mvalues ::= values COMMA LP nexprlist * RP
          nexprlist ::= nexprlist * COMMA expr

                            RP shift-reduce 96     mvalues ::= values COMMA LP nexprlist RP
                         COMMA shift        126    

State 453:
          expr ::= expr COLLATE * ID|STRING

                            ID shift-reduce 187    expr ::= expr COLLATE ID|STRING
                        STRING shift-reduce 187    expr ::= expr COLLATE ID|STRING

State 454:
    (359) nm ::= ID|INDEXED|JOIN_KW *
    (180) expr ::= ID|INDEXED|JOIN_KW *
          expr ::= ID|INDEXED|JOIN_KW * LP distinct exprlist RP
          expr ::= ID|INDEXED|JOIN_KW * LP distinct exprlist ORDER BY sortlist RP
          expr ::= ID|INDEXED|JOIN_KW * LP STAR RP
          expr ::= ID|INDEXED|JOIN_KW * LP distinct exprlist RP filter_over
          expr ::= ID|INDEXED|JOIN_KW * LP distinct exprlist ORDER BY sortlist RP filter_over
          expr ::= ID|INDEXED|JOIN_KW * LP STAR RP filter_over

                            LP shift        292    
                           DOT reduce       359    nm ::= ID|INDEXED|JOIN_KW
                     {default} reduce       180    expr ::= ID|INDEXED|JOIN_KW

State 455:
          explain ::= EXPLAIN QUERY * PLAN

                          PLAN shift-reduce 1      explain ::= EXPLAIN QUERY PLAN

State 456:
      (0) explain ::= EXPLAIN *
          explain ::= EXPLAIN * QUERY PLAN

                         QUERY shift        455    
                     {default} reduce       0      explain ::= EXPLAIN

State 457:
    (298) cmd ::= create_vtab *
          cmd ::= create_vtab * LP vtabarglist RP

                            LP shift        219    
                     {default} reduce       298    cmd ::= create_vtab

State 458:
          cmd ::= ALTER TABLE add_column_fullname * ADD kwcolumn_opt columnname carglist

                           ADD shift        324    

State 459:
          cmd ::= ALTER TABLE fullname RENAME kwcolumn_opt nm * TO nm

                            TO shift        238    

State 460:
          cmd ::= ALTER * TABLE fullname RENAME TO nm
          cmd ::= ALTER * TABLE add_column_fullname ADD kwcolumn_opt columnname carglist
          cmd ::= ALTER * TABLE fullname DROP kwcolumn_opt nm
          cmd ::= ALTER * TABLE fullname RENAME kwcolumn_opt nm TO nm

                         TABLE shift        155    

State 461:
          cmd ::= PRAGMA nm dbnm LP minus_num * RP

                            RP shift-reduce 257    cmd ::= PRAGMA nm dbnm LP minus_num RP

State 462:
          cmd ::= PRAGMA nm dbnm LP nmnum * RP

                            RP shift-reduce 255    cmd ::= PRAGMA nm dbnm LP nmnum RP

State 463:
          cmd ::= insert_cmd INTO xfullname idlist_opt VALUES LP exprlist RP * SEMI

                          SEMI shift-reduce 165    cmd ::= insert_cmd INTO xfullname idlist_opt VALUES LP exprlist RP SEMI

State 464:
          cmd ::= insert_cmd INTO xfullname idlist_opt VALUES LP exprlist * RP SEMI

                            RP shift        463    

State 465:
          cmd ::= insert_cmd INTO xfullname idlist_opt VALUES * LP exprlist RP SEMI

                            LP shift        10     

State 466:
          cmd ::= insert_cmd INTO xfullname idlist_opt * VALUES LP exprlist RP SEMI

                        VALUES shift        465    

State 467:
          cmd ::= insert_cmd * INTO xfullname idlist_opt VALUES LP exprlist RP SEMI

                          INTO shift        188    

State 468:
          cmd ::= with insert_cmd * INTO xfullname idlist_opt select upsert

                          INTO shift        189    

State 469:
          cmd ::= with UPDATE orconf xfullname indexed_opt * SET setlist from where_opt_ret

                           SET shift        177    

State 470:
          sclp ::= selcollist * COMMA
    (157) where_opt_ret ::= RETURNING selcollist *

                         COMMA shift-reduce 378    sclp ::= selcollist COMMA
                     {default} reduce       157    where_opt_ret ::= RETURNING selcollist

State 471:
          sclp ::= selcollist * COMMA
    (158) where_opt_ret ::= WHERE expr RETURNING selcollist *

                         COMMA shift-reduce 378    sclp ::= selcollist COMMA
                     {default} reduce       158    where_opt_ret ::= WHERE expr RETURNING selcollist

State 472:
    (121) xfullname ::= nm DOT nm *
          xfullname ::= nm DOT nm * AS nm

                            AS shift        245    
                     {default} reduce       121    xfullname ::= nm DOT nm

State 473:
          cmd ::= with DELETE * FROM xfullname indexed_opt where_opt_ret

                          FROM shift        191    

State 474:
          ifexists ::= IF * EXISTS

                        EXISTS shift-reduce 80     ifexists ::= IF EXISTS

State 475:
          create_vtab ::= createkw VIRTUAL TABLE ifnotexists nm dbnm * USING nm

                         USING shift        248    

State 476:
          create_vtab ::= createkw VIRTUAL * TABLE ifnotexists nm dbnm USING nm

                         TABLE shift        340    

State 477:
          trigger_cmd_list ::= trigger_cmd * SEMI

                          SEMI shift-reduce 271    trigger_cmd_list ::= trigger_cmd SEMI

State 478:
          trigger_cmd ::= DELETE * FROM trnm tridxby where_opt scanpt

                          FROM shift        196    

State 479:
          upsert ::= ON CONFLICT DO UPDATE * SET setlist where_opt returning

                           SET shift        178    

State 480:
          sclp ::= selcollist * COMMA
    (172) returning ::= RETURNING selcollist *

                         COMMA shift-reduce 378    sclp ::= selcollist COMMA
                     {default} reduce       172    returning ::= RETURNING selcollist

State 481:
          upsert ::= ON CONFLICT LP sortlist RP where_opt DO UPDATE * SET setlist where_opt upsert

                           SET shift        179    

State 482:
          upsert ::= ON CONFLICT LP sortlist RP where_opt * DO UPDATE SET setlist where_opt upsert
          upsert ::= ON CONFLICT LP sortlist RP where_opt * DO NOTHING upsert

                            DO shift        427    

State 483:
          upsert ::= ON * CONFLICT LP sortlist RP where_opt DO UPDATE SET setlist where_opt upsert
          upsert ::= ON * CONFLICT LP sortlist RP where_opt DO NOTHING upsert
          upsert ::= ON * CONFLICT DO NOTHING returning
          upsert ::= ON * CONFLICT DO UPDATE SET setlist where_opt returning

                      CONFLICT shift        429    

State 484:
          sclp ::= selcollist * COMMA
    (167) upsert ::= RETURNING selcollist *

                         COMMA shift-reduce 378    sclp ::= selcollist COMMA
                     {default} reduce       167    upsert ::= RETURNING selcollist

State 485:
          trigger_cmd ::= scanpt insert_cmd * INTO trnm idlist_opt select upsert scanpt

                          INTO shift        198    

State 486:
          setlist ::= LP idlist RP * EQ expr

                            EQ shift        99     

State 487:
          setlist ::= nm * EQ expr

                            EQ shift        100    

State 488:
          setlist ::= setlist COMMA LP idlist RP * EQ expr

                            EQ shift        101    

State 489:
          setlist ::= setlist COMMA nm * EQ expr

                            EQ shift        102    

State 490:
          trigger_cmd ::= UPDATE orconf trnm tridxby * SET setlist from where_opt scanpt

                           SET shift        180    

State 491:
          tridxby ::= NOT * INDEXED

                       INDEXED shift-reduce 274    tridxby ::= NOT INDEXED

State 492:
          tridxby ::= INDEXED * BY nm

                            BY shift        250    

State 493:
    (394) trnm ::= nm *
          trnm ::= nm * DOT nm

                           DOT shift        251    
                     {default} reduce       394    trnm ::= nm

State 494:
          trigger_cmd_list ::= trigger_cmd_list trigger_cmd * SEMI

                          SEMI shift-reduce 270    trigger_cmd_list ::= trigger_cmd_list trigger_cmd SEMI

State 495:
          cmd ::= createkw trigger_decl * BEGIN trigger_cmd_list END

                         BEGIN shift        164    

State 496:
          cmd ::= createkw uniqueflag INDEX ifnotexists nm dbnm ON nm * LP sortlist RP where_opt

                            LP shift        25     

State 497:
          cmd ::= createkw uniqueflag INDEX ifnotexists nm dbnm * ON nm LP sortlist RP where_opt

                            ON shift        252    

State 498:
          cmd ::= createkw uniqueflag * INDEX ifnotexists nm dbnm ON nm LP sortlist RP where_opt

                         INDEX shift        351    

State 499:
          trigger_time ::= INSTEAD * OF

                            OF shift-reduce 263    trigger_time ::= INSTEAD OF

State 500:
          idlist ::= idlist * COMMA nm
    (267) trigger_event ::= UPDATE OF idlist *

                         COMMA shift        268    
                     {default} reduce       267    trigger_event ::= UPDATE OF idlist

State 501:
    (266) trigger_event ::= UPDATE *
          trigger_event ::= UPDATE * OF idlist

                            OF shift        202    
                     {default} reduce       266    trigger_event ::= UPDATE

State 502:
          foreach_clause ::= FOR EACH * ROW

                           ROW shift-reduce 393    foreach_clause ::= FOR EACH ROW

State 503:
          foreach_clause ::= FOR * EACH ROW

                          EACH shift        502    

State 504:
    (118) fullname ::= nm *
          fullname ::= nm * DOT nm

                           DOT shift        254    
                     {default} reduce       118    fullname ::= nm

State 505:
          trigger_decl ::= temp TRIGGER ifnotexists nm dbnm trigger_time trigger_event * ON fullname foreach_clause when_clause

                            ON shift        203    

State 506:
          cmd ::= createkw temp VIEW ifnotexists nm dbnm eidlist_opt * AS select

                            AS shift        16     

State 507:
          ifnotexists ::= IF NOT * EXISTS

                        EXISTS shift-reduce 16     ifnotexists ::= IF NOT EXISTS

State 508:
          ifnotexists ::= IF * NOT EXISTS

                           NOT shift        507    

State 509:
          defer_subclause ::= NOT * DEFERRABLE init_deferred_pred_opt

                    DEFERRABLE shift        372    

State 510:
          tcons ::= FOREIGN KEY LP eidlist RP * REFERENCES nm eidlist_opt refargs defer_subclause_opt

                    REFERENCES shift        258    

State 511:
          tcons ::= FOREIGN KEY * LP eidlist RP REFERENCES nm eidlist_opt refargs defer_subclause_opt

                            LP shift        204    

State 512:
          tcons ::= FOREIGN * KEY LP eidlist RP REFERENCES nm eidlist_opt refargs defer_subclause_opt

                           KEY shift        511    

State 513:
          tcons ::= CHECK * LP expr RP onconf

                            LP shift        104    

State 514:
          tcons ::= UNIQUE * LP sortlist RP onconf

                            LP shift        26     

State 515:
          tcons ::= PRIMARY KEY LP sortlist autoinc * RP onconf

                            RP shift        364    

State 516:
          tcons ::= PRIMARY KEY * LP sortlist autoinc RP onconf

                            LP shift        27     

State 517:
          tcons ::= PRIMARY * KEY LP sortlist autoinc RP onconf

                           KEY shift        516    

State 518:
     (45) generated ::= LP expr RP *
          generated ::= LP expr RP * ID

                            ID shift-reduce 46     generated ::= LP expr RP ID
                     {default} reduce       45     generated ::= LP expr RP

State 519:
          ccons ::= GENERATED ALWAYS * AS generated

                            AS shift        367    

State 520:
          ccons ::= GENERATED * ALWAYS AS generated

                        ALWAYS shift        519    

State 521:
          refact ::= NO * ACTION

                        ACTION shift-reduce 59     refact ::= NO ACTION

State 522:
          ccons ::= CHECK * LP expr RP

                            LP shift        106    

State 523:
          ccons ::= PRIMARY * KEY sortorder onconf autoinc

                           KEY shift        311    

State 524:
          onconf ::= ON * CONFLICT resolvetype

                      CONFLICT shift        182    

State 525:
          expr ::= ID|INDEXED|JOIN_KW LP STAR * RP
          expr ::= ID|INDEXED|JOIN_KW LP STAR * RP filter_over

                            RP shift        165    

State 526:
          expr ::= ID|INDEXED|JOIN_KW LP distinct exprlist ORDER * BY sortlist RP
          expr ::= ID|INDEXED|JOIN_KW LP distinct exprlist ORDER * BY sortlist RP filter_over

                            BY shift        28     

State 527:
          filter_clause ::= FILTER LP * WHERE expr RP

                         WHERE shift        107    

State 528:
          filter_clause ::= FILTER * LP WHERE expr RP

                            LP shift        527    

State 529:
          over_clause ::= OVER LP window * RP

                            RP shift-reduce 340    over_clause ::= OVER LP window RP

State 530:
          expr ::= LP select * RP

                            RP shift-reduce 224    expr ::= LP select RP

State 531:
          expr ::= LP nexprlist * COMMA expr RP
          nexprlist ::= nexprlist * COMMA expr

                         COMMA shift        108    

State 532:
          wqitem ::= withnm eidlist_opt wqas LP select * RP

                            RP shift-reduce 310    wqitem ::= withnm eidlist_opt wqas LP select RP

State 533:
          wqitem ::= withnm eidlist_opt wqas * LP select RP

                            LP shift        18     

State 534:
          wqas ::= AS NOT * MATERIALIZED

                  MATERIALIZED shift-reduce 309    wqas ::= AS NOT MATERIALIZED

State 535:
          selcollist ::= sclp scanpt nm * DOT STAR
          expr ::= nm * DOT nm
          expr ::= nm * DOT nm DOT nm

                           DOT shift        232    

State 536:
          seltablist ::= stl_prefix LP select * RP as on_using

                            RP shift        286    

State 537:
          seltablist ::= stl_prefix nm dbnm LP exprlist * RP as on_using

                            RP shift        288    

State 538:
          indexed_by ::= NOT * INDEXED

                       INDEXED shift-reduce 133    indexed_by ::= NOT INDEXED

State 539:
          indexed_by ::= INDEXED * BY nm

                            BY shift        267    

State 540:
          on_using ::= USING * LP idlist RP

                            LP shift        206    

State 541:
          joinop ::= JOIN_KW nm nm * JOIN

                          JOIN shift-reduce 127    joinop ::= JOIN_KW nm nm JOIN

State 542:
    (145) groupby_opt ::= GROUP BY nexprlist *
          nexprlist ::= nexprlist * COMMA expr

                         COMMA shift        126    
                     {default} reduce       145    groupby_opt ::= GROUP BY nexprlist

State 543:
          groupby_opt ::= GROUP * BY nexprlist

                            BY shift        29     

State 544:
          window ::= ORDER * BY sortlist frame_opt

                            BY shift        30     

State 545:
          window ::= nm ORDER * BY sortlist frame_opt

                            BY shift        31     

State 546:
          window ::= nm PARTITION * BY nexprlist orderby_opt frame_opt

                            BY shift        32     

State 547:
          frame_bound_s ::= UNBOUNDED * PRECEDING

                     PRECEDING shift-reduce 326    frame_bound_s ::= UNBOUNDED PRECEDING

State 548:
          frame_bound ::= CURRENT * ROW

                           ROW shift-reduce 330    frame_bound ::= CURRENT ROW

State 549:
          frame_bound_e ::= UNBOUNDED * FOLLOWING

                     FOLLOWING shift-reduce 328    frame_bound_e ::= UNBOUNDED FOLLOWING

State 550:
          frame_opt ::= range_or_rows BETWEEN frame_bound_s * AND frame_bound_e frame_exclude_opt

                           AND shift        8      

State 551:
          frame_exclude ::= CURRENT * ROW

                           ROW shift-reduce 334    frame_exclude ::= CURRENT ROW

State 552:
          frame_exclude ::= NO * OTHERS

                        OTHERS shift-reduce 333    frame_exclude ::= NO OTHERS

State 553:
          window ::= PARTITION * BY nexprlist orderby_opt frame_opt

                            BY shift        33     

State 554:
          windowdefn ::= nm AS LP window * RP

                            RP shift-reduce 315    windowdefn ::= nm AS LP window RP

State 555:
          windowdefn ::= nm AS * LP window RP

                            LP shift        42     

State 556:
          windowdefn ::= nm * AS LP window RP

                            AS shift        555    

State 557:
          windowdefn_list ::= windowdefn_list * COMMA windowdefn
    (336) window_clause ::= WINDOW windowdefn_list *

                         COMMA shift        210    
                     {default} reduce       336    window_clause ::= WINDOW windowdefn_list

State 558:
    (135) orderby_opt ::= ORDER BY sortlist *
          sortlist ::= sortlist * COMMA expr sortorder nulls

                         COMMA shift        112    
                     {default} reduce       135    orderby_opt ::= ORDER BY sortlist

State 559:
          orderby_opt ::= ORDER * BY sortlist

                            BY shift        34     

State 560:
          expr ::= expr IS DISTINCT * FROM expr

                          FROM shift        114    

State 561:
          expr ::= expr IS NOT DISTINCT * FROM expr

                          FROM shift        115    

State 562:
          paren_exprlist ::= LP exprlist * RP

                            RP shift-reduce 238    paren_exprlist ::= LP exprlist RP

State 563:
    (385) exprlist ::= nexprlist *
          nexprlist ::= nexprlist * COMMA expr

                         COMMA shift        126    
                     {default} reduce       385    exprlist ::= nexprlist

State 564:
          expr ::= expr in_op LP select * RP

                            RP shift-reduce 225    expr ::= expr in_op LP select RP

State 565:
          expr ::= expr in_op LP exprlist * RP

                            RP shift-reduce 223    expr ::= expr in_op LP exprlist RP

State 566:
          expr ::= EXISTS LP select * RP

                            RP shift-reduce 227    expr ::= EXISTS LP select RP

State 567:
          mvalues ::= mvalues COMMA * LP nexprlist RP

                            LP shift        35     

State 568:
     (95) oneselect ::= mvalues *
          mvalues ::= mvalues * COMMA LP nexprlist RP

                         COMMA shift        567    
                     {default} reduce       95     oneselect ::= mvalues

State 569:
          expr ::= RAISE LP raisetype * COMMA expr RP

                         COMMA shift        119    

State 570:
          expr ::= RAISE LP IGNORE * RP

                            RP shift-reduce 279    expr ::= RAISE LP IGNORE RP

State 571:
          expr ::= RAISE * LP IGNORE RP
          expr ::= RAISE * LP raisetype COMMA expr RP

                            LP shift        273    

State 572:
          expr ::= CASE case_operand case_exprlist case_else * END

                           END shift-reduce 228    expr ::= CASE case_operand case_exprlist case_else END

State 573:
          values ::= VALUES * LP nexprlist RP

                            LP shift        37     

State 574:
          expr ::= EXISTS * LP select RP

                            LP shift        19     

State 575:
          expr ::= CAST LP expr AS typetoken * RP

                            RP shift-reduce 188    expr ::= CAST LP expr AS typetoken RP

State 576:
          typetoken ::= typename LP signed COMMA signed * RP

                            RP shift-reduce 28     typetoken ::= typename LP signed COMMA signed RP

State 577:
          expr ::= CAST * LP expr AS typetoken RP

                            LP shift        125    

State 578:
          mvalues ::= values COMMA * LP nexprlist RP

                            LP shift        38     

State 579:
    (377) oneselect ::= values *
          mvalues ::= values * COMMA LP nexprlist RP

                         COMMA shift        578    
                     {default} reduce       377    oneselect ::= values

State 580:
     (89) multiselect_op ::= UNION *
          multiselect_op ::= UNION * ALL

                           ALL shift-reduce 90     multiselect_op ::= UNION ALL
                     {default} reduce       89     multiselect_op ::= UNION

State 581:
    (181) expr ::= nm DOT nm *
          expr ::= nm DOT nm * DOT nm

                           DOT shift        274    
                     {default} reduce       181    expr ::= nm DOT nm

State 582:
          expr ::= nm * DOT nm
          expr ::= nm * DOT nm DOT nm

                           DOT shift        275    

State 583:
    (360) nm ::= STRING *
    (184) term ::= STRING *

                           DOT reduce       360    nm ::= STRING
                     {default} reduce       184    term ::= STRING

State 584:
     (19) create_table_args ::= LP columnlist conslist_opt RP table_option_set *
          table_option_set ::= table_option_set * COMMA table_option

                         COMMA shift        184    
                     {default} reduce       19     create_table_args ::= LP columnlist conslist_opt RP table_option_set

State 585:
          create_table_args ::= LP columnlist conslist_opt * RP table_option_set

                            RP shift        154    

State 586:
      (9) cmd ::= ROLLBACK trans_opt *
          cmd ::= ROLLBACK trans_opt * TO savepoint_opt nm

                            TO shift        396    
                     {default} reduce       9      cmd ::= ROLLBACK trans_opt

State 587:
          ecmd ::= explain cmdx * SEMI

                          SEMI shift-reduce 349    ecmd ::= explain cmdx SEMI

State 588:
          ecmd ::= cmdx * SEMI

                          SEMI shift-reduce 348    ecmd ::= cmdx SEMI

----------------------------------------------------
Symbols:
The first-set of non-terminals is shown after the name.

    0: $:
    1: SEMI
    2: EXPLAIN
    3: QUERY
    4: PLAN
    5: BEGIN
    6: TRANSACTION
    7: DEFERRED
    8: IMMEDIATE
    9: EXCLUSIVE
   10: COMMIT
   11: END
   12: ROLLBACK
   13: SAVEPOINT
   14: RELEASE
   15: TO
   16: TABLE
   17: CREATE
   18: IF
   19: NOT (precedence=3)
   20: EXISTS
   21: TEMP
   22: LP
   23: RP
   24: AS
   25: COMMA
   26: WITHOUT
   27: ABORT
   28: ACTION
   29: AFTER
   30: ANALYZE
   31: ASC
   32: ATTACH
   33: BEFORE
   34: BY
   35: CASCADE
   36: CAST
   37: CONFLICT
   38: DATABASE
   39: DESC
   40: DETACH
   41: EACH
   42: FAIL
   43: OR (precedence=1)
   44: AND (precedence=2)
   45: IS (precedence=4)
   46: ISNOT
   47: MATCH (precedence=4)
   48: LIKE_KW (precedence=4)
   49: BETWEEN (precedence=4)
   50: IN (precedence=4)
   51: ISNULL (precedence=4)
   52: NOTNULL (precedence=4)
   53: NE (precedence=4)
   54: EQ (precedence=4)
   55: GT (precedence=5)
   56: LE (precedence=5)
   57: LT (precedence=5)
   58: GE (precedence=5)
   59: ESCAPE (precedence=6)
   60: ID
   61: COLUMNKW
   62: DO
   63: FOR
   64: IGNORE
   65: INITIALLY
   66: INSTEAD
   67: NO
   68: KEY
   69: OF
   70: OFFSET
   71: PRAGMA
   72: RAISE
   73: RECURSIVE
   74: REPLACE
   75: RESTRICT
   76: ROW
   77: ROWS
   78: TRIGGER
   79: VACUUM
   80: VIEW
   81: VIRTUAL
   82: WITH
   83: NULLS
   84: FIRST
   85: LAST
   86: CURRENT
   87: FOLLOWING
   88: PARTITION
   89: PRECEDING
   90: RANGE
   91: UNBOUNDED
   92: EXCLUDE
   93: GROUPS
   94: OTHERS
   95: TIES
   96: GENERATED
   97: ALWAYS
   98: MATERIALIZED
   99: REINDEX
  100: RENAME
  101: CTIME_KW
  102: ANY
  103: BITAND (precedence=7)
  104: BITOR (precedence=7)
  105: LSHIFT (precedence=7)
  106: RSHIFT (precedence=7)
  107: PLUS (precedence=8)
  108: MINUS (precedence=8)
  109: STAR (precedence=9)
  110: SLASH (precedence=9)
  111: REM (precedence=9)
  112: CONCAT (precedence=10)
  113: PTR (precedence=10)
  114: COLLATE (precedence=11)
  115: BITNOT (precedence=12)
  116: ON (precedence=13)
  117: INDEXED
  118: STRING
  119: JOIN_KW
  120: CONSTRAINT
  121: DEFAULT
  122: NULL
  123: PRIMARY
  124: UNIQUE
  125: CHECK
  126: REFERENCES
  127: AUTOINCR
  128: INSERT
  129: DELETE
  130: UPDATE
  131: SET
  132: DEFERRABLE
  133: FOREIGN
  134: DROP
  135: UNION
  136: ALL
  137: EXCEPT
  138: INTERSECT
  139: SELECT
  140: VALUES
  141: DISTINCT
  142: DOT
  143: FROM
  144: JOIN
  145: USING
  146: ORDER
  147: GROUP
  148: HAVING
  149: LIMIT
  150: WHERE
  151: RETURNING
  152: INTO
  153: NOTHING
  154: FLOAT
  155: BLOB
  156: INTEGER
  157: VARIABLE
  158: CASE
  159: WHEN
  160: THEN
  161: ELSE
  162: INDEX
  163: ALTER
  164: ADD
  165: WINDOW
  166: OVER
  167: FILTER
  168: COLUMN
  169: AGG_FUNCTION
  170: AGG_COLUMN
  171: TRUEFALSE
  172: FUNCTION
  173: UPLUS
  174: UMINUS
  175: TRUTH
  176: REGISTER
  177: VECTOR
  178: SELECT_COLUMN
  179: IF_NULL_ROW
  180: ASTERISK
  181: SPAN
  182: ERROR
  183: QNUMBER
  184: SPACE
  185: COMMENT
  186: ILLEGAL
  187: input: SEMI EXPLAIN BEGIN COMMIT END ROLLBACK SAVEPOINT RELEASE CREATE ANALYZE ATTACH DETACH PRAGMA REPLACE VACUUM WITH REINDEX INSERT DELETE UPDATE DROP SELECT VALUES ALTER
  188: cmdlist: SEMI EXPLAIN BEGIN COMMIT END ROLLBACK SAVEPOINT RELEASE CREATE ANALYZE ATTACH DETACH PRAGMA REPLACE VACUUM WITH REINDEX INSERT DELETE UPDATE DROP SELECT VALUES ALTER
  189: ecmd: SEMI EXPLAIN BEGIN COMMIT END ROLLBACK SAVEPOINT RELEASE CREATE ANALYZE ATTACH DETACH PRAGMA REPLACE VACUUM WITH REINDEX INSERT DELETE UPDATE DROP SELECT VALUES ALTER
  190: cmdx: BEGIN COMMIT END ROLLBACK SAVEPOINT RELEASE CREATE ANALYZE ATTACH DETACH PRAGMA REPLACE VACUUM WITH REINDEX INSERT DELETE UPDATE DROP SELECT VALUES ALTER
  191: explain: EXPLAIN
  192: cmd: BEGIN COMMIT END ROLLBACK SAVEPOINT RELEASE CREATE ANALYZE ATTACH DETACH PRAGMA REPLACE VACUUM WITH REINDEX INSERT DELETE UPDATE DROP SELECT VALUES ALTER
  193: transtype: <lambda> DEFERRED IMMEDIATE EXCLUSIVE
  194: trans_opt: <lambda> TRANSACTION
  195: nm: ID INDEXED STRING JOIN_KW
  196: savepoint_opt: <lambda> SAVEPOINT
  197: create_table: CREATE
  198: create_table_args: LP AS
  199: createkw: CREATE
  200: temp: <lambda> TEMP
  201: ifnotexists: <lambda> IF
  202: dbnm: <lambda> DOT
  203: columnlist: ID INDEXED STRING JOIN_KW
  204: conslist_opt: <lambda> COMMA
  205: table_option_set: <lambda> COMMA WITHOUT ID INDEXED STRING JOIN_KW
  206: select: WITH SELECT VALUES
  207: table_option: WITHOUT ID INDEXED STRING JOIN_KW
  208: columnname: ID INDEXED STRING JOIN_KW
  209: carglist: <lambda> NOT AS GENERATED COLLATE CONSTRAINT DEFAULT NULL PRIMARY UNIQUE CHECK REFERENCES DEFERRABLE
  210: typetoken: <lambda> ID STRING
  211: typename: ID STRING
  212: signed: PLUS MINUS FLOAT INTEGER
  213: plus_num: PLUS FLOAT INTEGER
  214: minus_num: MINUS
  215: scanpt: <lambda>
  216: scantok: <lambda>
  217: ccons: NOT AS GENERATED COLLATE CONSTRAINT DEFAULT NULL PRIMARY UNIQUE CHECK REFERENCES DEFERRABLE
  218: term: CTIME_KW STRING NULL FLOAT BLOB INTEGER QNUMBER
  219: expr: NOT EXISTS LP CAST ID RAISE CTIME_KW PLUS MINUS BITNOT INDEXED STRING JOIN_KW NULL FLOAT BLOB INTEGER VARIABLE CASE QNUMBER
  220: onconf: <lambda> ON
  221: sortorder: <lambda> ASC DESC
  222: autoinc: <lambda> AUTOINCR
  223: eidlist_opt: <lambda> LP
  224: refargs: <lambda> MATCH ON
  225: defer_subclause: NOT DEFERRABLE
  226: generated: LP
  227: refarg: MATCH ON
  228: refact: CASCADE NO RESTRICT SET
  229: init_deferred_pred_opt: <lambda> INITIALLY
  230: conslist: CONSTRAINT PRIMARY UNIQUE CHECK FOREIGN
  231: tconscomma: <lambda> COMMA
  232: tcons: CONSTRAINT PRIMARY UNIQUE CHECK FOREIGN
  233: sortlist: NOT EXISTS LP CAST ID RAISE CTIME_KW PLUS MINUS BITNOT INDEXED STRING JOIN_KW NULL FLOAT BLOB INTEGER VARIABLE CASE QNUMBER
  234: eidlist: ID INDEXED STRING JOIN_KW
  235: defer_subclause_opt: <lambda> NOT DEFERRABLE
  236: orconf: <lambda> OR
  237: resolvetype: ROLLBACK ABORT FAIL IGNORE REPLACE
  238: raisetype: ROLLBACK ABORT FAIL
  239: ifexists: <lambda> IF
  240: fullname: ID INDEXED STRING JOIN_KW
  241: selectnowith: SELECT VALUES
  242: oneselect: SELECT VALUES
  243: wqlist: ID INDEXED STRING JOIN_KW
  244: multiselect_op: UNION EXCEPT INTERSECT
  245: distinct: <lambda> ALL DISTINCT
  246: selcollist: NOT EXISTS LP CAST ID RAISE CTIME_KW PLUS MINUS STAR BITNOT INDEXED STRING JOIN_KW NULL FLOAT BLOB INTEGER VARIABLE CASE QNUMBER
  247: from: <lambda> FROM
  248: where_opt: <lambda> WHERE
  249: groupby_opt: <lambda> GROUP
  250: having_opt: <lambda> HAVING
  251: orderby_opt: <lambda> ORDER
  252: limit_opt: <lambda> LIMIT
  253: window_clause: WINDOW
  254: values: VALUES
  255: nexprlist: NOT EXISTS LP CAST ID RAISE CTIME_KW PLUS MINUS BITNOT INDEXED STRING JOIN_KW NULL FLOAT BLOB INTEGER VARIABLE CASE QNUMBER
  256: mvalues: VALUES
  257: sclp: <lambda> NOT EXISTS LP CAST ID RAISE CTIME_KW PLUS MINUS STAR BITNOT INDEXED STRING JOIN_KW NULL FLOAT BLOB INTEGER VARIABLE CASE QNUMBER
  258: as: <lambda> AS ID STRING
  259: seltablist: LP ID INDEXED STRING JOIN_KW
  260: stl_prefix: <lambda> LP ID INDEXED STRING JOIN_KW
  261: joinop: COMMA JOIN_KW JOIN
  262: on_using: <lambda> ON USING
  263: indexed_by: NOT INDEXED
  264: exprlist: <lambda> NOT EXISTS LP CAST ID RAISE CTIME_KW PLUS MINUS BITNOT INDEXED STRING JOIN_KW NULL FLOAT BLOB INTEGER VARIABLE CASE QNUMBER
  265: xfullname: ID INDEXED STRING JOIN_KW
  266: idlist: ID INDEXED STRING JOIN_KW
  267: indexed_opt: <lambda> NOT INDEXED
  268: nulls: <lambda> NULLS
  269: with: <lambda> WITH
  270: where_opt_ret: <lambda> WHERE RETURNING
  271: setlist: LP ID INDEXED STRING JOIN_KW
  272: insert_cmd: REPLACE INSERT
  273: idlist_opt: <lambda> LP
  274: upsert: <lambda> ON RETURNING
  275: returning: <lambda> RETURNING
  276: filter_over: OVER FILTER
  277: likeop: NOT MATCH LIKE_KW
  278: between_op: NOT BETWEEN
  279: in_op: NOT IN
  280: paren_exprlist: <lambda> LP
  281: case_operand: <lambda> NOT EXISTS LP CAST ID RAISE CTIME_KW PLUS MINUS BITNOT INDEXED STRING JOIN_KW NULL FLOAT BLOB INTEGER VARIABLE CASE QNUMBER
  282: case_exprlist: WHEN
  283: case_else: <lambda> ELSE
  284: uniqueflag: <lambda> UNIQUE
  285: collate: <lambda> COLLATE
  286: vinto: <lambda> INTO
  287: nmnum: ID PLUS ON INDEXED STRING JOIN_KW DEFAULT DELETE FLOAT INTEGER
  288: trigger_decl: TEMP TRIGGER
  289: trigger_cmd_list: REPLACE WITH INSERT DELETE UPDATE SELECT VALUES
  290: trigger_time: <lambda> AFTER BEFORE INSTEAD
  291: trigger_event: INSERT DELETE UPDATE
  292: foreach_clause: <lambda> FOR
  293: when_clause: <lambda> WHEN
  294: trigger_cmd: REPLACE WITH INSERT DELETE UPDATE SELECT VALUES
  295: trnm: ID INDEXED STRING JOIN_KW
  296: tridxby: <lambda> NOT INDEXED
  297: database_kw_opt: <lambda> DATABASE
  298: key_opt: <lambda> KEY
  299: add_column_fullname: ID INDEXED STRING JOIN_KW
  300: kwcolumn_opt: <lambda> COLUMNKW
  301: create_vtab: CREATE
  302: vtabarglist: <lambda> LP COMMA ANY
  303: vtabarg: <lambda> LP ANY
  304: vtabargtoken: LP ANY
  305: lp: LP
  306: anylist: <lambda> LP ANY
  307: wqitem: ID INDEXED STRING JOIN_KW
  308: wqas: AS
  309: withnm: ID INDEXED STRING JOIN_KW
  310: windowdefn_list: ID INDEXED STRING JOIN_KW
  311: windowdefn: ID INDEXED STRING JOIN_KW
  312: window: <lambda> ID ROWS PARTITION RANGE GROUPS INDEXED STRING JOIN_KW ORDER
  313: frame_opt: <lambda> ROWS RANGE GROUPS
  314: part_opt:
  315: filter_clause: FILTER
  316: over_clause: OVER
  317: range_or_rows: ROWS RANGE GROUPS
  318: frame_bound: NOT EXISTS LP CAST ID RAISE CURRENT CTIME_KW PLUS MINUS BITNOT INDEXED STRING JOIN_KW NULL FLOAT BLOB INTEGER VARIABLE CASE QNUMBER
  319: frame_bound_s: NOT EXISTS LP CAST ID RAISE CURRENT UNBOUNDED CTIME_KW PLUS MINUS BITNOT INDEXED STRING JOIN_KW NULL FLOAT BLOB INTEGER VARIABLE CASE QNUMBER
  320: frame_bound_e: NOT EXISTS LP CAST ID RAISE CURRENT UNBOUNDED CTIME_KW PLUS MINUS BITNOT INDEXED STRING JOIN_KW NULL FLOAT BLOB INTEGER VARIABLE CASE QNUMBER
  321: frame_exclude_opt: <lambda> EXCLUDE
  322: frame_exclude: NO CURRENT TIES GROUP
----------------------------------------------------
Syntax-only Symbols:
The following symbols never carry semantic content.

$ SEMI EXPLAIN QUERY PLAN BEGIN TRANSACTION COMMIT SAVEPOINT RELEASE TO
TABLE IF EXISTS TEMP AS WITHOUT ABORT ACTION AFTER ANALYZE ASC ATTACH BEFORE
BY CASCADE CAST CONFLICT DATABASE DESC DETACH EACH FAIL AND IS ISNOT MATCH
LIKE_KW BETWEEN IN ISNULL NOTNULL NE EQ GT LE LT GE ESCAPE COLUMNKW DO FOR
IGNORE INITIALLY INSTEAD KEY OF OFFSET PRAGMA RAISE RECURSIVE REPLACE
RESTRICT ROW ROWS TRIGGER VACUUM VIEW VIRTUAL WITH NULLS FIRST LAST
FOLLOWING PARTITION PRECEDING RANGE EXCLUDE GROUPS OTHERS TIES GENERATED
ALWAYS MATERIALIZED REINDEX RENAME BITAND BITOR LSHIFT RSHIFT SLASH REM
COLLATE INDEXED CONSTRAINT NULL PRIMARY UNIQUE CHECK REFERENCES AUTOINCR
INSERT SET DEFERRABLE FOREIGN DROP ALL EXCEPT INTERSECT SELECT VALUES
DISTINCT DOT FROM JOIN USING ORDER GROUP HAVING LIMIT WHERE RETURNING INTO
NOTHING FLOAT BLOB CASE WHEN THEN ELSE INDEX ALTER ADD WINDOW OVER FILTER
COLUMN AGG_FUNCTION AGG_COLUMN TRUEFALSE FUNCTION UPLUS UMINUS TRUTH
REGISTER VECTOR SELECT_COLUMN IF_NULL_ROW ASTERISK SPAN ERROR SPACE COMMENT
ILLEGAL input cmdlist ecmd cmdx explain cmd trans_opt savepoint_opt
create_table create_table_args columnlist carglist signed ccons generated
conslist tconscomma tcons with returning foreach_clause tridxby
database_kw_opt add_column_fullname kwcolumn_opt create_vtab vtabarglist
vtabarg vtabargtoken lp anylist part_opt
----------------------------------------------------
Rules:
   0: explain ::= EXPLAIN.
   1: explain ::= EXPLAIN QUERY PLAN.
   2: cmdx ::= cmd.
   3: cmd ::= BEGIN transtype trans_opt.
   4: transtype ::=.
   5: transtype ::= DEFERRED.
   6: transtype ::= IMMEDIATE.
   7: transtype ::= EXCLUSIVE.
   8: cmd ::= COMMIT|END trans_opt.
   9: cmd ::= ROLLBACK trans_opt.
  10: cmd ::= SAVEPOINT nm.
  11: cmd ::= RELEASE savepoint_opt nm.
  12: cmd ::= ROLLBACK trans_opt TO savepoint_opt nm.
  13: create_table ::= createkw temp TABLE ifnotexists nm dbnm.
  14: createkw ::= CREATE.
  15: ifnotexists ::=.
  16: ifnotexists ::= IF NOT EXISTS. [NOT precedence=3]
  17: temp ::= TEMP.
  18: temp ::=.
  19: create_table_args ::= LP columnlist conslist_opt RP table_option_set.
  20: create_table_args ::= AS select.
  21: table_option_set ::=.
  22: table_option_set ::= table_option_set COMMA table_option.
  23: table_option ::= WITHOUT nm.
  24: table_option ::= nm.
  25: columnname ::= nm typetoken.
  26: typetoken ::=.
  27: typetoken ::= typename LP signed RP.
  28: typetoken ::= typename LP signed COMMA signed RP.
  29: typename ::= typename ID|STRING.
  30: scanpt ::=.
  31: scantok ::=.
  32: ccons ::= CONSTRAINT nm.
  33: ccons ::= DEFAULT scantok term.
  34: ccons ::= DEFAULT LP expr RP.
  35: ccons ::= DEFAULT PLUS scantok term. [PLUS precedence=8]
  36: ccons ::= DEFAULT MINUS scantok term. [MINUS precedence=8]
  37: ccons ::= DEFAULT scantok ID|INDEXED.
  38: ccons ::= NOT NULL onconf. [NOT precedence=3]
  39: ccons ::= PRIMARY KEY sortorder onconf autoinc.
  40: ccons ::= UNIQUE onconf.
  41: ccons ::= CHECK LP expr RP.
  42: ccons ::= REFERENCES nm eidlist_opt refargs.
  43: ccons ::= defer_subclause.
  44: ccons ::= COLLATE ID|STRING. [COLLATE precedence=11]
  45: generated ::= LP expr RP.
  46: generated ::= LP expr RP ID.
  47: autoinc ::=.
  48: autoinc ::= AUTOINCR.
  49: refargs ::=.
  50: refargs ::= refargs refarg.
  51: refarg ::= MATCH nm. [MATCH precedence=4]
  52: refarg ::= ON INSERT refact. [ON precedence=13]
  53: refarg ::= ON DELETE refact. [ON precedence=13]
  54: refarg ::= ON UPDATE refact. [ON precedence=13]
  55: refact ::= SET NULL.
  56: refact ::= SET DEFAULT.
  57: refact ::= CASCADE.
  58: refact ::= RESTRICT.
  59: refact ::= NO ACTION.
  60: defer_subclause ::= NOT DEFERRABLE init_deferred_pred_opt. [NOT precedence=3]
  61: defer_subclause ::= DEFERRABLE init_deferred_pred_opt.
  62: init_deferred_pred_opt ::=.
  63: init_deferred_pred_opt ::= INITIALLY DEFERRED.
  64: init_deferred_pred_opt ::= INITIALLY IMMEDIATE.
  65: conslist_opt ::=.
  66: tconscomma ::= COMMA.
  67: tcons ::= CONSTRAINT nm.
  68: tcons ::= PRIMARY KEY LP sortlist autoinc RP onconf.
  69: tcons ::= UNIQUE LP sortlist RP onconf.
  70: tcons ::= CHECK LP expr RP onconf.
  71: tcons ::= FOREIGN KEY LP eidlist RP REFERENCES nm eidlist_opt refargs defer_subclause_opt.
  72: defer_subclause_opt ::=.
  73: onconf ::=.
  74: onconf ::= ON CONFLICT resolvetype. [ON precedence=13]
  75: orconf ::=.
  76: orconf ::= OR resolvetype. [OR precedence=1]
  77: resolvetype ::= IGNORE.
  78: resolvetype ::= REPLACE.
  79: cmd ::= DROP TABLE ifexists fullname.
  80: ifexists ::= IF EXISTS.
  81: ifexists ::=.
  82: cmd ::= createkw temp VIEW ifnotexists nm dbnm eidlist_opt AS select.
  83: cmd ::= DROP VIEW ifexists fullname.
  84: cmd ::= select.
  85: select ::= WITH wqlist selectnowith.
  86: select ::= WITH RECURSIVE wqlist selectnowith.
  87: select ::= selectnowith.
  88: selectnowith ::= selectnowith multiselect_op oneselect.
  89: multiselect_op ::= UNION.
  90: multiselect_op ::= UNION ALL.
  91: multiselect_op ::= EXCEPT|INTERSECT.
  92: oneselect ::= SELECT distinct selcollist from where_opt groupby_opt having_opt orderby_opt limit_opt.
  93: oneselect ::= SELECT distinct selcollist from where_opt groupby_opt having_opt window_clause orderby_opt limit_opt.
  94: values ::= VALUES LP nexprlist RP.
  95: oneselect ::= mvalues.
  96: mvalues ::= values COMMA LP nexprlist RP.
  97: mvalues ::= mvalues COMMA LP nexprlist RP.
  98: distinct ::= DISTINCT.
  99: distinct ::= ALL.
 100: distinct ::=.
 101: sclp ::=.
 102: selcollist ::= sclp scanpt expr scanpt as.
 103: selcollist ::= sclp scanpt STAR. [STAR precedence=9]
 104: selcollist ::= sclp scanpt nm DOT STAR. [STAR precedence=9]
 105: as ::= AS nm.
 106: as ::=.
 107: from ::=.
 108: from ::= FROM seltablist.
 109: stl_prefix ::= seltablist joinop.
 110: stl_prefix ::=.
 111: seltablist ::= stl_prefix nm dbnm as on_using.
 112: seltablist ::= stl_prefix nm dbnm as indexed_by on_using.
 113: seltablist ::= stl_prefix nm dbnm LP exprlist RP as on_using.
 114: seltablist ::= stl_prefix LP select RP as on_using.
 115: seltablist ::= stl_prefix LP seltablist RP as on_using.
 116: dbnm ::=.
 117: dbnm ::= DOT nm.
 118: fullname ::= nm.
 119: fullname ::= nm DOT nm.
 120: xfullname ::= nm.
 121: xfullname ::= nm DOT nm.
 122: xfullname ::= nm DOT nm AS nm.
 123: xfullname ::= nm AS nm.
 124: joinop ::= COMMA|JOIN.
 125: joinop ::= JOIN_KW JOIN.
 126: joinop ::= JOIN_KW nm JOIN.
 127: joinop ::= JOIN_KW nm nm JOIN.
 128: on_using ::= ON expr. [ON precedence=13]
 129: on_using ::= USING LP idlist RP.
 130: on_using ::=. [OR precedence=1]
 131: indexed_opt ::=.
 132: indexed_by ::= INDEXED BY nm.
 133: indexed_by ::= NOT INDEXED. [NOT precedence=3]
 134: orderby_opt ::=.
 135: orderby_opt ::= ORDER BY sortlist.
 136: sortlist ::= sortlist COMMA expr sortorder nulls.
 137: sortlist ::= expr sortorder nulls.
 138: sortorder ::= ASC.
 139: sortorder ::= DESC.
 140: sortorder ::=.
 141: nulls ::= NULLS FIRST.
 142: nulls ::= NULLS LAST.
 143: nulls ::=.
 144: groupby_opt ::=.
 145: groupby_opt ::= GROUP BY nexprlist.
 146: having_opt ::=.
 147: having_opt ::= HAVING expr.
 148: limit_opt ::=.
 149: limit_opt ::= LIMIT expr.
 150: limit_opt ::= LIMIT expr OFFSET expr.
 151: limit_opt ::= LIMIT expr COMMA expr.
 152: cmd ::= with DELETE FROM xfullname indexed_opt where_opt_ret.
 153: where_opt ::=.
 154: where_opt ::= WHERE expr.
 155: where_opt_ret ::=.
 156: where_opt_ret ::= WHERE expr.
 157: where_opt_ret ::= RETURNING selcollist.
 158: where_opt_ret ::= WHERE expr RETURNING selcollist.
 159: cmd ::= with UPDATE orconf xfullname indexed_opt SET setlist from where_opt_ret.
 160: setlist ::= setlist COMMA nm EQ expr. [EQ precedence=4]
 161: setlist ::= setlist COMMA LP idlist RP EQ expr. [EQ precedence=4]
 162: setlist ::= nm EQ expr. [EQ precedence=4]
 163: setlist ::= LP idlist RP EQ expr. [EQ precedence=4]
 164: cmd ::= with insert_cmd INTO xfullname idlist_opt select upsert.
 165: cmd ::= insert_cmd INTO xfullname idlist_opt VALUES LP exprlist RP SEMI.
 166: upsert ::=.
 167: upsert ::= RETURNING selcollist.
 168: upsert ::= ON CONFLICT LP sortlist RP where_opt DO UPDATE SET setlist where_opt upsert. [ON precedence=13]
 169: upsert ::= ON CONFLICT LP sortlist RP where_opt DO NOTHING upsert. [ON precedence=13]
 170: upsert ::= ON CONFLICT DO NOTHING returning. [ON precedence=13]
 171: upsert ::= ON CONFLICT DO UPDATE SET setlist where_opt returning. [ON precedence=13]
 172: returning ::= RETURNING selcollist.
 173: insert_cmd ::= INSERT orconf.
 174: insert_cmd ::= REPLACE.
 175: idlist_opt ::=.
 176: idlist_opt ::= LP idlist RP.
 177: idlist ::= idlist COMMA nm.
 178: idlist ::= nm.
 179: expr ::= LP expr RP.
 180: expr ::= ID|INDEXED|JOIN_KW.
 181: expr ::= nm DOT nm.
 182: expr ::= nm DOT nm DOT nm.
 183: term ::= NULL|FLOAT|BLOB.
 184: term ::= STRING.
 185: term ::= INTEGER.
 186: expr ::= VARIABLE.
 187: expr ::= expr COLLATE ID|STRING. [COLLATE precedence=11]
 188: expr ::= CAST LP expr AS typetoken RP.
 189: expr ::= ID|INDEXED|JOIN_KW LP distinct exprlist RP.
 190: expr ::= ID|INDEXED|JOIN_KW LP distinct exprlist ORDER BY sortlist RP.
 191: expr ::= ID|INDEXED|JOIN_KW LP STAR RP. [STAR precedence=9]
 192: expr ::= ID|INDEXED|JOIN_KW LP distinct exprlist RP filter_over.
 193: expr ::= ID|INDEXED|JOIN_KW LP distinct exprlist ORDER BY sortlist RP filter_over.
 194: expr ::= ID|INDEXED|JOIN_KW LP STAR RP filter_over. [STAR precedence=9]
 195: term ::= CTIME_KW.
 196: expr ::= LP nexprlist COMMA expr RP.
 197: expr ::= expr AND expr. [AND precedence=2]
 198: expr ::= expr OR expr. [OR precedence=1]
 199: expr ::= expr LT|GT|GE|LE expr. [LT precedence=5]
 200: expr ::= expr EQ|NE expr. [EQ precedence=4]
 201: expr ::= expr BITAND|BITOR|LSHIFT|RSHIFT expr. [BITAND precedence=7]
 202: expr ::= expr PLUS|MINUS expr. [PLUS precedence=8]
 203: expr ::= expr STAR|SLASH|REM expr. [STAR precedence=9]
 204: expr ::= expr CONCAT expr. [CONCAT precedence=10]
 205: likeop ::= NOT LIKE_KW|MATCH. [NOT precedence=3]
 206: expr ::= expr likeop expr. [LIKE_KW precedence=4]
 207: expr ::= expr likeop expr ESCAPE expr. [LIKE_KW precedence=4]
 208: expr ::= expr ISNULL|NOTNULL. [ISNULL precedence=4]
 209: expr ::= expr NOT NULL. [NOT precedence=3]
 210: expr ::= expr IS expr. [IS precedence=4]
 211: expr ::= expr IS NOT expr. [IS precedence=4]
 212: expr ::= expr IS NOT DISTINCT FROM expr. [IS precedence=4]
 213: expr ::= expr IS DISTINCT FROM expr. [IS precedence=4]
 214: expr ::= NOT expr. [NOT precedence=3]
 215: expr ::= BITNOT expr. [BITNOT precedence=12]
 216: expr ::= PLUS|MINUS expr. [BITNOT precedence=12]
 217: expr ::= expr PTR expr. [PTR precedence=10]
 218: between_op ::= BETWEEN. [BETWEEN precedence=4]
 219: between_op ::= NOT BETWEEN. [NOT precedence=3]
 220: expr ::= expr between_op expr AND expr. [BETWEEN precedence=4]
 221: in_op ::= IN. [IN precedence=4]
 222: in_op ::= NOT IN. [NOT precedence=3]
 223: expr ::= expr in_op LP exprlist RP. [IN precedence=4]
 224: expr ::= LP select RP.
 225: expr ::= expr in_op LP select RP. [IN precedence=4]
 226: expr ::= expr in_op nm dbnm paren_exprlist. [IN precedence=4]
 227: expr ::= EXISTS LP select RP.
 228: expr ::= CASE case_operand case_exprlist case_else END.
 229: case_exprlist ::= case_exprlist WHEN expr THEN expr.
 230: case_exprlist ::= WHEN expr THEN expr.
 231: case_else ::= ELSE expr.
 232: case_else ::=.
 233: case_operand ::=.
 234: exprlist ::=.
 235: nexprlist ::= nexprlist COMMA expr.
 236: nexprlist ::= expr.
 237: paren_exprlist ::=.
 238: paren_exprlist ::= LP exprlist RP.
 239: cmd ::= createkw uniqueflag INDEX ifnotexists nm dbnm ON nm LP sortlist RP where_opt. [ON precedence=13]
 240: uniqueflag ::= UNIQUE.
 241: uniqueflag ::=.
 242: eidlist_opt ::=.
 243: eidlist_opt ::= LP eidlist RP.
 244: eidlist ::= eidlist COMMA nm collate sortorder.
 245: eidlist ::= nm collate sortorder.
 246: collate ::=.
 247: collate ::= COLLATE ID|STRING. [COLLATE precedence=11]
 248: cmd ::= DROP INDEX ifexists fullname.
 249: cmd ::= VACUUM vinto.
 250: cmd ::= VACUUM nm vinto.
 251: vinto ::= INTO expr.
 252: vinto ::=.
 253: cmd ::= PRAGMA nm dbnm.
 254: cmd ::= PRAGMA nm dbnm EQ nmnum. [EQ precedence=4]
 255: cmd ::= PRAGMA nm dbnm LP nmnum RP.
 256: cmd ::= PRAGMA nm dbnm EQ minus_num. [EQ precedence=4]
 257: cmd ::= PRAGMA nm dbnm LP minus_num RP.
 258: plus_num ::= PLUS INTEGER|FLOAT. [PLUS precedence=8]
 259: minus_num ::= MINUS INTEGER|FLOAT. [MINUS precedence=8]
 260: cmd ::= createkw trigger_decl BEGIN trigger_cmd_list END.
 261: trigger_decl ::= temp TRIGGER ifnotexists nm dbnm trigger_time trigger_event ON fullname foreach_clause when_clause. [ON precedence=13]
 262: trigger_time ::= BEFORE|AFTER.
 263: trigger_time ::= INSTEAD OF.
 264: trigger_time ::=.
 265: trigger_event ::= DELETE|INSERT.
 266: trigger_event ::= UPDATE.
 267: trigger_event ::= UPDATE OF idlist.
 268: when_clause ::=.
 269: when_clause ::= WHEN expr.
 270: trigger_cmd_list ::= trigger_cmd_list trigger_cmd SEMI.
 271: trigger_cmd_list ::= trigger_cmd SEMI.
 272: trnm ::= nm DOT nm.
 273: tridxby ::= INDEXED BY nm.
 274: tridxby ::= NOT INDEXED. [NOT precedence=3]
 275: trigger_cmd ::= UPDATE orconf trnm tridxby SET setlist from where_opt scanpt.
 276: trigger_cmd ::= scanpt insert_cmd INTO trnm idlist_opt select upsert scanpt.
 277: trigger_cmd ::= DELETE FROM trnm tridxby where_opt scanpt.
 278: trigger_cmd ::= scanpt select scanpt.
 279: expr ::= RAISE LP IGNORE RP.
 280: expr ::= RAISE LP raisetype COMMA expr RP.
 281: raisetype ::= ROLLBACK.
 282: raisetype ::= ABORT.
 283: raisetype ::= FAIL.
 284: cmd ::= DROP TRIGGER ifexists fullname.
 285: cmd ::= ATTACH database_kw_opt expr AS expr key_opt.
 286: cmd ::= DETACH database_kw_opt expr.
 287: key_opt ::=.
 288: key_opt ::= KEY expr.
 289: cmd ::= REINDEX.
 290: cmd ::= REINDEX nm dbnm.
 291: cmd ::= ANALYZE.
 292: cmd ::= ANALYZE nm dbnm.
 293: cmd ::= ALTER TABLE fullname RENAME TO nm.
 294: cmd ::= ALTER TABLE add_column_fullname ADD kwcolumn_opt columnname carglist.
 295: cmd ::= ALTER TABLE fullname DROP kwcolumn_opt nm.
 296: add_column_fullname ::= fullname.
 297: cmd ::= ALTER TABLE fullname RENAME kwcolumn_opt nm TO nm.
 298: cmd ::= create_vtab.
 299: cmd ::= create_vtab LP vtabarglist RP.
 300: create_vtab ::= createkw VIRTUAL TABLE ifnotexists nm dbnm USING nm.
 301: vtabarg ::=.
 302: vtabargtoken ::= ANY.
 303: vtabargtoken ::= lp anylist RP.
 304: lp ::= LP.
 305: with ::= WITH wqlist.
 306: with ::= WITH RECURSIVE wqlist.
 307: wqas ::= AS.
 308: wqas ::= AS MATERIALIZED.
 309: wqas ::= AS NOT MATERIALIZED. [NOT precedence=3]
 310: wqitem ::= withnm eidlist_opt wqas LP select RP.
 311: withnm ::= nm.
 312: wqlist ::= wqitem.
 313: wqlist ::= wqlist COMMA wqitem.
 314: windowdefn_list ::= windowdefn_list COMMA windowdefn.
 315: windowdefn ::= nm AS LP window RP.
 316: window ::= PARTITION BY nexprlist orderby_opt frame_opt.
 317: window ::= nm PARTITION BY nexprlist orderby_opt frame_opt.
 318: window ::= ORDER BY sortlist frame_opt.
 319: window ::= nm ORDER BY sortlist frame_opt.
 320: window ::= nm frame_opt.
 321: frame_opt ::=.
 322: frame_opt ::= range_or_rows frame_bound_s frame_exclude_opt.
 323: frame_opt ::= range_or_rows BETWEEN frame_bound_s AND frame_bound_e frame_exclude_opt. [BETWEEN precedence=4]
 324: range_or_rows ::= RANGE|ROWS|GROUPS.
 325: frame_bound_s ::= frame_bound.
 326: frame_bound_s ::= UNBOUNDED PRECEDING.
 327: frame_bound_e ::= frame_bound.
 328: frame_bound_e ::= UNBOUNDED FOLLOWING.
 329: frame_bound ::= expr PRECEDING|FOLLOWING.
 330: frame_bound ::= CURRENT ROW.
 331: frame_exclude_opt ::=.
 332: frame_exclude_opt ::= EXCLUDE frame_exclude.
 333: frame_exclude ::= NO OTHERS.
 334: frame_exclude ::= CURRENT ROW.
 335: frame_exclude ::= GROUP|TIES.
 336: window_clause ::= WINDOW windowdefn_list.
 337: filter_over ::= filter_clause over_clause.
 338: filter_over ::= over_clause.
 339: filter_over ::= filter_clause.
 340: over_clause ::= OVER LP window RP.
 341: over_clause ::= OVER nm.
 342: filter_clause ::= FILTER LP WHERE expr RP.
 343: term ::= QNUMBER.
 344: input ::= cmdlist.
 345: cmdlist ::= cmdlist ecmd.
 346: cmdlist ::= ecmd.
 347: ecmd ::= SEMI.
 348: ecmd ::= cmdx SEMI.
 349: ecmd ::= explain cmdx SEMI.
 350: trans_opt ::=.
 351: trans_opt ::= TRANSACTION.
 352: trans_opt ::= TRANSACTION nm.
 353: savepoint_opt ::= SAVEPOINT.
 354: savepoint_opt ::=.
 355: cmd ::= create_table create_table_args.
 356: table_option_set ::= table_option.
 357: columnlist ::= columnlist COMMA columnname carglist.
 358: columnlist ::= columnname carglist.
 359: nm ::= ID|INDEXED|JOIN_KW.
 360: nm ::= STRING.
 361: typetoken ::= typename.
 362: typename ::= ID|STRING.
 363: signed ::= plus_num.
 364: signed ::= minus_num.
 365: carglist ::= carglist ccons.
 366: carglist ::=.
 367: ccons ::= NULL onconf.
 368: ccons ::= GENERATED ALWAYS AS generated.
 369: ccons ::= AS generated.
 370: conslist_opt ::= COMMA conslist.
 371: conslist ::= conslist tconscomma tcons.
 372: conslist ::= tcons.
 373: tconscomma ::=.
 374: defer_subclause_opt ::= defer_subclause.
 375: resolvetype ::= raisetype.
 376: selectnowith ::= oneselect.
 377: oneselect ::= values.
 378: sclp ::= selcollist COMMA.
 379: as ::= ID|STRING.
 380: indexed_opt ::= indexed_by.
 381: returning ::=.
 382: expr ::= term.
 383: likeop ::= LIKE_KW|MATCH. [LIKE_KW precedence=4]
 384: case_operand ::= expr.
 385: exprlist ::= nexprlist.
 386: nmnum ::= plus_num.
 387: nmnum ::= nm.
 388: nmnum ::= ON. [ON precedence=13]
 389: nmnum ::= DELETE.
 390: nmnum ::= DEFAULT.
 391: plus_num ::= INTEGER|FLOAT.
 392: foreach_clause ::=.
 393: foreach_clause ::= FOR EACH ROW.
 394: trnm ::= nm.
 395: tridxby ::=.
 396: database_kw_opt ::= DATABASE.
 397: database_kw_opt ::=.
 398: kwcolumn_opt ::=.
 399: kwcolumn_opt ::= COLUMNKW.
 400: vtabarglist ::= vtabarg.
 401: vtabarglist ::= vtabarglist COMMA vtabarg.
 402: vtabarg ::= vtabarg vtabargtoken.
 403: anylist ::=.
 404: anylist ::= anylist LP anylist RP.
 405: anylist ::= anylist ANY.
 406: with ::=.
 407: windowdefn_list ::= windowdefn.
 408: window ::= frame_opt.
